closure,open_day,kind,market,sign,pm_close,pm_open,dpm_pp,dpm_o_pp,dpm_early_o_pp,gap_bp,ret30_bp,resid_bp,gap_qqq_bp,reason,news,event,name,family,news_et,precision
2024-04-01,2024-04-02,overnight,election,1,48.5,48.5,0.0,0.0,0.0,-76.2130902684699,-12.34949058351309,-38.63527150408386,-110.33955819231944,,False,,,,,
2024-04-02,2024-04-03,overnight,election,1,48.5,48.5,0.0,0.0,0.0,-21.77893418136234,12.941358263152125,-18.893387314440346,-47.838211621737955,,False,,,,,
2024-04-03,2024-04-04,overnight,election,1,47.5,46.5,-1.0,-1.0,-1.0,80.0985828712264,-12.988997555011261,40.85233702219027,96.59322263946058,,False,,,,,
2024-04-04,2024-04-05,overnight,election,1,46.5,46.5,0.0,0.0,0.0,27.873613628834892,28.379271469112233,-5.245468498047412,35.382777318260224,,False,,,,,
2024-04-05,2024-04-08,weekend,election,1,46.5,46.5,0.0,0.0,0.0,14.467592592593004,-6.163921795241389,7.710843373494036,20.430864225557954,,False,,,,,
2024-04-08,2024-04-09,overnight,election,1,46.5,46.5,0.0,0.0,0.0,35.28254959801025,-31.123919308357895,20.020790821235757,53.10698561118432,,False,,,,,
2024-04-09,2024-04-10,overnight,election,1,46.5,45.5,-1.0,-1.0,-1.0,-111.88353328583145,9.83485237983972,-129.18108419838538,-118.93456337900732,,False,,,,,
2024-04-10,2024-04-11,overnight,election,1,45.5,45.5,0.0,0.0,0.0,29.562782013381472,-20.749301892645235,69.90822105057416,45.40580007757811,,False,,,,,
2024-04-11,2024-04-12,overnight,election,1,45.5,45.5,0.0,0.0,0.0,-71.0356143229407,18.85802049108598,-47.40528617313666,-97.87635253445725,,False,,,,,
2024-04-12,2024-04-15,weekend,election,1,45.5,45.5,0.0,0.0,0.0,84.37414353392514,-4.659018111933255,29.78971962616761,86.01610805631043,,False,,,,,
2024-04-15,2024-04-16,overnight,election,1,45.5,45.5,0.0,0.0,0.0,8.721506442022076,-9.902166594051298,-21.540224887851565,-2.088215503840418,,False,,,,,
2024-04-16,2024-04-17,overnight,election,1,44.5,44.5,0.0,0.0,0.0,50.84510119366836,-15.018278826203213,19.403251034511015,46.85905168414273,,False,,,,,
2024-04-17,2024-04-18,overnight,election,1,44.5,44.5,0.0,0.0,0.0,29.570429570429102,-15.936889915932895,-5.1768079006053735,16.204790981682038,,False,,,,,
2024-04-18,2024-04-19,overnight,election,1,44.5,42.5,-2.0,-2.0,-2.0,-0.8008328661812669,4.004485023225701,5.809876790543456,-26.927437641722783,,False,,,,,
2024-04-19,2024-04-22,weekend,election,1,42.5,43.5,1.0,1.0,1.0,55.14037568167929,-4.820922804973371,-4.818599795209932,64.39320856646668,,False,,,,,
2024-04-22,2024-04-23,overnight,election,1,43.5,43.5,0.0,0.0,0.0,43.03184356423628,25.708477818964237,23.571713943266737,45.839799450877464,,False,,,,,
2024-04-23,2024-04-24,overnight,election,1,43.5,43.5,0.0,0.0,0.0,18.194763072540976,-6.121683512317899,-5.327230037684982,71.97629016324036,,False,,,,,
2024-04-24,2024-04-25,overnight,election,1,42.5,42.5,0.0,0.0,0.0,-124.43864126456594,-19.63219680275685,-72.78657226950868,-168.60915038810597,,False,,,,,
2024-04-25,2024-04-26,overnight,election,1,42.5,42.5,0.0,0.0,0.0,57.80232003813835,29.42628616569465,-16.758675078863973,76.34667043687315,,False,,,,,
2024-04-26,2024-04-29,weekend,election,1,42.5,43.5,1.0,1.0,1.0,36.40012592476039,-9.998235605481742,5.492242207880693,48.254262846536555,,False,,,,,
2024-04-29,2024-04-30,overnight,election,1,43.5,43.5,0.0,0.0,0.0,-29.212822272326466,11.223847726915537,-20.016484163428714,-36.74261681379187,,False,,,,,
2024-04-30,2024-05-01,overnight,election,1,43.5,45.5,2.0,2.0,2.0,-13.146362839614456,-11.368622601619638,25.995840665493652,-32.50653664051973,,False,,,,,
2024-05-01,2024-05-02,overnight,election,1,45.5,45.5,0.0,0.0,0.0,77.96101949025358,-42.84439155013309,11.120157270796405,91.35128722268516,,False,,,,,
2024-05-02,2024-05-03,overnight,election,1,45.5,45.5,0.0,0.0,0.0,121.57934339234177,8.020971907034546,89.21522185378228,175.9070573630339,,False,,,,,
2024-05-03,2024-05-06,weekend,election,1,46.5,46.5,0.0,0.0,0.0,48.11359502435053,8.856447688565527,12.47295901463552,41.792964085607395,,False,,,,,
2024-05-06,2024-05-07,overnight,election,1,46.5,46.5,0.0,0.0,0.0,18.583042973285835,-7.342143906020615,17.613471402302405,8.516436722874055,,False,,,,,
2024-05-07,2024-05-08,overnight,election,1,46.5,46.5,0.0,0.0,0.0,-37.50966744006323,24.230485580096772,-23.42827269735004,-59.506234527243464,,False,,,,,
2024-05-08,2024-05-09,overnight,election,1,46.5,44.5,-2.0,-2.0,-2.0,3.673698254025304,3.9004213537441323,10.254425848892357,5.680785311761305,,False,,,,,
2024-05-09,2024-05-10,overnight,election,1,44.5,44.5,0.0,0.0,0.0,32.29961740333964,11.690078764301504,1.5333601671341235,34.23803369385414,,False,,,,,
2024-05-10,2024-05-13,weekend,election,1,44.5,46.5,2.0,2.0,1.5,33.023577298207925,-16.55312308634249,4.786429515037938,43.65923177849229,,False,,,,,
2024-05-13,2024-05-14,overnight,election,1,47.5,48.5,1.0,1.0,1.0,3.839434835193334,3.646063211220074,-0.383781398115568,-10.155721056196443,,False,,,,,
2024-05-14,2024-05-15,overnight,election,1,48.5,48.5,0.0,0.0,0.0,48.53905100422384,-3.0428085122580217,42.39796795324713,55.16066103101069,,False,,,,,
2024-05-15,2024-05-16,overnight,election,1,49.5,49.5,0.0,0.0,0.0,2.265176683782233,6.416547142749085,-9.050456293838716,-2.8707711332920383,,False,,,,,
2024-05-16,2024-05-17,overnight,election,1,49.5,50.5,1.0,1.0,1.0,2.8373623879240917,-1.229174939958444,-1.701644923426393,3.3188777767945155,,False,,,,,
2024-05-17,2024-05-20,weekend,election,1,50.5,52.5,2.0,2.0,1.0,2.6443533611630876,30.173537020601326,-13.954102317510486,4.648383026761849,,False,,,,,
2024-05-20,2024-05-21,overnight,election,1,52.5,54.50000000000001,2.000000000000007,2.000000000000007,2.000000000000007,-13.961737292932375,4.534461910519205,-16.410449872678036,-41.325947419326155,,False,,,,,
2024-05-21,2024-05-22,overnight,election,1,54.50000000000001,54.50000000000001,0.0,0.0,0.0,-12.61010313935218,9.422406482615386,5.0906896941804725,5.704256252743178,,False,,,,,
2024-05-22,2024-05-23,overnight,election,1,54.50000000000001,54.50000000000001,0.0,0.0,0.0,59.26541089426473,-56.28940258180726,-10.683560437088069,106.87324438202195,,False,,,,,
2024-05-23,2024-05-24,overnight,election,1,55.00000000000001,54.50000000000001,-0.5,-0.5,0.5,36.12510694932958,-12.276214833759624,5.307352578804991,36.37245392822619,,False,,,,,
2024-05-24,2024-05-28,holiday,election,1,54.50000000000001,56.49999999999999,1.9999999999999858,1.9999999999999858,1.9999999999999858,14.542020774315212,-17.255360476737813,0.9430047904634975,25.545293770878885,,False,,,,,
2024-05-28,2024-05-29,overnight,election,1,56.49999999999999,56.49999999999999,0.0,0.0,0.0,-79.07599977353019,9.987064373764287,-20.881582444284284,-91.3679081099894,,False,,,,,
2024-05-29,2024-05-30,overnight,election,1,56.49999999999999,56.49999999999999,0.0,0.0,0.0,-30.22181673034252,1.334553496530333,12.216538138505317,-22.56149650625261,,False,,,,,
2024-05-30,2024-05-31,overnight,election,1,56.49999999999999,53.5,-2.999999999999993,-2.999999999999993,-2.999999999999993,18.368635554790735,-8.403521839608352,19.710655235765095,5.093566603919797,,False,,,,,
2024-05-31,2024-06-03,weekend,election,1,54.50000000000001,53.5,-1.000000000000007,-1.000000000000007,-1.000000000000007,31.66777282639588,-20.793164719671296,7.945516458569557,63.09218099707748,,False,,,,,
2024-06-03,2024-06-04,overnight,election,1,53.5,55.50000000000001,2.000000000000007,2.000000000000007,2.000000000000007,-24.821418420901686,0.5698438627810276,9.506426344207952,-6.178969436168025,,False,,,,,
2024-06-04,2024-06-05,overnight,election,1,55.50000000000001,55.50000000000001,0.0,0.0,0.0,45.80297151509427,-12.999981159446117,13.583624186397358,79.89435457246508,,False,,,,,
2024-06-05,2024-06-06,overnight,election,1,55.50000000000001,54.50000000000001,-1.0,-1.0,-0.5,6.172262227626124,-11.869602601966012,2.2435777586649053,13.589594253544668,,False,,,,,
2024-06-06,2024-06-07,overnight,election,1,54.50000000000001,55.50000000000001,1.0,1.0,1.0,-18.143388885771827,7.118764756586238,-24.86027776220201,-8.847456895622052,,False,,,,,
2024-06-07,2024-06-10,weekend,election,1,55.50000000000001,55.50000000000001,0.0,0.0,0.0,-14.607835792944668,-1.6879852957707442,-8.24556800719689,-24.839622437740072,,False,,,,,
2024-06-10,2024-06-11,overnight,election,1,56.49999999999999,56.49999999999999,0.0,0.0,0.0,-29.496872958086897,-24.43499915741554,-0.7489094006840613,-27.322992190357276,,False,,,,,
2024-06-11,2024-06-12,overnight,election,1,55.50000000000001,55.50000000000001,0.0,0.0,0.0,87.91045054105994,19.54655392057303,74.0258532502569,84.1790407007803,,False,,,,,
2024-06-12,2024-06-13,overnight,election,1,56.49999999999999,56.49999999999999,0.0,0.0,0.0,33.43554882328847,-21.35689956733855,23.251951503071577,75.50512506854679,,False,,,,,
2024-06-13,2024-06-14,overnight,election,1,56.49999999999999,55.50000000000001,-0.9999999999999858,-0.9999999999999858,-0.9999999999999858,-28.02359882005834,12.01745303949009,14.441770042583624,-3.9856516540448528,,False,,,,,
2024-06-14,2024-06-17,weekend,election,1,56.49999999999999,56.49999999999999,0.0,0.0,0.0,-11.976489230371978,0.3689492325853472,-11.60840964787857,6.035426198758298,,False,,,,,
2024-06-17,2024-06-18,overnight,election,1,56.49999999999999,56.49999999999999,0.0,0.0,0.0,2.0107851201900395,6.762190218583264,2.92504570383878,-0.8246572518300077,,False,,,,,
2024-06-18,2024-06-20,holiday,election,1,56.49999999999999,56.49999999999999,0.0,0.0,0.0,17.320279312293962,3.094059405939209,-14.920192417778866,24.524452321579293,,False,,,,,
2024-06-20,2024-06-21,overnight,election,1,56.49999999999999,56.49999999999999,0.0,0.0,0.0,-46.622177529940245,-10.102865540043693,-2.2037758025417187,-3.946985749303522,,False,,,,,
2024-06-21,2024-06-24,weekend,election,1,56.49999999999999,57.49999999999999,1.0,1.0,1.0,3.85944276997785,24.341851450404572,-10.64395955295283,-39.16177144523636,,False,,,,,
2024-06-24,2024-06-25,overnight,election,1,58.5,58.5,0.0,0.0,0.0,24.693633096839473,-16.360594863875644,1.2869539638193928,45.57827435589079,,False,,,,,
2024-06-25,2024-06-26,overnight,election,1,59.5,59.5,0.0,0.0,0.0,-20.008076654794984,7.816954514521246,-23.670593416271757,-16.89753004005312,,False,,,,,
2024-06-26,2024-06-27,overnight,election,1,59.5,59.5,0.0,0.0,0.0,-2.7496700395945872,13.56876982598898,7.7071290944119575,-5.620433397863778,,False,,,,,
2024-06-27,2024-06-28,overnight,election,1,59.5,65.5,6.0,6.0,3.5,14.825661206185892,16.357189853060117,-20.97353686782988,17.442947027432876,,False,,,,,
2024-06-28,2024-07-01,weekend,election,1,61.5,62.5,1.0,1.0,1.0,28.304140859047866,-15.761596686399981,3.116635500310938,22.13036034907523,,False,,,,,
2024-07-01,2024-07-02,overnight,election,1,62.5,66.5,4.0,4.0,4.5,-30.621412985678553,26.209306602904547,13.444573365011259,-31.746690459393268,,False,,,,,
2024-07-02,2024-07-03,overnight,election,1,65.5,62.5,-3.0,-3.0,-3.0,-5.100460863070033,16.220452350141912,-7.466763795300757,-16.221432824786717,,False,,,,,
2024-07-03,2024-07-05,holiday,election,1,62.0,61.5,-0.5,-0.5,-0.5,5.621441265004634,13.773855048297978,5.440005802672676,17.310198761810724,,False,,,,,
2024-07-05,2024-07-08,weekend,election,1,60.5,60.5,0.0,0.0,0.0,13.34054443843602,10.442171971769554,9.911874425563294,6.045583701106416,,False,,,,,
2024-07-08,2024-07-09,overnight,election,1,60.5,62.5,2.0,2.0,2.0,16.566427773976322,7.37065401071435,0.17977528089963002,29.352043585773036,,False,,,,,
2024-07-09,2024-07-10,overnight,election,1,62.5,62.5,0.0,0.0,0.0,21.948367365296484,3.76972373310247,0.0,38.973823251702285,,False,,,,,
2024-07-10,2024-07-11,overnight,election,1,62.5,61.5,-1.0,-1.0,-1.0,3.2070698072206305,9.083784554004826,11.590791561906233,2.187052648321419,,False,,,,,
2024-07-11,2024-07-12,overnight,election,1,61.5,59.5,-2.0,-2.0,-2.0,21.746162970419647,22.41450424116387,6.998779699949331,12.197353174361325,,False,,,,,
2024-07-12,2024-07-15,weekend,election,1,59.5,70.5,11.0,11.0,11.0,38.04250759064098,-1.9571908972837448,3.2037020557074136,35.76913749899102,,True,e01-2024-07-13-attempt,Trump assassination attempt (Saturday evening),political,2024-07-13T18:11,exact (shots fired 18:11 ET)
2024-07-15,2024-07-16,overnight,election,1,71.5,71.5,0.0,0.0,0.0,24.48841475360286,3.8197436330200674,11.828530771966772,28.819605393095582,,False,,,,,
2024-07-16,2024-07-17,overnight,election,1,70.5,69.5,-1.0,-1.0,-1.0,-107.02051005143099,19.237652111667725,-14.295925661187425,-163.18143357911373,,False,,,,,
2024-07-17,2024-07-18,overnight,election,1,67.5,64.5,-3.0,-3.0,-3.0,28.009695663882006,5.998102093069946,4.298995109892623,77.41801577417995,,False,,,,,
2024-07-18,2024-07-19,overnight,election,1,65.0,62.5,-2.5,-2.5,-2.5,-4.34263380740485,10.318236124688962,-20.413693433294355,-7.9244260004585065,,False,,,,,
2024-07-19,2024-07-22,weekend,election,1,65.5,64.5,-1.0,-1.0,-1.0,74.1442442570106,-6.14647377938371,16.845689858169255,124.56863900345061,,True,e02-2024-07-21-biden,Biden withdraws from the race (Sunday afternoon),political,2024-07-21T13:46,exact (X post 13:46 ET)
2024-07-22,2024-07-23,overnight,election,1,62.5,64.5,2.0,2.0,2.0,-1.983232669251489,17.672304973492814,-12.427282387480476,-19.074077913461274,,False,,,,,
2024-07-23,2024-07-24,overnight,election,1,62.5,61.5,-1.0,-1.0,-1.0,-87.76999205374558,-38.26112305506002,-18.73101893105855,-141.48391660771532,,False,,,,,
2024-07-24,2024-07-25,overnight,election,1,62.5,61.5,-1.0,-1.0,-1.0,2.586796252841417,-27.560727810105323,25.556975387521774,8.417326743359599,,False,,,,,
2024-07-25,2024-07-26,overnight,election,1,61.5,59.5,-2.0,-2.0,-2.0,73.18794813686358,11.433207936859535,-17.12045065444423,96.0174577195838,,False,,,,,
2024-07-26,2024-07-29,weekend,election,1,59.5,60.5,1.0,1.0,0.0,30.126014916052046,11.17175195047837,-14.63004279287694,58.531317494598945,,False,,,,,
2024-07-29,2024-07-30,overnight,election,1,60.0,58.5,-1.5,-1.5,-1.5,27.535061311403375,-0.18306301028836458,7.877910704796598,43.33390824422301,,False,,,,,
2024-07-30,2024-07-31,overnight,election,1,58.5,59.5,1.0,1.0,1.0,130.46446826963987,-4.371743961528729,30.879424071335038,229.3497748043194,,False,,,,,
2024-07-31,2024-08-01,overnight,election,1,57.49999999999999,54.50000000000001,-2.999999999999986,-2.999999999999986,-2.999999999999986,38.696315674733306,26.602964330308954,1.810053034554393,15.285326086955653,,False,,,,,
2024-08-01,2024-08-02,overnight,election,1,52.5,53.5,1.0,1.0,1.0,-134.24425456688203,-30.237984134391382,-22.812980120118233,-191.21997911590748,,False,,,,,
2024-08-02,2024-08-05,weekend,election,1,53.5,53.5,0.0,0.0,-1.0,-400.39025854628704,69.97107341099263,-70.64120478186608,-534.8666176372263,,False,,,,,
2024-08-05,2024-08-06,overnight,election,1,53.5,52.5,-1.0,-1.0,-1.5,34.981929224406905,51.3423982127037,-44.48364459101795,33.96442914515241,,False,,,,,
2024-08-06,2024-08-07,overnight,election,1,52.0,51.5,-0.5,-0.5,-0.5,120.26273961584843,48.0632770072087,14.59162402880354,156.73339399453923,,False,,,,,
2024-08-07,2024-08-08,overnight,election,1,50.5,48.5,-2.0,-2.0,-2.0,101.41714065361907,21.568590025005108,91.6883367042276,143.27438309224226,,False,,,,,
2024-08-08,2024-08-09,overnight,election,1,49.2,48.65,-0.5500000000000043,-0.5500000000000043,-0.6500000000000057,-15.453329061682064,-10.192333100544904,-19.403210006783134,-32.574743418116725,,False,,,,,
2024-08-09,2024-08-12,weekend,election,1,48.6,45.45,-3.1499999999999986,-3.1499999999999986,-3.049999999999997,24.394363025652677,-52.41384474270583,-5.425631431243971,19.08862894812735,,False,,,,,
2024-08-12,2024-08-13,overnight,election,1,45.5,45.45,-0.04999999999999716,-0.04999999999999716,0.05000000000000426,61.509610876699924,23.297858460851195,37.416047742877545,96.12828918224459,,False,,,,,
2024-08-13,2024-08-14,overnight,election,1,45.550000000000004,45.5,-0.05000000000000426,-0.05000000000000426,-0.15000000000000568,15.682656826567776,-25.052961223174243,10.511175038725451,19.671422395157734,,False,,,,,
2024-08-14,2024-08-15,overnight,election,1,44.75,44.35,-0.3999999999999986,-0.3999999999999986,-0.10000000000000142,105.18959873478283,12.192902638761272,78.6852772326263,128.56247704241542,,False,,,,,
2024-08-15,2024-08-16,overnight,election,1,44.35,44.15,-0.20000000000000284,-0.20000000000000284,-0.20000000000000284,-29.79381551412086,15.41474737949411,-14.486979826882074,-39.41073573731857,,False,,,,,
2024-08-16,2024-08-19,weekend,election,1,44.9,47.15,2.25,2.25,2.299999999999997,9.382724959852151,4.506696951669387,3.606657890466991,3.1577617784517287,,False,,,,,
2024-08-19,2024-08-20,overnight,election,1,47.25,48.6,1.3500000000000014,1.3500000000000014,1.1000000000000014,-7.327185645864542,28.52544040060856,-14.28698990981414,-18.90869800107997,,False,,,,,
2024-08-20,2024-08-21,overnight,election,1,50.1,51.800000000000004,1.7000000000000028,1.7000000000000028,1.8499999999999943,20.586445168451206,10.361398431499858,4.468115527596073,17.700957934194683,,False,,,,,
2024-08-21,2024-08-22,overnight,election,1,52.15,52.65,0.5,0.5,0.3999999999999986,33.17281968967079,-3.5569539249125093,9.073925807312477,47.87267112925653,,False,,,,,
2024-08-22,2024-08-23,overnight,election,1,51.15,50.949999999999996,-0.20000000000000284,-0.20000000000000284,0.19999999999999574,59.68968555042142,4.468035672797743,1.4299758691560527,92.87534486026594,,False,,,,,
2024-08-23,2024-08-26,weekend,election,1,50.6,49.55,-1.0500000000000043,-1.0500000000000043,-1.0500000000000043,19.39191232720683,-3.1961362264276705,4.085620392573208,-11.874505228948173,,False,,,,,
2024-08-26,2024-08-27,overnight,election,1,49.65,50.14999999999999,0.4999999999999929,0.4999999999999929,0.4999999999999929,-22.114029925276448,5.987595846217442,-21.580167647583526,-34.50234573874944,,False,,,,,
2024-08-27,2024-08-28,overnight,election,1,50.24999999999999,49.95,-0.29999999999999005,-0.29999999999999005,-0.29999999999999005,-5.7307529155059544,-2.316423442204618,0.8910114762294974,-11.324790805946616,,False,,,,,
2024-08-28,2024-08-29,overnight,election,1,50.0,50.05,0.04999999999999716,0.04999999999999716,0.04999999999999716,35.46289828595839,14.09933786653994,10.004466279587287,42.4376167034457,,False,,,,,
2024-08-29,2024-08-30,overnight,election,1,50.24999999999999,49.85,-0.3999999999999915,-0.3999999999999915,-0.3999999999999915,43.971593097085204,16.974873834192383,-3.208842142794488,92.6319367723294,,False,,,,,
2024-08-30,2024-09-03,holiday,election,1,49.95,51.449999999999996,1.499999999999993,1.499999999999993,1.499999999999993,-55.00647656901614,-24.800613770584732,-10.337759557970116,-66.96194294590563,,False,,,,,
2024-09-03,2024-09-04,overnight,election,1,51.349999999999994,51.849999999999994,0.5,0.5,0.3999999999999986,-35.49695740365011,41.62122864412865,6.3653723742840285,-68.6384895201797,,False,,,,,
2024-09-04,2024-09-05,overnight,election,1,52.449999999999996,52.949999999999996,0.5,0.5,0.3999999999999986,0.9077045966154884,19.423115322478868,2.7236082361903335,-35.821284355868066,,False,,,,,
2024-09-05,2024-09-06,overnight,election,1,52.65,52.849999999999994,0.19999999999999574,0.19999999999999574,0.19999999999999574,6.73253634659865,-37.27497545186864,57.60895407743494,-17.565164592098228,,False,,,,,
2024-09-06,2024-09-09,weekend,election,1,50.74999999999999,51.849999999999994,1.1000000000000014,1.1000000000000014,1.0,78.08596858057459,11.934269714495294,12.500689376251373,93.3455120636273,,False,,,,,
2024-09-09,2024-09-10,overnight,election,1,51.65,52.6,0.9500000000000028,0.9500000000000028,0.3999999999999986,35.50382489660109,-8.937559267634398,27.429323775738368,38.06296891157635,,False,,,,,
2024-09-10,2024-09-11,overnight,election,1,51.949999999999996,49.25,-2.6999999999999957,-2.6999999999999957,-2.6499999999999986,-2.186509238001344,-73.08182977947885,8.390485918576829,27.034687247913247,,False,,,,,
2024-09-11,2024-09-12,overnight,election,1,49.95,49.15,-0.8000000000000043,-0.8000000000000043,-0.7000000000000028,11.725232700772192,-22.34193978486898,-16.548846077742986,4.269399082079683,,False,,,,,
2024-09-12,2024-09-13,overnight,election,1,49.05,49.15,0.10000000000000142,0.10000000000000142,0.20000000000000284,12.343028871955042,21.79878865841145,-10.173484686226697,-16.059504691066095,,False,,,,,
2024-09-13,2024-09-16,weekend,election,1,49.25,49.05,-0.20000000000000284,-0.20000000000000284,-0.20000000000000284,-3.559098836175556,13.17335422081456,0.5340834238309888,-45.230782176967075,,True,e03-2024-09-15-second,Second Trump assassination attempt (Sunday afternoon),political,2024-09-15T14:00,approx +-1 h
2024-09-16,2024-09-17,overnight,election,1,49.35,48.35,-1.0,-1.0,-0.8000000000000043,39.79675230074919,-10.79454963723303,-2.1230671243055443,64.87468830564947,,False,,,,,
2024-09-17,2024-09-18,overnight,election,1,48.25,48.15,-0.10000000000000142,-0.10000000000000142,-0.10000000000000142,11.365654413071358,-13.12661865398912,5.146863075693453,25.131465016579035,,False,,,,,
2024-09-18,2024-09-19,overnight,election,1,47.349999999999994,46.85,-0.4999999999999929,-0.4999999999999929,-0.54999999999999,172.44757985498626,-25.04334424966226,8.237809794231499,239.3227674877485,,False,,,,,
2024-09-19,2024-09-20,overnight,election,1,47.4,47.75,0.3500000000000014,0.3500000000000014,0.25,-53.94801373222013,-12.168920822767104,-5.280388636602629,-19.03146397468025,,False,,,,,
2024-09-20,2024-09-23,weekend,election,1,47.85,47.55,-0.30000000000000426,-0.30000000000000426,-0.5000000000000071,21.827143108608116,-9.48466645589785,4.7445832674353206,10.98627751751513,,False,,,,,
2024-09-23,2024-09-24,overnight,election,1,47.949999999999996,48.05,0.10000000000000142,0.10000000000000142,0.20000000000000284,15.449438202246313,-20.123404852054882,7.016559079426887,29.81243012711632,,False,,,,,
2024-09-24,2024-09-25,overnight,election,1,48.05,48.55,0.5,0.5,0.30000000000000426,-1.7505776906379111,7.00353678607657,0.7004027315704597,-12.56824971670012,,False,,,,,
2024-09-25,2024-09-26,overnight,election,1,48.75,48.85,0.10000000000000142,0.10000000000000142,0.0,76.84210526315738,-14.53741425537114,0.17410380068527687,153.10847241372105,,False,,,,,
2024-09-26,2024-09-27,overnight,election,1,48.949999999999996,48.65,-0.29999999999999716,-0.29999999999999716,-0.29999999999999716,19.221024305859924,-6.801653324961521,13.097233864207691,21.65740438051733,,False,,,,,
2024-09-27,2024-09-30,weekend,election,1,48.5,49.05,0.5499999999999972,0.5499999999999972,0.5499999999999972,-17.325563080800023,4.01809193226077,7.017297638678421,-20.54316118164312,,False,,,,,
2024-09-30,2024-10-01,overnight,election,1,48.949999999999996,48.55,-0.3999999999999986,-0.3999999999999986,-0.09999999999999432,-10.80101738615391,-66.96895709801254,-3.8352916564976525,-7.171396373323313,,False,,,,,
2024-10-01,2024-10-02,overnight,election,1,48.25,49.35,1.1000000000000014,1.1000000000000014,1.2000000000000028,-17.232587174031977,-11.097215127441329,9.873931058803631,-16.833967204937792,,False,,,,,
2024-10-02,2024-10-03,overnight,election,1,49.35,49.55,0.19999999999999574,0.19999999999999574,0.29999999999999716,-26.193196800562426,8.460236886633776,-17.243199493260917,-45.6488359546825,,False,,,,,
2024-10-03,2024-10-04,overnight,election,1,49.55,49.55,0.0,0.0,-0.09999999999999432,80.48892176547362,-39.136891762033834,48.27949438202195,120.8396486929808,,False,,,,,
2024-10-04,2024-10-07,weekend,election,1,49.45,50.949999999999996,1.499999999999993,1.499999999999993,1.499999999999993,-28.10214518859877,-10.152284263957867,11.215084288367372,-43.077806724241,,False,,,,,
2024-10-07,2024-10-08,overnight,election,1,53.75,52.65,-1.1000000000000014,-1.1000000000000014,-0.9000000000000057,45.96608020288606,5.615160758740689,7.719569107687008,53.935194789029865,,False,,,,,
2024-10-08,2024-10-09,overnight,election,1,52.65,53.05,0.3999999999999986,0.3999999999999986,0.5,0.5234414530730369,6.490334287110322,8.032128514054993,-6.743915149285407,,False,,,,,
2024-10-09,2024-10-10,overnight,election,1,53.25,54.25,1.0,1.0,1.1000000000000014,-23.04626581181801,-6.599857582020308,-16.2993532277933,-47.04260194253518,,False,,,,,
2024-10-10,2024-10-11,overnight,election,1,56.05,55.05,-1.0,-1.0,-0.6999999999999957,-0.8679048776261133,23.261869629374043,2.952003889697963,-37.758830694275545,,False,,,,,
2024-10-11,2024-10-14,weekend,election,1,53.400000000000006,53.75,0.3499999999999943,0.3499999999999943,0.54999999999999,28.815460270901205,35.78679329685697,12.57558269737613,49.25609113390461,,False,,,,,
2024-10-14,2024-10-15,overnight,election,1,54.85,56.55,1.6999999999999957,1.6999999999999957,1.6999999999999957,5.305675361129136,-6.414752219504605,4.44954049937607,6.633165829146304,,False,,,,,
2024-10-15,2024-10-16,overnight,election,1,58.050000000000004,59.45,1.3999999999999986,1.3999999999999986,2.0,-0.17247624139793416,-10.86619062402927,-11.026498053133826,8.150291372917007,,False,,,,,
2024-10-16,2024-10-17,overnight,election,1,58.550000000000004,61.75000000000001,3.200000000000003,3.200000000000003,2.700000000000003,63.032426490794435,-31.57481524466266,21.72276956759589,112.23596032020833,,False,,,,,
2024-10-17,2024-10-18,overnight,election,1,60.25,60.650000000000006,0.4000000000000057,0.4000000000000057,0.4000000000000057,30.741224153330027,-13.525776019999158,4.2821417560201525,55.15416709066745,,False,,,,,
2024-10-18,2024-10-21,weekend,election,1,60.050000000000004,61.45,1.3999999999999986,1.3999999999999986,1.2000000000000028,-12.316745642095839,3.252547743426426,21.1115306717935,-25.479767851004365,,False,,,,,
2024-10-21,2024-10-22,overnight,election,1,61.95,63.14999999999999,1.1999999999999886,1.1999999999999886,2.1499999999999915,-44.888378707146344,4.646760175546216,-1.2045704845820016,-55.501735690642874,,False,,,,,
2024-10-22,2024-10-23,overnight,election,1,65.55,63.949999999999996,-1.6000000000000014,-1.6000000000000014,-1.5,-35.31509291641033,0.8602002546176379,-14.430510221612458,-49.19057315081798,,False,,,,,
2024-10-23,2024-10-24,overnight,election,1,62.949999999999996,61.75000000000001,-1.1999999999999886,-1.1999999999999886,-1.75,35.47142387486435,-10.172764578089133,-17.72774995266846,76.58128058644076,,False,,,,,
2024-10-24,2024-10-25,overnight,election,1,62.7,64.25,1.5499999999999972,1.5499999999999972,1.4499999999999886,40.229289685418394,30.781929803442853,8.605703860518066,57.07553876465043,,False,,,,,
2024-10-25,2024-10-28,weekend,election,1,65.05,66.05,1.0,1.0,1.0999999999999943,61.57008022244837,-18.709876755124142,15.644609486480388,64.20610563721452,,False,,,,,
2024-10-28,2024-10-29,overnight,election,1,65.75,66.14999999999999,0.3999999999999915,0.3999999999999915,0.5,-15.841038621140502,2.069500732948537,-3.964970348917518,6.459426725879958,,False,,,,,
2024-10-29,2024-10-30,overnight,election,1,66.45,66.95,0.5,0.5,0.3999999999999915,-7.048306687297279,9.633745634709534,-10.654568575896306,-14.99580117567123,,False,,,,,
2024-10-30,2024-10-31,overnight,election,1,66.05,65.14999999999999,-0.9000000000000057,-0.9000000000000057,-1.0,-76.0384157801275,-31.273889776911588,-16.82479662810321,-80.98307816277183,,False,,,,,
2024-10-31,2024-11-01,overnight,election,1,61.75000000000001,62.050000000000004,0.29999999999999716,0.29999999999999716,1.29999999999999,48.72042916190367,31.50598613736566,-0.8750896966935873,33.06468278569952,,False,,,,,
2024-11-01,2024-11-04,weekend,election,1,60.150000000000006,58.550000000000004,-1.6000000000000014,-1.6000000000000014,-2.500000000000007,2.802003432453848,5.952589376378992,-14.335664335665133,-11.899876897825123,,False,,,,,
2024-11-04,2024-11-05,overnight,election,1,57.8,62.0,4.200000000000003,4.200000000000003,3.1500000000000057,17.024413359776336,56.76840592914401,0.8761324011286042,33.95341180344236,,False,,,,,
2024-11-05,2024-11-06,overnight,election,1,61.150000000000006,99.75,38.599999999999994,38.599999999999994,38.7,217.10480682527677,-52.44399185336146,-8.47888756995041,168.8166582021333,,True,e04-2024-11-06-election,Election called for Trump overnight,election,2024-11-06T02:30,approx +-1 h (first network call about 02:25 ET)
2025-01-10,2025-01-13,weekend,recession,-1,19.5,19.5,0.0,-0.0,-0.0,-81.6523401836322,36.47289716379953,-20.27940513745108,-118.49135466571958,,False,,,,,
2025-01-13,2025-01-14,overnight,recession,-1,20.5,20.5,0.0,-0.0,-0.0,48.49193520652051,-35.25224176877395,24.187323098034952,62.10443037974578,,False,,,,,
2025-01-14,2025-01-15,overnight,recession,-1,20.5,21.5,1.0,-1.0,-1.0,139.73101564781265,27.188413162240188,107.2663767421167,156.99861413581263,,False,,,,,
2025-01-15,2025-01-16,overnight,recession,-1,21.5,23.0,1.5,-1.5,-2.0,23.533182630992577,-33.49181638406251,19.645537174752814,47.43190134164577,,False,,,,,
2025-01-16,2025-01-17,overnight,recession,-1,24.5,24.5,0.0,-0.0,-0.0,88.89640020280476,-11.223532564996752,49.32410821002486,190.61726470072315,,False,,,,,
2025-01-17,2025-01-21,holiday,recession,-1,24.5,25.5,1.0,-1.0,-1.0,51.8767675753451,-2.4972114472165963,11.683937003410527,52.13124808341129,,False,,,,,
2025-01-21,2025-01-22,overnight,recession,-1,25.5,25.5,0.0,-0.0,-0.0,49.757845153586274,9.417084763665429,5.284015852047297,93.58441657454586,,False,,,,,
2025-01-22,2025-01-23,overnight,recession,-1,25.5,25.5,0.0,-0.0,-0.0,-8.905894382691404,7.030373060417094,-1.3203934772565429,-46.471374009896536,,False,,,,,
2025-01-23,2025-01-24,overnight,recession,-1,25.5,25.5,0.0,-0.0,-0.0,1.640123993371656,8.527246191438742,9.848820603730601,5.631476197627272,,False,,,,,
2025-01-24,2025-01-27,weekend,recession,-1,25.5,24.5,-1.0,1.0,1.0,-216.13619541080874,64.0540676854795,-4.033274514746443,-351.9371648667013,,True,e06-2025-01-26-deepseek,DeepSeek AI model shock (Sunday night),tech-shock,2025-01-26T18:00,approx +-3 h (news built through Sunday)
2025-01-27,2025-01-28,overnight,recession,-1,24.5,23.5,-1.0,1.0,1.0,20.186516741462768,-28.052678898471406,0.0,22.760431864605746,,False,,,,,
2025-01-28,2025-01-29,overnight,recession,-1,23.5,24.5,1.0,-1.0,-1.0,-12.738010554351753,-7.453786523554662,-15.21566551997866,11.497336450390083,,False,,,,,
2025-01-29,2025-01-30,overnight,recession,-1,23.5,23.5,0.0,-0.0,-0.0,35.89232303090828,16.22624014835372,10.607969236888781,56.26176120434812,,False,,,,,
2025-01-30,2025-01-31,overnight,recession,-1,23.5,23.5,0.0,-0.0,-0.0,41.65426956262985,10.041152263373654,-5.1002780474151965,72.44853095788706,,False,,,,,
2025-01-31,2025-02-03,weekend,recession,-1,25.0,23.5,-1.5,1.5,1.5,-151.7115320704554,-10.695665378708252,14.193264957840235,-168.6834648081481,,True,e05-2025-02-01-tariffs,Canada/Mexico/China tariff orders signed (Saturday),weekend-tariff,2025-02-01T17:00,approx +-2 h
2025-02-03,2025-02-04,overnight,recession,-1,23.0,22.5,-0.5,0.5,0.5,3.0117962017905953,19.487145175050014,-6.018154766880279,9.360314197763842,,False,,,,,
2025-02-04,2025-02-05,overnight,recession,-1,22.5,22.5,0.0,-0.0,-0.0,-18.612071257644303,-8.657432072455284,19.350103422965947,-51.854958630417336,,False,,,,,
2025-02-05,2025-02-06,overnight,recession,-1,22.5,22.5,0.0,-0.0,-0.0,30.12397172981185,-11.883034373504353,11.399306129193931,9.680174622757054,,False,,,,,
2025-02-06,2025-02-07,overnight,recession,-1,21.5,21.5,0.0,-0.0,-0.0,9.070818352738819,15.164197795316525,9.56606356484313,10.385392473422073,,False,,,,,
2025-02-07,2025-02-10,weekend,recession,-1,21.5,21.0,-0.5,0.5,0.5,54.09634142281794,-8.939953313576998,4.471975619451118,81.8449535319532,,False,,,,,
2025-02-10,2025-02-11,overnight,recession,-1,21.0,21.0,0.0,-0.0,-0.0,-37.037649432034584,12.944983818772293,-12.597172266330947,-61.50619313511463,,False,,,,,
2025-02-11,2025-02-12,overnight,recession,-1,20.5,21.5,1.0,-1.0,-1.0,-99.30437368847134,35.96461949265661,-101.43060098457002,-107.0177100104197,,False,,,,,
2025-02-12,2025-02-13,overnight,recession,-1,21.5,21.0,-0.5,0.5,0.5,18.562715460090917,5.790100582319102,21.71858679974159,31.420351302240412,,False,,,,,
2025-02-13,2025-02-14,overnight,recession,-1,21.0,21.5,0.5,-0.5,-0.5,4.100444488182031,8.607404006950592,9.846719401320758,2.3326117787569878,,False,,,,,
2025-02-14,2025-02-18,holiday,recession,-1,21.0,21.5,0.5,-0.5,-0.5,19.353780547810562,-12.604766893661301,-17.485088651034708,29.91897717981251,,False,,,,,
2025-02-18,2025-02-19,overnight,recession,-1,21.5,21.5,0.0,-0.0,-0.0,-20.773697554592463,-2.622606871230948,-10.643000998804553,-13.906400652673456,,False,,,,,
2025-02-19,2025-02-20,overnight,recession,-1,21.5,21.5,0.0,-0.0,-0.0,-22.189590471528575,-51.63194558000961,0.1635242751785171,-15.382904588923108,,False,,,,,
2025-02-20,2025-02-21,overnight,recession,-1,21.5,21.5,0.0,-0.0,-0.0,-3.7680827012243068,-27.696014160220052,-13.094146916329263,22.152311100354094,,False,,,,,
2025-02-21,2025-02-24,weekend,recession,-1,21.5,21.5,0.0,-0.0,-0.0,33.666666666667396,-54.15102488289358,-14.099225371970725,33.83387188747422,,False,,,,,
2025-02-24,2025-02-25,overnight,recession,-1,21.5,21.5,0.0,-0.0,-0.0,-0.8372404554601864,-32.15272544586756,-10.706100804630525,-11.349864378740193,,False,,,,,
2025-02-25,2025-02-26,overnight,recession,-1,21.5,22.5,1.0,-1.0,-1.0,28.945995523466106,29.86927994898858,-15.916097037931287,43.64004753647954,,False,,,,,
2025-02-26,2025-02-27,overnight,recession,-1,22.5,22.5,0.0,-0.0,-0.0,40.71126961963767,-73.97168467789372,-18.89695307535355,70.7496744348779,,False,,,,,
2025-02-27,2025-02-28,overnight,recession,-1,22.5,22.5,0.0,-0.0,-0.0,8.888281143168975,8.02650454265974,-19.260597589870756,-3.997361741250316,,False,,,,,
2025-02-28,2025-03-03,weekend,recession,-1,31.0,26.5,-4.5,4.5,4.5,35.51769993434873,-52.50092254017291,-9.384321480042646,64.93250954310969,,False,,,,,
2025-03-03,2025-03-04,overnight,recession,-1,26.5,39.5,13.0,-13.0,-9.5,-72.94895285716696,-69.172517293129,-8.445363667700656,-63.13842194160646,,False,,,,,
2025-03-04,2025-03-05,overnight,recession,-1,36.5,36.5,0.0,-0.0,-0.5,-3.120287066409322,-15.259498170596686,-25.598007506441036,13.722957701001182,,False,,,,,
2025-03-05,2025-03-06,overnight,recession,-1,38.5,32.0,-6.5,6.5,6.5,-129.83449103850296,-18.36727601306709,-18.558667938599616,-167.4965146385188,,False,,,,,
2025-03-06,2025-03-07,overnight,recession,-1,30.5,33.0,2.5,-2.5,-5.0,-33.17039106145225,53.42441758626748,-44.12046806061775,-23.959207912681578,,False,,,,,
2025-03-07,2025-03-10,weekend,recession,-1,36.0,37.0,1.0,-1.0,-1.5,-143.44013197881367,-4.0522207931781296,-25.832073946506775,-169.98434354730475,,False,,,,,
2025-03-10,2025-03-11,overnight,recession,-1,38.0,38.5,0.5,-0.5,-1.5,-24.074899687918094,6.97175545226969,-74.1687071933006,-20.071836044791567,,False,,,,,
2025-03-11,2025-03-12,overnight,recession,-1,39.5,33.5,-6.0,6.0,-0.5,108.78946989858251,-47.85029439493327,23.71442835746196,158.79746432887475,,False,,,,,
2025-03-12,2025-03-13,overnight,recession,-1,35.5,39.0,3.5,-3.5,-3.5,-7.514626684080872,-61.95276549266882,11.472618087298159,-17.397501467258934,,False,,,,,
2025-03-13,2025-03-14,overnight,recession,-1,41.0,39.0,-2.0,2.0,1.0,83.40737248644592,41.89818561076031,-7.187651614525281,114.0075578043942,,False,,,,,
2025-03-14,2025-03-17,weekend,recession,-1,41.5,41.0,-0.5,0.5,1.0,0.0,50.81824481600661,23.152683039768807,-0.8339414156144365,,False,,,,,
2025-03-17,2025-03-18,overnight,recession,-1,40.5,40.5,0.0,-0.0,-0.0,-39.15205812846101,-71.35269121812948,-24.726245143060765,-68.77550597642612,,False,,,,,
2025-03-18,2025-03-19,overnight,recession,-1,40.0,39.5,-0.5,0.5,-0.5,31.726227608948054,19.366416146970877,4.977335347970957,43.814378699471575,,False,,,,,
2025-03-19,2025-03-20,overnight,recession,-1,37.0,33.5,-3.5,3.5,3.5,-64.9018535828283,58.22519659879566,-36.08256539964883,-81.32448678217163,,False,,,,,
2025-03-20,2025-03-21,overnight,recession,-1,33.5,33.5,0.0,-0.0,-0.0,-113.13816999010018,10.030753826348882,-53.70798506135532,-108.70245571574677,,False,,,,,
2025-03-21,2025-03-24,weekend,recession,-1,34.0,33.0,-1.0,1.0,0.5,117.15911306474646,33.98738612473862,-3.152474692634799,137.59561024276667,,False,,,,,
2025-03-24,2025-03-25,overnight,recession,-1,33.0,32.5,-0.5,0.5,1.0,22.298874603672303,-11.124630627498133,-4.51733963444334,19.166071974716647,,False,,,,,
2025-03-25,2025-03-26,overnight,recession,-1,32.5,35.0,2.5,-2.5,-2.5,-2.9546718576189956,-27.121472904606534,-8.685229898035551,-23.305299422433645,,False,,,,,
2025-03-26,2025-03-27,overnight,recession,-1,34.5,38.5,4.0,-4.0,-4.0,-27.429053697648477,20.275750202758402,-26.902990979587038,-41.08175061932173,,False,,,,,
2025-03-27,2025-03-28,overnight,recession,-1,37.5,33.0,-4.5,4.5,4.5,-25.92592592592591,-28.11698760454839,-14.47867926194113,-36.754018024004466,,False,,,,,
2025-03-28,2025-03-31,weekend,recession,-1,35.5,38.0,2.5,-2.5,-2.0,-107.94667434287474,-1.6368695778701259,0.7275505192905207,-151.35217423100644,,False,,,,,
2025-03-31,2025-04-01,overnight,recession,-1,38.5,38.5,0.0,-0.0,-0.0,-30.403290709111186,-4.125930576733827,21.753200057530453,-34.75998549890114,,False,,,,,
2025-04-01,2025-04-02,overnight,recession,-1,40.5,41.0,0.5,-0.5,-1.0,-106.58966543678594,66.30033330330632,-37.87062962165244,-137.73988109091695,,False,,,,,
2025-04-02,2025-04-03,overnight,recession,-1,39.5,45.0,5.5,-5.5,-7.5,-346.055078367129,-3.4855350296281173,-16.3003663003658,-413.9451853407539,,True,e07-2025-04-02-liberation,Liberation Day tariff announcement (Wednesday 16:00 ET),weekend-tariff,2025-04-02T16:15,approx +-30 min
2025-04-03,2025-04-04,overnight,recession,-1,46.5,56.49999999999999,9.999999999999993,-9.999999999999993,-6.0,-259.83929767130485,-9.357037829167414,12.619261581996444,-278.24620573355884,,False,,,,,
2025-04-04,2025-04-07,weekend,recession,-1,55.50000000000001,63.5,7.999999999999993,-7.999999999999993,-8.499999999999993,-322.65084075173144,132.87270794578808,-86.7327294465725,-343.60015992393136,,True,e08-2025-04-06-medicine,"Weekend tariff turmoil, Sunday take-medicine remarks",weekend-tariff,2025-04-06T18:00,approx +-3 h
2025-04-07,2025-04-08,overnight,recession,-1,61.5,60.5,-1.0,1.0,1.0,343.07799028837627,14.036331583182626,70.2404384238342,335.18103549947,,False,,,,,
2025-04-08,2025-04-09,overnight,recession,-1,61.5,64.5,3.0,-3.0,-4.0,-66.43314409952916,129.9043450064863,117.48785138709472,-16.0964827983856,,False,,,,,
2025-04-09,2025-04-10,overnight,recession,-1,48.5,50.5,2.0,-2.0,-1.5,-206.12105931501645,-59.520453990264954,-59.77174664250961,-248.95730317753717,,False,,,,,
2025-04-10,2025-04-11,overnight,recession,-1,57.99999999999999,62.5,4.500000000000007,-4.500000000000007,-4.500000000000007,-32.208881265486376,64.81902831685815,-74.76990226776836,-34.514444519151425,,False,,,,,
2025-04-11,2025-04-14,weekend,recession,-1,61.5,50.5,-11.0,11.0,9.0,188.58384209146317,-65.80277548019376,74.44030887172826,224.99119408242228,,True,e09-2025-04-11-exemption,Electronics tariff exemption notice (Friday night),weekend-tariff,2025-04-11T22:00,approx +-2 h
2025-04-14,2025-04-15,overnight,recession,-1,50.5,52.5,2.0,-2.0,-2.0,13.080505408462617,33.44605549636448,42.70720905132252,24.704313416847867,,False,,,,,
2025-04-15,2025-04-16,overnight,recession,-1,53.5,53.5,0.0,-0.0,-0.0,-112.32611768206668,-33.102618116159775,-37.28896134315263,-195.63745933317443,,False,,,,,
2025-04-16,2025-04-17,overnight,recession,-1,55.00000000000001,56.49999999999999,1.4999999999999858,-1.4999999999999858,-1.4999999999999858,36.33043577501604,20.84754757031293,-11.547562707051595,66.40853631083576,,False,,,,,
2025-04-17,2025-04-21,holiday,recession,-1,55.50000000000001,55.50000000000001,0.0,-0.0,-0.0,-99.35599080529656,-69.07667510937188,22.307692307692584,-131.2885646083861,,False,,,,,
2025-04-21,2025-04-22,overnight,recession,-1,57.49999999999999,56.49999999999999,-1.0,1.0,1.0,119.84902136269903,33.644787941709,47.71379450228874,129.03076887565535,,False,,,,,
2025-04-22,2025-04-23,overnight,recession,-1,55.50000000000001,52.5,-3.000000000000007,3.000000000000007,3.000000000000007,256.0063764375431,57.91684399459651,34.53590062572953,310.31999639947736,,False,,,,,
2025-04-23,2025-04-24,overnight,recession,-1,52.0,52.5,0.5,-0.5,-1.0,24.373844343588136,51.51709939166915,44.07141253087943,46.437925039064524,,False,,,,,
2025-04-24,2025-04-25,overnight,recession,-1,52.5,54.50000000000001,2.000000000000007,-2.000000000000007,-2.000000000000007,2.0126614703408485,-32.37903594621727,21.08157653528897,-4.922945205478868,,False,,,,,
2025-04-25,2025-04-28,weekend,recession,-1,56.49999999999999,56.49999999999999,0.0,-0.0,0.9999999999999858,15.803240572549448,-19.94958196557817,24.908185156904405,10.581338750978997,,False,,,,,
2025-04-28,2025-04-29,overnight,recession,-1,57.49999999999999,57.99999999999999,0.5,-0.5,1.0,-36.84611754456224,31.152647975078995,-35.76096427534203,-48.25907503439475,,False,,,,,
2025-04-29,2025-04-30,overnight,recession,-1,64.0,66.5,2.5,-2.5,0.5,-118.56209622117086,-102.81790456014738,-85.64186130725848,-174.37213411299558,,False,,,,,
2025-04-30,2025-05-01,overnight,recession,-1,66.5,62.0,-4.5,4.5,5.0,108.59565256606807,-27.124935310598453,-16.746539345459112,166.56501714021442,,False,,,,,
2025-05-01,2025-05-02,overnight,recession,-1,62.0,62.5,0.5,-0.5,-2.5,112.27303656483834,-19.6554105501745,76.72679906500557,111.18269290716798,,False,,,,,
2025-05-02,2025-05-05,weekend,recession,-1,61.5,57.49999999999999,-4.000000000000007,4.000000000000007,4.000000000000007,-71.47647453319638,7.465737597098787,6.047347171087569,-87.14151290758032,,False,,,,,
2025-05-05,2025-05-06,overnight,recession,-1,57.49999999999999,57.49999999999999,0.0,-0.0,-0.0,-99.37359146806824,-9.499399566252897,-15.390397108037135,-131.4950097746681,,False,,,,,
2025-05-06,2025-05-07,overnight,recession,-1,53.5,52.5,-1.0,1.0,1.0,24.15891195418851,23.384807640809413,-37.349933303690854,13.709442898093283,,False,,,,,
2025-05-07,2025-05-08,overnight,recession,-1,50.5,50.5,0.0,-0.0,-0.0,71.4502075797796,-19.641214351425738,-22.241835834068134,107.16871832005648,,False,,,,,
2025-05-08,2025-05-09,overnight,recession,-1,50.5,50.5,0.0,-0.0,-1.0,27.614529490902484,9.179494421691636,4.59185475610191,40.76031297365779,,False,,,,,
2025-05-09,2025-05-12,weekend,recession,-1,50.5,41.5,-9.0,9.0,7.0,304.453383898351,-46.09008203346754,8.089500860586352,388.0749923163607,,True,e10-2025-05-12-geneva,US-China Geneva tariff truce statement (Monday pre-market),weekend-tariff,2025-05-12T05:00,approx +-2 h
2025-05-12,2025-05-13,overnight,recession,-1,39.0,40.5,1.5,-1.5,-2.5,9.779699402923114,32.05293018631927,20.955358216387943,26.782197715635725,,False,,,,,
2025-05-13,2025-05-14,overnight,recession,-1,38.5,38.5,0.0,-0.0,-0.5,17.04129104820984,-4.74983413007557,-5.101086531432708,23.08080220334352,,False,,,,,
2025-05-14,2025-05-15,overnight,recession,-1,38.5,39.0,0.5,-0.5,-0.0,-34.03907686023611,9.90504815902904,8.204006289735943,-42.02814729130644,,False,,,,,
2025-05-15,2025-05-16,overnight,recession,-1,36.5,36.0,-0.5,0.5,1.0,14.227401297404185,1.8604651162790198,-16.54762507809493,26.382175662924556,,False,,,,,
2025-05-16,2025-05-19,weekend,recession,-1,36.0,37.5,1.5,-1.5,-1.5,-104.1579027074313,53.392280224451305,-8.155221040470062,-139.5919619573549,,False,,,,,
2025-05-19,2025-05-20,overnight,recession,-1,37.0,38.5,1.5,-1.5,-1.5,-31.095572662790396,-4.215211856547496,-14.64745100680176,-49.039327241728884,,False,,,,,
2025-05-20,2025-05-21,overnight,recession,-1,39.5,39.5,0.0,-0.0,0.5,-74.05158308452675,23.791720481272094,-29.127743540299235,-76.31093341534778,,False,,,,,
2025-05-21,2025-05-22,overnight,recession,-1,39.5,40.5,1.0,-1.0,-1.0,-5.146150679292694,26.087255002917864,28.226222849472293,11.889679368481954,,False,,,,,
2025-05-22,2025-05-23,overnight,recession,-1,39.5,41.5,2.0,-2.0,-0.0,-120.92002126820157,13.715754019236748,15.47583856439827,-152.52324812264018,,False,,,,,
2025-05-23,2025-05-27,holiday,recession,-1,40.5,37.0,-3.5,3.5,3.0,119.31072587886061,1.0237684918168455,-24.17062418083593,134.76697301028074,,True,e11-2025-05-25-eu,"EU 50 pct tariff postponed (Sunday, Memorial Day weekend)",weekend-tariff,2025-05-25T07:00,approx +-2 h
2025-05-27,2025-05-28,overnight,recession,-1,37.5,37.5,0.0,-0.0,-0.0,8.459378066525414,-13.041787815266659,1.690731410406432,18.610540856851543,,False,,,,,
2025-05-28,2025-05-29,overnight,recession,-1,39.5,37.5,-2.0,2.0,3.0,91.03129094281127,-30.84342225069814,4.3859649122812705,142.21023219963325,,False,,,,,
2025-05-29,2025-05-30,overnight,recession,-1,37.0,37.0,0.0,-0.0,-0.5,-18.13559322033975,-31.243101896658576,-6.956934876303222,-10.000769289945088,,False,,,,,
2025-05-30,2025-06-02,weekend,recession,-1,35.5,30.5,-5.0,5.0,6.0,-29.009109878366246,-15.484211242683399,9.877720630813158,-36.407065667558584,,False,,,,,
2025-06-02,2025-06-03,overnight,recession,-1,29.5,30.5,1.0,-1.0,-1.0,-5.2307432717446645,0.9285207819820229,8.95557695882232,6.689474589551825,,False,,,,,
2025-06-03,2025-06-04,overnight,recession,-1,29.5,28.000000000000004,-1.4999999999999964,1.4999999999999964,1.9999999999999964,14.25911325090956,10.13468239078108,-5.52495437726952,11.186530658677807,,False,,,,,
2025-06-04,2025-06-05,overnight,recession,-1,27.0,26.5,-0.5,0.5,-0.5000000000000036,29.031716730996138,-55.892441811822295,20.455726765145066,26.47603918453756,,False,,,,,
2025-06-05,2025-06-06,overnight,recession,-1,26.5,26.5,0.0,-0.0,-3.0,95.44688026981385,27.394514415528537,56.94894753641266,101.01010101009945,,False,,,,,
2025-06-06,2025-06-09,weekend,recession,-1,26.0,26.0,0.0,-0.0,-0.0,11.518621771864357,-13.756419662509511,-7.1648754478037535,5.66208666767265,,False,,,,,
2025-06-09,2025-06-10,overnight,recession,-1,25.5,25.0,-0.5,0.5,0.5,11.008072586564666,5.831195228416242,-4.662781015819517,9.2334363458213,,False,,,,,
2025-06-10,2025-06-11,overnight,recession,-1,24.5,24.5,0.0,-0.0,-0.0,18.73777070275029,-8.937585858754815,31.04661973701628,25.080482144195226,,False,,,,,
2025-06-11,2025-06-12,overnight,recession,-1,22.5,23.5,1.0,-1.0,-0.0,-23.112736947122904,12.664788920184744,35.96159636035212,-25.542304441731332,,False,,,,,
2025-06-12,2025-06-13,overnight,recession,-1,22.5,27.500000000000004,5.0000000000000036,-5.0000000000000036,-4.0,-86.46392367322674,-5.847953216374657,0.3341799224698683,-112.0563654761464,,True,e12-2025-06-12-israel-iran,Israel strikes Iran (Thursday night),geopolitical,2025-06-12T20:00,approx +-1 h
2025-06-13,2025-06-16,weekend,recession,-1,26.5,26.5,0.0,-0.0,-0.0,57.793785074125026,44.1372418387731,-5.826050769871527,67.55987398944674,,False,,,,,
2025-06-16,2025-06-17,overnight,recession,-1,24.5,28.499999999999996,3.9999999999999964,-3.9999999999999964,-5.0,-41.47931841184005,10.912847170156947,-3.331057110973479,-47.91584779231361,,False,,,,,
2025-06-17,2025-06-18,overnight,recession,-1,28.999999999999996,27.500000000000004,-1.499999999999993,1.499999999999993,1.499999999999993,14.894151117061938,11.362876813045819,-4.342742608985928,20.793950850661602,,False,,,,,
2025-06-18,2025-06-20,holiday,recession,-1,27.500000000000004,28.499999999999996,0.9999999999999929,-0.9999999999999929,-0.9999999999999929,15.39852040303824,-17.21314215047287,37.23832528180316,62.38656987295643,,False,,,,,
2025-06-20,2025-06-23,weekend,recession,-1,28.499999999999996,31.5,3.0000000000000036,-3.0000000000000036,-3.0000000000000036,13.631085606582438,27.05700457112048,20.207463289774186,1.8985779651026213,,True,e13-2025-06-21-us-strikes,US strikes Iranian nuclear sites (Saturday night),geopolitical,2025-06-21T19:50,approx +-30 min
2025-06-23,2025-06-24,overnight,recession,-1,27.500000000000004,26.5,-1.0000000000000036,1.0000000000000036,2.0000000000000036,69.98483661873279,-4.633230188805237,-8.266785708380686,97.61143501974657,,True,e14-2025-06-23-ceasefire,Israel-Iran ceasefire announced (Monday evening),geopolitical,2025-06-23T18:02,approx +-30 min
2025-06-24,2025-06-25,overnight,recession,-1,25.5,25.0,-0.5,0.5,-0.0,18.788008635890474,4.112450856212924,-2.302442233368396,43.076695044790284,,False,,,,,
2025-06-25,2025-06-26,overnight,recession,-1,27.0,27.500000000000004,0.5000000000000036,-0.5000000000000036,-0.5000000000000036,31.46208078012691,2.1346820144829692,-5.907934684500349,40.28309034129984,,False,,,,,
2025-06-26,2025-06-27,overnight,recession,-1,29.5,31.5,2.0,-2.0,-2.0,16.179378646488107,24.148283513902857,-23.76534166748101,19.22337562475951,,False,,,,,
2025-06-27,2025-06-30,weekend,recession,-1,30.0,26.5,-3.5,3.5,3.5,40.98493966106176,-15.339013249537903,-2.2671330483226004,55.635614089490915,,False,,,,,
2025-06-30,2025-07-01,overnight,recession,-1,26.5,25.5,-1.0,1.0,1.5,-24.60024600245969,14.764098903237155,-8.915400949894847,-34.624030164599475,,False,,,,,
2025-07-01,2025-07-02,overnight,recession,-1,23.5,25.5,2.0,-2.0,-1.0,-5.181682751472794,1.1227399390834059,-8.74097575188526,-14.991407364072229,,False,,,,,
2025-07-02,2025-07-03,overnight,recession,-1,25.5,19.5,-6.0,6.0,-1.5,33.36664624907337,26.026186842316168,19.315895372233882,43.027541257421035,,False,,,,,
2025-07-03,2025-07-07,holiday,recession,-1,20.5,21.5,1.0,-1.0,-1.0,-31.66277545015528,4.693916837781309,-13.297233214246695,-48.54194383517418,,False,,,,,
2025-07-07,2025-07-08,overnight,recession,-1,22.5,21.5,-1.0,1.0,1.0,9.18199684268206,-11.104852337652238,-2.397429440755827,23.910444516901386,,False,,,,,
2025-07-08,2025-07-09,overnight,recession,-1,22.0,19.5,-2.5,2.5,2.5,39.65759055955864,23.68450631854424,16.727518376142836,39.10776361529589,,False,,,,,
2025-07-09,2025-07-10,overnight,recession,-1,19.5,18.5,-1.0,1.0,1.0,2.884522931958511,-12.896507529639445,-1.6017940092893923,11.325639089634354,,False,,,,,
2025-07-10,2025-07-11,overnight,recession,-1,19.0,19.5,0.5,-0.5,-0.5,-49.53342707401332,7.8684523236027815,-1.1239382797312292,-39.0660161664913,,False,,,,,
2025-07-11,2025-07-14,weekend,recession,-1,19.5,21.5,2.0,-2.0,-1.5,-7.2160484918470935,-7.863149110982626,20.58274908342428,-3.9696144060918925,,True,e15-2025-07-12-letters,30 pct tariff letters to EU and Mexico (Saturday),weekend-tariff,2025-07-12T12:00,approx +-3 h
2025-07-14,2025-07-15,overnight,recession,-1,21.0,20.5,-0.5,0.5,0.5,44.49851138073502,-29.79984701682814,6.537927955223566,73.17774821101075,,False,,,,,
2025-07-15,2025-07-16,overnight,recession,-1,21.5,21.5,0.0,-0.0,-0.0,26.039992284447866,-26.131080257799645,24.58976872759866,10.418537812104667,,False,,,,,
2025-07-16,2025-07-17,overnight,recession,-1,20.0,19.5,-0.5,0.5,0.5,3.5246243070918837,22.101217168482012,8.495359610174447,12.20081099508219,,False,,,,,
2025-07-17,2025-07-18,overnight,recession,-1,19.5,19.5,0.0,-0.0,-0.0,21.01977769992658,-10.48784363578581,13.047352342157037,23.49590601637752,,False,,,,,
2025-07-18,2025-07-21,weekend,recession,-1,17.5,17.5,0.0,-0.0,-0.0,18.961725995090273,28.62732000572743,-4.76894463255384,14.788155222178467,,False,,,,,
2025-07-21,2025-07-22,overnight,recession,-1,17.5,19.0,1.5,-1.5,-1.5,5.56660039761514,-35.28850739151213,2.2258967183930167,2.4815655133303416,,False,,,,,
2025-07-22,2025-07-23,overnight,recession,-1,19.5,19.5,0.0,-0.0,-0.0,43.25493376588163,-24.55545879186061,3.484706888630118,18.706907302821207,,False,,,,,
2025-07-23,2025-07-24,overnight,recession,-1,18.5,17.5,-1.0,1.0,-0.0,6.938312097894972,7.327450362433208,-2.993115833581639,23.05659507298108,,False,,,,,
2025-07-24,2025-07-25,overnight,recession,-1,17.5,17.5,0.0,-0.0,-0.0,10.40303894834782,2.361869971185815,-1.1020845141374025,-2.8314073864355027,,False,,,,,
2025-07-25,2025-07-28,weekend,recession,-1,17.5,16.5,-1.0,1.0,1.0,7.06403152127999,-0.4706029993095662,-12.220725096355745,23.83516658133189,,False,,,,,
2025-07-28,2025-07-29,overnight,recession,-1,16.5,17.5,1.0,-1.0,-0.5,22.451799284055607,-6.57946267721532,-2.3492560689108988,45.05455825413396,,False,,,,,
2025-07-29,2025-07-30,overnight,recession,-1,16.5,16.5,0.0,-0.0,-0.0,10.704615578362997,-2.909170964899843,-4.558243347323465,14.982461706589678,,False,,,,,
2025-07-30,2025-07-31,overnight,recession,-1,13.5,11.5,-2.0,2.0,2.0,78.2518242998309,-1.7984064554976698,-5.860931810012238,113.36032388663764,,False,,,,,
2025-07-31,2025-08-01,overnight,recession,-1,11.5,13.5,2.0,-2.0,-0.0,-89.71944870800996,-76.93597317579348,-9.09279435927779,-109.20353982300846,,False,,,,,
2025-08-01,2025-08-04,weekend,recession,-1,16.5,16.0,-0.5,0.5,0.5,63.69529201717627,53.38277366663036,10.719999999999619,93.8882368872429,,False,,,,,
2025-08-04,2025-08-05,overnight,recession,-1,15.0,15.0,0.0,-0.0,0.5000000000000018,11.09192032831885,1.7410848541454804,-13.593614162649148,22.86828576493427,,False,,,,,
2025-08-05,2025-08-06,overnight,recession,-1,15.0,15.0,0.0,-0.0,0.5000000000000018,16.719745222928406,-1.9076385025040832,-6.6722798544816,16.422999339509303,,False,,,,,
2025-08-06,2025-08-07,overnight,recession,-1,14.499999999999998,13.5,-0.9999999999999982,0.9999999999999982,0.9999999999999982,56.427521456683394,3.772161448509781,-0.7858052146025862,76.67630261580571,,False,,,,,
2025-08-07,2025-08-08,overnight,recession,-1,13.5,13.5,0.0,-0.0,-0.0,27.834888502293875,28.218149701921824,-9.453880818076632,20.906092278765165,,False,,,,,
2025-08-08,2025-08-11,weekend,recession,-1,12.5,12.5,0.0,-0.0,-0.0,5.02244404683605,3.608069525931068,-13.472866273969153,2.436689583154017,,False,,,,,
2025-08-11,2025-08-12,overnight,recession,-1,12.5,13.0,0.5,-0.5,-0.0,38.689586839248946,-14.883516896707638,39.95281163979403,41.90236748376152,,False,,,,,
2025-08-12,2025-08-13,overnight,recession,-1,12.0,11.0,-1.0,1.0,1.5,35.323042449892924,11.009288117722615,10.244470314317855,47.23975035343608,,False,,,,,
2025-08-13,2025-08-14,overnight,recession,-1,11.5,11.5,0.0,-0.0,-0.0,-32.40913038084603,19.13533191244543,-36.27175918032077,-35.6681313000784,,False,,,,,
2025-08-14,2025-08-15,overnight,recession,-1,11.5,12.5,1.0,-1.0,-1.0,16.28058424039347,-29.257418845493042,-4.4872191619727,-1.0347325216442105,,False,,,,,
2025-08-15,2025-08-18,weekend,recession,-1,12.5,12.5,0.0,-0.0,-0.0,-9.014049484024067,-2.022213234608161,-0.7777138324172039,-13.68605235348097,,False,,,,,
2025-08-18,2025-08-19,overnight,recession,-1,12.0,12.5,0.5,-0.5,-0.5,-2.3318357765789166,-3.887299415350487,-1.7101192419510802,-12.30289377924132,,False,,,,,
2025-08-19,2025-08-20,overnight,recession,-1,12.5,12.5,0.0,-0.0,-0.0,-5.783328383638375,-62.715045355020706,6.10319087338107,-16.687745924675035,,False,,,,,
2025-08-20,2025-08-21,overnight,recession,-1,12.5,12.5,0.0,-0.0,-0.0,-27.897062972134236,-18.073803985666494,-4.241614955620143,-26.508792082707842,,False,,,,,
2025-08-21,2025-08-22,overnight,recession,-1,12.0,11.0,-1.0,1.0,1.0,34.29938009377187,10.191921726041553,12.402467934125028,23.965064261874947,,False,,,,,
2025-08-22,2025-08-25,weekend,recession,-1,11.5,11.5,0.0,-0.0,-0.0,-19.061788088707843,4.658095770451176,3.26173058105228,-27.797688770783147,,False,,,,,
2025-08-25,2025-08-26,overnight,recession,-1,11.0,11.0,0.0,-0.0,-0.0,-4.202530857471132,5.5278729367791435,2.1804815749315587,-9.117208731480586,,False,,,,,
2025-08-26,2025-08-27,overnight,recession,-1,11.0,10.5,-0.5,0.5,0.5,-8.68042100041766,12.101090649578872,-18.891590145402315,-18.510433947436233,,False,,,,,
2025-08-27,2025-08-28,overnight,recession,-1,10.0,10.5,0.5,-0.5,-0.5,9.588320806657169,-20.08528521104891,4.173300153020865,9.93827806256009,,False,,,,,
2025-08-28,2025-08-29,overnight,recession,-1,10.5,12.0,1.5,-1.5,-2.5,-21.883524172047196,-30.27167281881793,5.099360262077468,-41.84934236747817,,False,,,,,
2025-08-29,2025-09-02,holiday,recession,-1,10.0,8.5,-1.5,1.5,1.5,-116.89197569142995,24.627450980392318,-39.373769569700514,-157.8089109431713,,False,,,,,
2025-09-02,2025-09-03,overnight,recession,-1,8.5,8.5,0.0,-0.0,-0.0,36.54365717676633,-11.35886224656324,-0.4667807686331571,63.82376860790018,,False,,,,,
2025-09-03,2025-09-04,overnight,recession,-1,8.5,7.5,-1.0,1.0,-0.0,12.118575601267612,6.672666894262935,0.0,13.158125581149704,,False,,,,,
2025-09-04,2025-09-05,overnight,recession,-1,7.5,7.5,0.0,-0.0,0.4999999999999991,38.36730920353082,-6.370111131577261,24.928446126857295,90.74000034766439,,False,,,,,
2025-09-05,2025-09-08,weekend,recession,-1,7.5,7.5,0.0,-0.0,-0.5,21.785819131348028,-3.8543368998800176,5.707674508290683,40.62288422478133,,False,,,,,
2025-09-08,2025-09-09,overnight,recession,-1,7.5,8.5,1.0,-1.0,-1.0,2.6202219482129863,0.7704516387496696,-9.852065085205197,14.68504889257316,,False,,,,,
2025-09-09,2025-09-10,overnight,recession,-1,9.0,9.0,0.0,-0.0,-0.0,50.58970061353474,-0.35035647624082067,15.30750619425314,56.33366065429746,,False,,,,,
2025-09-10,2025-09-11,overnight,recession,-1,8.0,11.0,3.0,-3.0,-0.5,29.974318678369638,21.2479745635763,7.0366517775188875,43.74031341484397,,False,,,,,
2025-09-11,2025-09-12,overnight,recession,-1,10.0,10.5,0.5,-0.5,-1.0,-0.15206581408411246,5.930656934305389,0.28893778865279884,16.264616754266825,,False,,,,,
2025-09-12,2025-09-15,weekend,recession,-1,10.5,9.5,-1.0,1.0,1.0,33.76836725381027,15.31138196592119,10.623121983790451,30.341253877885777,,False,,,,,
2025-09-15,2025-09-16,overnight,recession,-1,9.5,9.5,0.0,-0.0,-0.0,9.381856699703928,-17.990233873040886,-6.949375311587902,15.379415244212158,,False,,,,,
2025-09-16,2025-09-17,overnight,recession,-1,8.0,7.000000000000001,-0.9999999999999991,0.9999999999999991,0.9999999999999991,1.2122497840683089,-1.969667126255903,8.491925089089136,-1.184092562206418,,False,,,,,
2025-09-17,2025-09-18,overnight,recession,-1,5.0,6.5,1.5,-1.5,-1.5,41.111684213721574,2.5684026046612907,-33.27812076494574,84.4167952129915,,False,,,,,
2025-09-18,2025-09-19,overnight,recession,-1,7.000000000000001,6.5,-0.5000000000000009,0.5000000000000009,0.5000000000000009,0.7549676873841449,-2.7176784986349123,10.882544096975089,32.75219187745648,,False,,,,,
2025-09-19,2025-09-22,weekend,recession,-1,7.000000000000001,5.5,-1.5000000000000009,1.5000000000000009,1.5000000000000009,-21.69851124103395,18.27242524916839,3.7767202960958812,-28.526148969889586,,False,,,,,
2025-09-22,2025-09-23,overnight,recession,-1,6.5,6.5,0.0,-0.0,0.5,-0.599916011757573,2.5497960163178846,-1.9494638974282275,2.158607863973483,,False,,,,,
2025-09-23,2025-09-24,overnight,recession,-1,5.5,6.5,1.0,-1.0,-1.0,19.2994888650988,-22.12156325713699,0.9030024832568095,24.07463135720933,,False,,,,,
2025-09-24,2025-09-25,overnight,recession,-1,6.5,6.5,0.0,-0.0,-0.0,-46.89580055669662,-34.95759491747074,-7.59370633618861,-64.75858135086887,,False,,,,,
2025-09-25,2025-09-26,overnight,recession,-1,6.5,6.5,0.0,-0.0,-0.0,23.710008359296708,34.571120983759585,12.144949977985764,13.478224243956838,,False,,,,,
2025-09-26,2025-09-29,weekend,recession,-1,6.5,6.5,0.0,-0.0,-0.0,39.440876463920915,2.4835932325850685,-9.02309913378252,51.33797500209924,,False,,,,,
2025-09-29,2025-09-30,overnight,recession,-1,6.5,6.5,0.0,-0.0,-0.0,-10.246982414371386,2.2626823344862323,8.001207729468884,-5.344467640919781,,False,,,,,
2025-09-30,2025-10-01,overnight,recession,-1,6.5,6.5,0.0,-0.0,1.0,-44.136854273318924,8.519685751768868,-11.146089078338806,-52.63771592291078,,True,e16-2025-10-01-shutdown,Government shutdown begins at midnight,shutdown,2025-10-01T00:00,exact (deadline); loose market fit
2025-10-01,2025-10-02,overnight,recession,-1,5.5,5.5,0.0,-0.0,-0.0,29.019760362598568,-15.362816019093284,1.9393722401250812,62.824274371342526,,False,,,,,
2025-10-02,2025-10-03,overnight,recession,-1,6.0,6.0,0.0,-0.0,-0.0,12.253986281514084,13.431543754385267,-2.0891468819483894,13.372956909361022,,False,,,,,
2025-10-03,2025-10-06,weekend,recession,-1,6.5,5.5,-1.0,1.0,1.0,36.462536238381915,-23.897442005896828,1.0423646787294238,87.7883794381229,,False,,,,,
2025-10-06,2025-10-07,overnight,recession,-1,6.5,5.5,-1.0,1.0,1.0,14.145535222380712,-4.609391262971885,7.737864944494799,21.556334435832714,,False,,,,,
2025-10-07,2025-10-08,overnight,recession,-1,6.0,5.5,-0.5,0.5,0.5,16.738152526414307,0.447594181274269,-1.3426022615392608,15.550813109004302,,False,,,,,
2025-10-08,2025-10-09,overnight,recession,-1,6.0,6.5,0.5,-0.5,-0.0,6.8343560105188494,-23.978144997253146,6.685683722587044,0.49063701038409846,,False,,,,,
2025-10-09,2025-10-10,overnight,recession,-1,6.5,5.5,-1.0,1.0,1.0,14.30338066361836,13.092705280228767,-0.29755262962116724,11.462256427050566,,False,,,,,
2025-10-10,2025-10-13,weekend,recession,-1,6.5,5.5,-1.0,1.0,1.0,115.44762750532067,33.73647165670235,5.603683285879679,172.94757288141227,,False,,,,,
2025-10-13,2025-10-14,overnight,recession,-1,5.5,5.5,0.0,-0.0,-0.0,-88.6810949400496,-5.325866975058879,-8.058385282044833,-111.78659225300703,,False,,,,,
2025-10-14,2025-10-15,overnight,recession,-1,5.5,5.5,0.0,-0.0,-0.0,69.76744186046434,22.344860682042,3.3003300330047836,99.65721929604543,,False,,,,,
2025-10-15,2025-10-16,overnight,recession,-1,5.5,5.5,0.0,-0.0,-0.0,26.162266193541228,-2.77436189676461,-12.581253931640557,48.99030158097561,,False,,,,,
2025-10-16,2025-10-17,overnight,recession,-1,5.5,6.0,0.5,-0.5,-0.5,-17.407099069097764,17.892342683849538,2.578375017061596,-33.66835008417057,,False,,,,,
2025-10-17,2025-10-20,weekend,recession,-1,5.5,5.5,0.0,-0.0,-0.0,45.158959537572315,21.279146436492535,14.4066270484422,53.984235278532466,,False,,,,,
2025-10-20,2025-10-21,overnight,recession,-1,5.5,5.5,0.0,-0.0,-0.5,2.5325129977527006,-12.957226259978638,-3.870775643888269,1.4716703458428348,,False,,,,,
2025-10-21,2025-10-22,overnight,recession,-1,5.5,5.0,-0.5,0.5,0.5,10.874908755047485,-10.863095238095033,14.1569182624246,-9.64982581246443,,False,,,,,
2025-10-22,2025-10-23,overnight,recession,-1,5.5,5.5,0.0,-0.0,-0.0,4.9416732805229735,27.53996288092031,20.69772325044239,-7.763718656050855,,False,,,,,
2025-10-23,2025-10-24,overnight,recession,-1,5.0,5.5,0.5,-0.5,0.5,71.91459583401726,12.269757265763737,33.81886143166702,88.2738290206353,,False,,,,,
2025-10-24,2025-10-27,weekend,recession,-1,5.0,5.5,0.5,-0.5,0.5,82.99980800756224,5.126477524057815,4.689263053003767,121.55197562477626,,False,,,,,
2025-10-27,2025-10-28,overnight,recession,-1,5.0,5.0,0.0,-0.0,-0.0,27.292098426690004,-20.812167964485706,17.7886648294745,36.3011081390896,,False,,,,,
2025-10-28,2025-10-29,overnight,recession,-1,4.5,4.5,0.0,-0.0,,25.328248275058307,12.341735393193165,-1.596910703657306,42.66144195673949,,False,,,,,
2025-10-29,2025-10-30,overnight,recession,-1,4.5,4.5,0.0,-0.0,-0.0,-49.46893641786687,16.157332943413927,-41.64482497524658,-58.1879944013719,,False,,,,,
2025-10-30,2025-10-31,overnight,recession,-1,4.5,3.3000000000000003,-1.1999999999999997,1.1999999999999997,1.15,74.85844547393094,-22.918369730233756,-7.293520436444378,130.34935544160575,,False,,,,,
2025-10-31,2025-11-03,weekend,recession,-1,3.35,3.45,0.10000000000000009,-0.10000000000000009,-0.15000000000000036,53.959735479991444,-45.79462423614844,23.682479350923824,94.0892258300341,,False,,,,,
2025-11-03,2025-11-04,overnight,recession,-1,3.55,3.6999999999999997,0.1499999999999999,-0.1499999999999999,-0.1499999999999999,-105.94863539913679,38.036710002808945,-6.799000842485636,-139.69087658793677,,False,,,,,
2025-11-04,2025-11-05,overnight,recession,-1,4.3999999999999995,4.55,0.15000000000000036,-0.15000000000000036,-0.15000000000000036,-5.478640704820181,34.07508370618429,2.667457024303488,-12.111620696337866,,False,,,,,
2025-11-05,2025-11-06,overnight,recession,-1,4.6,4.45,-0.14999999999999947,0.14999999999999947,0.20000000000000018,-15.35032693244287,-34.43759516312706,-35.05929144877351,-24.06584414959334,,False,,,,,
2025-11-06,2025-11-07,overnight,recession,-1,4.65,4.3,-0.35000000000000053,0.35000000000000053,0.40000000000000036,-35.06102109629094,-24.85364794657885,8.541373213053483,-55.419323197647415,,False,,,,,
2025-11-07,2025-11-10,weekend,recession,-1,4.6,3.5000000000000004,-1.0999999999999992,1.0999999999999992,1.0999999999999992,93.97403603952803,19.3433593951875,1.8460811389586773,150.22303857255227,,True,e17-2025-11-09-senate,Senate advances bill to end shutdown (Sunday night),shutdown,2025-11-09T21:00,approx +-1 h; loose market fit
2025-11-10,2025-11-11,overnight,recession,-1,4.25,4.25,0.0,-0.0,-0.0,-20.25450222359226,11.030222810499701,3.82527328635085,-41.8819602682996,,False,,,,,
2025-11-11,2025-11-12,overnight,recession,-1,4.1000000000000005,3.5999999999999996,-0.5000000000000009,0.5000000000000009,0.4500000000000006,27.676087274857153,-15.406182917390154,-7.150361895867929,53.41742824044316,,False,,,,,
2025-11-12,2025-11-13,overnight,recession,-1,4.1000000000000005,3.8,-0.3000000000000007,0.3000000000000007,0.3000000000000007,-41.41483616993291,-24.981631153564443,-27.550631612883734,-56.35707844905302,,False,,,,,
2025-11-13,2025-11-14,overnight,recession,-1,4.6,3.95,-0.6499999999999995,0.6499999999999995,0.6499999999999995,-99.39588727196913,49.7460097989122,-6.158097898736337,-145.6254828158643,,False,,,,,
2025-11-14,2025-11-17,weekend,recession,-1,4.05,4.65,0.6000000000000005,-0.6000000000000005,0.3999999999999999,-33.484634273382994,45.69210094071963,-36.30196090100179,-41.39154429880887,,False,,,,,
2025-11-17,2025-11-18,overnight,recession,-1,4.15,4.45,0.2999999999999998,-0.2999999999999998,-0.2999999999999998,-54.00411602998423,-52.031808124212155,10.50801330511053,-66.76054004804088,,False,,,,,
2025-11-18,2025-11-19,overnight,recession,-1,4.35,4.15,-0.1999999999999993,0.1999999999999993,0.1999999999999993,9.694913200231081,74.00345046762791,-29.122844079613188,12.409236496571108,,False,,,,,
2025-11-19,2025-11-20,overnight,recession,-1,4.15,3.95,-0.20000000000000018,0.20000000000000018,0.20000000000000018,154.8328680298794,29.72165668514437,27.568324739963845,197.74576497265662,,False,,,,,
2025-11-20,2025-11-21,overnight,recession,-1,3.85,4.1000000000000005,0.25000000000000044,-0.25000000000000044,-0.25000000000000044,38.61891407291651,-8.090985420959873,-5.950201391433652,30.686075911328103,,False,,,,,
2025-11-21,2025-11-24,weekend,recession,-1,4.05,3.25,-0.7999999999999998,0.7999999999999998,0.8499999999999996,55.078445058114326,20.371516093495856,1.0564124234102579,86.75613392978177,,False,,,,,
2025-11-24,2025-11-25,overnight,recession,-1,3.35,3.2,-0.1499999999999999,0.1499999999999999,0.40000000000000036,-2.541866028707984,3.589429131207744,-1.1963332386244474,-29.73682906279307,,False,,,,,
2025-11-25,2025-11-26,overnight,recession,-1,3.05,2.75,-0.2999999999999998,0.2999999999999998,0.19999999999999973,38.81423978904009,-4.722341100601435,12.707419064084124,59.12203773956737,,False,,,,,
2025-11-26,2025-11-28,holiday,recession,-1,3.45,2.35,-1.1,1.1,1.0,18.098082780335645,5.581176747055938,-17.301038062282892,29.301167163160446,,False,,,,,
2025-11-28,2025-12-01,weekend,recession,-1,2.65,1.8499999999999999,-0.8,0.8,0.8,-67.0188325846155,38.891589693730296,7.076201848656982,-90.75494549858676,,False,,,,,
2025-12-01,2025-12-02,overnight,recession,-1,1.95,2.1,0.15000000000000013,-0.15000000000000013,-0.0,24.255075190733333,6.01243547630359,-2.1991877666527326,36.616979909267485,,False,,,,,
2025-12-02,2025-12-03,overnight,recession,-1,1.95,1.5,-0.44999999999999996,0.44999999999999996,0.5999999999999999,-13.353289898455634,4.408069706274276,-42.576227541405444,-39.38463516967583,,False,,,,,
2025-12-03,2025-12-04,overnight,recession,-1,1.7500000000000002,2.45,0.7,-0.7,-0.7,21.789678419443792,-32.9052969502408,11.248593925758943,22.45280900678326,,False,,,,,
2025-12-04,2025-12-05,overnight,recession,-1,2.45,1.8499999999999999,-0.6000000000000003,0.6000000000000003,0.5000000000000002,15.634132086499442,20.78865595868562,-5.977722050504175,24.403557781844665,,False,,,,,
2025-12-05,2025-12-08,weekend,recession,-1,1.7500000000000002,1.55,-0.20000000000000018,0.20000000000000018,0.2500000000000002,13.709618610078245,-16.749442898964517,-3.639857899947474,27.177822896518045,,False,,,,,
2025-12-08,2025-12-09,overnight,recession,-1,1.7500000000000002,2.0,0.24999999999999978,-0.24999999999999978,-0.30000000000000004,-7.021341953981075,18.88311498206896,-12.28088129943461,-18.744592905891587,,False,,,,,
2025-12-09,2025-12-10,overnight,recession,-1,1.7999999999999998,1.35,-0.44999999999999973,0.44999999999999973,0.44999999999999973,-7.173706170851002,8.204406938585596,0.0,-20.156452464366037,,False,,,,,
2025-12-10,2025-12-11,overnight,recession,-1,1.4500000000000002,0.95,-0.5000000000000002,0.5000000000000002,0.2500000000000002,-33.74741803159553,-36.78080392328531,-8.895370032810934,-59.43749502031581,,False,,,,,
2025-12-11,2025-12-12,overnight,recession,-1,1.05,1.05,0.0,-0.0,-0.09999999999999987,-14.147965957818087,-9.881279335047788,-1.598186784448341,-56.583868802148054,,False,,,,,
2025-12-12,2025-12-15,weekend,recession,-1,1.05,0.65,-0.4,0.4,0.4,58.96849146276972,-48.2690232449623,10.36450958352253,78.23068272568622,,False,,,,,
2025-12-15,2025-12-16,overnight,recession,-1,0.65,0.65,0.0,-0.0,-0.0,-21.595416483032317,22.96718342829296,-18.36938631554208,-36.5280348572461,,False,,,,,
2025-12-16,2025-12-17,overnight,recession,-1,1.4000000000000001,0.7000000000000001,-0.7000000000000001,0.7000000000000001,0.7000000000000001,15.17249506525653,-9.266204827251823,-18.351587045247754,20.59496567505814,,False,,,,,
2025-12-17,2025-12-18,overnight,recession,-1,1.15,1.0999999999999999,-0.050000000000000044,0.050000000000000044,-0.0,93.84775808133571,6.788665879573497,50.877375142768244,157.2389899393678,,False,,,,,
2025-12-18,2025-12-19,overnight,recession,-1,0.8500000000000001,0.8500000000000001,0.0,-0.0,0.10000000000000009,1.6260643330179292,47.73939904521241,24.149579234324925,45.96568989575722,,False,,,,,
2025-12-19,2025-12-22,weekend,recession,-1,0.95,0.65,-0.29999999999999993,0.29999999999999993,0.35,49.22199856007392,0.4386349679785795,9.8204367533139,66.58674097595795,,False,,,,,
2025-12-22,2025-12-23,overnight,recession,-1,0.65,0.7000000000000001,0.050000000000000044,-0.050000000000000044,-0.09999999999999998,-12.704624775479179,21.78617382150083,-12.412926968179416,-15.50487757606911,,False,,,,,
2025-12-23,2025-12-24,overnight,recession,-1,0.5499999999999999,0.5,-0.04999999999999993,0.04999999999999993,-0.0,0.581471413412249,9.448361072752487,-2.0346175645624687,-3.5357837386096325,,False,,,,,
2025-12-24,2025-12-26,holiday,recession,-1,0.5,0.44999999999999996,-0.050000000000000044,0.050000000000000044,0.050000000000000044,3.766041889974314,1.8823120583810748,3.3313538332291337,11.700030452135302,,False,,,,,
2025-12-26,2025-12-29,weekend,recession,-1,0.44999999999999996,0.2,-0.24999999999999994,0.24999999999999994,0.19999999999999996,-39.261137269105404,0.2908921662747588,-12.347651767167234,-59.95126955629648,,False,,,,,
2025-12-29,2025-12-30,overnight,recession,-1,0.25,0.25,0.0,-0.0,-0.04999999999999999,-5.742614561525805,9.382568787321688,-3.7080122146282424,-16.750418760468342,,False,,,,,
2025-12-30,2025-12-31,overnight,recession,-1,0.25,0.2,-0.04999999999999999,0.04999999999999999,0.04999999999999999,2.911462427577227,-17.172628576417324,11.947779461474184,3.713151012236793,,False,,,,,
