event,name,family,closure,open_day,kind,market,news_et,precision,pm_close,pm_open,dpm_pp,dpm_o_pp,gap_bp,ret30_bp,resid_bp,dpm_early_o_pp,gap_qqq_bp,agree,reason
e01-2024-07-13-attempt,Trump assassination attempt (Saturday evening),political,2024-07-12,2024-07-15,weekend,election,2024-07-13T18:11,exact (shots fired 18:11 ET),59.5,70.5,11.0,11.0,38.04250759064098,-1.9571908972837448,3.2037020557074136,11.0,35.76913749899102,yes,
e02-2024-07-21-biden,Biden withdraws from the race (Sunday afternoon),political,2024-07-19,2024-07-22,weekend,election,2024-07-21T13:46,exact (X post 13:46 ET),65.5,64.5,-1.0,-1.0,74.1442442570106,-6.14647377938371,16.845689858169255,-1.0,124.5686390034506,no,
e03-2024-09-15-second,Second Trump assassination attempt (Sunday afternoon),political,2024-09-13,2024-09-16,weekend,election,2024-09-15T14:00,approx +-1 h,49.25,49.05,-0.2000000000000028,-0.2000000000000028,-3.559098836175556,13.17335422081456,0.5340834238309888,-0.2000000000000028,-45.230782176967075,PM move below 1 pp,
e04-2024-11-06-election,Election called for Trump overnight,election,2024-11-05,2024-11-06,overnight,election,2024-11-06T02:30,approx +-1 h (first network call about 02:25 ET),61.150000000000006,99.75,38.599999999999994,38.599999999999994,217.10480682527677,-52.44399185336146,-8.47888756995041,38.7,168.8166582021333,yes,
e06-2025-01-26-deepseek,DeepSeek AI model shock (Sunday night),tech-shock,2025-01-24,2025-01-27,weekend,recession,2025-01-26T18:00,approx +-3 h (news built through Sunday),25.5,24.5,-1.0,1.0,-216.1361954108087,64.0540676854795,-4.033274514746443,1.0,-351.9371648667013,no,
e05-2025-02-01-tariffs,Canada/Mexico/China tariff orders signed (Saturday),weekend-tariff,2025-01-31,2025-02-03,weekend,recession,2025-02-01T17:00,approx +-2 h,25.0,23.5,-1.5,1.5,-151.7115320704554,-10.695665378708252,14.193264957840237,1.5,-168.6834648081481,no,
e07-2025-04-02-liberation,Liberation Day tariff announcement (Wednesday 16:00 ET),weekend-tariff,2025-04-02,2025-04-03,overnight,recession,2025-04-02T16:15,approx +-30 min,39.5,45.0,5.5,-5.5,-346.055078367129,-3.4855350296281173,-16.3003663003658,-7.5,-413.9451853407539,yes,
e08-2025-04-06-medicine,"Weekend tariff turmoil, Sunday take-medicine remarks",weekend-tariff,2025-04-04,2025-04-07,weekend,recession,2025-04-06T18:00,approx +-3 h,55.50000000000001,63.5,7.999999999999993,-7.999999999999993,-322.65084075173144,132.87270794578808,-86.7327294465725,-8.499999999999993,-343.60015992393136,yes,
e09-2025-04-11-exemption,Electronics tariff exemption notice (Friday night),weekend-tariff,2025-04-11,2025-04-14,weekend,recession,2025-04-11T22:00,approx +-2 h,61.5,50.5,-11.0,11.0,188.58384209146317,-65.80277548019376,74.44030887172826,9.0,224.99119408242228,yes,
e10-2025-05-12-geneva,US-China Geneva tariff truce statement (Monday pre-market),weekend-tariff,2025-05-09,2025-05-12,weekend,recession,2025-05-12T05:00,approx +-2 h,50.5,41.5,-9.0,9.0,304.453383898351,-46.09008203346754,8.089500860586352,7.0,388.0749923163607,yes,
e11-2025-05-25-eu,"EU 50 pct tariff postponed (Sunday, Memorial Day weekend)",weekend-tariff,2025-05-23,2025-05-27,holiday,recession,2025-05-25T07:00,approx +-2 h,40.5,37.0,-3.5,3.5,119.3107258788606,1.0237684918168457,-24.17062418083593,3.0,134.76697301028074,yes,
e12-2025-06-12-israel-iran,Israel strikes Iran (Thursday night),geopolitical,2025-06-12,2025-06-13,overnight,recession,2025-06-12T20:00,approx +-1 h,22.5,27.500000000000004,5.0000000000000036,-5.0000000000000036,-86.46392367322674,-5.847953216374657,0.3341799224698683,-4.0,-112.0563654761464,yes,
e13-2025-06-21-us-strikes,US strikes Iranian nuclear sites (Saturday night),geopolitical,2025-06-20,2025-06-23,weekend,recession,2025-06-21T19:50,approx +-30 min,28.499999999999996,31.5,3.0000000000000036,-3.0000000000000036,13.631085606582438,27.05700457112048,20.207463289774186,-3.0000000000000036,1.8985779651026211,no,
e14-2025-06-23-ceasefire,Israel-Iran ceasefire announced (Monday evening),geopolitical,2025-06-23,2025-06-24,overnight,recession,2025-06-23T18:02,approx +-30 min,27.500000000000004,26.5,-1.0000000000000036,1.0000000000000036,69.98483661873279,-4.633230188805237,-8.266785708380686,2.0000000000000036,97.61143501974657,yes,
e15-2025-07-12-letters,30 pct tariff letters to EU and Mexico (Saturday),weekend-tariff,2025-07-11,2025-07-14,weekend,recession,2025-07-12T12:00,approx +-3 h,19.5,21.5,2.0,-2.0,-7.216048491847093,-7.863149110982626,20.58274908342428,-1.5,-3.969614406091893,yes,
e16-2025-10-01-shutdown,Government shutdown begins at midnight,shutdown,2025-09-30,2025-10-01,overnight,recession,2025-10-01T00:00,exact (deadline); loose market fit,6.5,6.5,0.0,-0.0,-44.13685427331893,8.519685751768868,-11.146089078338806,1.0,-52.63771592291078,PM move below 1 pp,
e17-2025-11-09-senate,Senate advances bill to end shutdown (Sunday night),shutdown,2025-11-07,2025-11-10,weekend,recession,2025-11-09T21:00,approx +-1 h; loose market fit,4.6,3.5000000000000004,-1.0999999999999992,1.0999999999999992,93.97403603952804,19.3433593951875,1.846081138958677,1.0999999999999992,150.22303857255227,yes,
