variant,segment,set,markets,events,hypothesis,what,value,ci_lo,ci_hi,judged,passes,hedged,unhedged,share_of_draws_not_worse,hedged_pct_of_capital,unhedged_pct_of_capital,rule_mean,left_mean,left_markets
P,ALL,rule,52,29,H1,"mean hedged P&L per ticket, points",5.615663419758604,-11.941408277904966,20.850423123498615,True,False,,,,,,,,
P,ALL,rule,52,29,H2a,sd of hedged P&L per market / sd unhedged,1.3330778775616372,0.8831187188612843,1.9296060252426008,True,False,50.89719673981071,38.180212571607534,,,,,,
P,ALL,rule,52,29,H2b,"worst month of the hedged book minus the unhedged book's, dollars",-156.91807622992872,-701.6019251428,-33.412200000000006,True,False,-233.86730838093334,-76.94923215100462,0.0105,-0.2053142503121584,-0.11087923935870214,,,
P,ALL,full,252,57,H2a,sd of hedged P&L per market / sd unhedged,1.4911947425852778,1.3334642654900315,1.6687538575773635,False,False,52.87814694907289,35.46025575264454,,,,,,
P,ALL,full,252,57,H2b,"worst month of the hedged book minus the unhedged book's, dollars",-230.25129674675668,-1160.088865108592,-148.09953680685425,False,False,-294.3816585671249,-64.13036182036818,0.001,-0.04573503842123956,-0.018532982766090753,,,
P,ALL,rule minus left,52,57,H3,"mean hedged P&L, rule subset minus left markets, points",18.85619103104178,1.9132873782778335,33.73164011486589,True,True,,,,,,5.615663419758606,-13.240527611283177,200
P,IS,rule,50,27,H1,"mean hedged P&L per ticket, points",5.599133431834487,-11.622566437574024,20.455937420779566,False,False,,,,,,,,
P,IS,rule,50,27,H2a,sd of hedged P&L per market / sd unhedged,1.3556416829050772,0.8807775419530364,1.9143986001179814,False,False,51.88197105864102,38.27115358939123,,,,,,
P,IS,rule,50,27,H2b,"worst month of the hedged book minus the unhedged book's, dollars",-156.91807622992872,-643.6356026583389,-14.236992727200011,False,False,-233.86730838093334,-76.94923215100462,0.0145,-0.2053142503121584,-0.11087923935870214,,,
P,IS,full,238,52,H2a,sd of hedged P&L per market / sd unhedged,1.5104595815500264,1.3407326672300857,1.6920501993085244,False,False,54.36427169913929,35.991874501766496,,,,,,
P,IS,full,238,52,H2b,"worst month of the hedged book minus the unhedged book's, dollars",-230.25129674675668,-1156.905660096114,-131.43213288845217,False,False,-294.3816585671249,-64.13036182036818,0.002,-0.04573503842123956,-0.018532982766090753,,,
P,IS,rule minus left,50,52,H3,"mean hedged P&L, rule subset minus left markets, points",19.291568935002438,2.1555286163761536,34.88193218266484,False,True,,,,,,5.599133431834489,-13.69243550316795,188
P,OOS,rule,2,2,H1,"mean hedged P&L per ticket, points",6.0289131178615385,nan,nan,False,False,,,,,,,,
P,OOS,rule,2,2,H2a,sd of hedged P&L per market / sd unhedged,6.599686031772302,nan,nan,False,False,14.872595480154363,2.253530760183818,,,,,,
P,OOS,rule,2,2,H2b,"worst month of the hedged book minus the unhedged book's, dollars",-122.95753223572311,nan,nan,False,False,-35.323800000000006,87.6337322357231,nan,-0.25059986774154047,1.3014940786618308,,,
P,OOS,full,14,5,H2a,sd of hedged P&L per market / sd unhedged,0.49943136453977355,0.3483682430560594,0.59079696847885,False,True,8.827536891334569,17.675175245489744,,,,,,
P,OOS,full,14,5,H2b,"worst month of the hedged book minus the unhedged book's, dollars",-124.4538217633464,-361.2533997633453,-1.4680215266938434,False,False,-122.5018217633464,1.952,0.014,-0.12652244504692212,0.002726316935065573,,,
P,OOS,rule minus left,2,5,H3,"mean hedged P&L, rule subset minus left markets, points",12.189550422950013,0.14534841585292446,22.778276315139845,False,True,,,,,,6.0289131178615385,-6.160637305088472,12
A,ALL,rule,52,29,H1,"mean hedged P&L per ticket, points",13.452916167011356,1.4263435117779673,22.801269548943456,False,True,,,,,,,,
A,ALL,rule,52,29,H2a,sd of hedged P&L per market / sd unhedged,0.7713143166063979,0.40926340581119713,1.0606117715609087,False,False,29.448944567556467,38.180212571607534,,,,,,
A,ALL,rule,52,29,H2b,"worst month of the hedged book minus the unhedged book's, dollars",-39.984422039462046,-350.8009625714,-8.729583589080315,False,False,-116.93365419046667,-76.94923215100462,0.0215,-0.12934161618964832,-0.11087923935870214,,,
A,ALL,full,252,57,H2a,sd of hedged P&L per market / sd unhedged,0.9758553110436283,0.8816856115110201,1.0718593691187897,False,False,34.60407890718355,35.46025575264454,,,,,,
A,ALL,full,252,57,H2b,"worst month of the hedged book minus the unhedged book's, dollars",-77.80781562450004,-508.10018727520435,-2.460000000000001,False,False,-141.93817744486822,-64.13036182036818,0.017,-0.028683031916912398,-0.018532982766090753,,,
A,ALL,rule minus left,52,57,H3,"mean hedged P&L, rule subset minus left markets, points",19.377781278294542,7.4378749302717395,29.95094365502111,False,True,,,,,,13.452916167011354,-5.924865111283184,200
A,IS,rule,50,27,H1,"mean hedged P&L per ticket, points",12.74167628897735,0.17348208049165442,22.273571955845124,False,True,,,,,,,,
A,IS,rule,50,27,H2a,sd of hedged P&L per market / sd unhedged,0.7788141792654981,0.42624174241206836,1.0621494628669408,False,False,29.806117072265554,38.27115358939123,,,,,,
A,IS,rule,50,27,H2b,"worst month of the hedged book minus the unhedged book's, dollars",-39.984422039462046,-292.834640086939,0.0,False,False,-116.93365419046667,-76.94923215100462,0.0345,-0.12934161618964832,-0.11087923935870214,,,
A,IS,full,238,52,H2a,sd of hedged P&L per market / sd unhedged,0.9836667968680092,0.882501851500395,1.0781234887363422,False,False,35.404011904428025,35.991874501766496,,,,,,
A,IS,full,238,52,H2b,"worst month of the hedged book minus the unhedged book's, dollars",-78.4312052192986,-517.7196035964827,-2.414271030924567,False,False,-142.56156703966678,-64.13036182036818,0.0235,-0.02880900721098875,-0.018532982766090753,,,
A,IS,rule minus left,50,52,H3,"mean hedged P&L, rule subset minus left markets, points",19.404204877251686,6.313510782737796,30.061587598705014,False,True,,,,,,12.741676288977349,-6.662528588274336,188
A,OOS,rule,2,2,H1,"mean hedged P&L per ticket, points",31.233913117861544,nan,nan,False,False,,,,,,,,
A,OOS,rule,2,2,H2a,sd of hedged P&L per market / sd unhedged,2.799843015886151,nan,nan,False,False,6.309532359985272,2.253530760183818,,,,,,
A,OOS,rule,2,2,H2b,"worst month of the hedged book minus the unhedged book's, dollars",-105.2956322357231,nan,nan,False,False,-17.661900000000003,87.6337322357231,nan,-0.16958938789030673,1.3014940786618308,,,
A,OOS,full,14,5,H2a,sd of hedged P&L per market / sd unhedged,0.6329594420700523,0.44266125204151296,0.747773974240576,False,True,11.187669061875587,17.675175245489744,,,,,,
A,OOS,full,14,5,H2b,"worst month of the hedged book minus the unhedged book's, dollars",-54.354921763346645,-177.31872199999918,0.0,False,False,-52.40292176334665,1.952,0.1615,-0.06222862536987526,0.002726316935065573,,,
A,OOS,rule minus left,2,5,H3,"mean hedged P&L, rule subset minus left markets, points",25.602050422950036,17.20688604992976,32.922707723773705,False,True,,,,,,31.233913117861544,5.631862694911507,12
B,ALL,rule,52,29,H1,"mean hedged P&L per ticket, points",11.9050407091359,-1.6520422078859285,25.465303079235728,False,False,,,,,,,,
B,ALL,rule,52,29,H2a,sd of hedged P&L per market / sd unhedged,1.1693629570799156,0.8850733222007056,1.493575249380704,False,False,44.646526274674756,38.180212571607534,,,,,,
B,ALL,rule,52,29,H2b,"worst month of the hedged book minus the unhedged book's, dollars",-64.06041595600004,-277.52321301079996,-23.839910845380185,False,False,-141.00964810700467,-76.94923215100462,0.0125,-0.1236957628028274,-0.11087923935870214,,,
B,ALL,full,252,57,H2a,sd of hedged P&L per market / sd unhedged,1.4249878247986436,1.2887837521840098,1.5697919905613908,False,False,50.53043271176453,35.46025575264454,,,,,,
B,ALL,full,252,57,H2b,"worst month of the hedged book minus the unhedged book's, dollars",-311.60529408871946,-1066.8376493081753,-131.09320617229403,False,False,-375.73565590908765,-64.13036182036818,0.002,-0.05764308862451629,-0.018532982766090753,,,
B,ALL,rule minus left,52,57,H3,"mean hedged P&L, rule subset minus left markets, points",26.70209609819686,12.515527250796367,40.36040885814503,False,True,,,,,,11.905040709135896,-14.797055389060963,200
B,IS,rule,50,27,H1,"mean hedged P&L per ticket, points",12.240085812786871,-2.1562346073132255,26.208948143603493,False,False,,,,,,,,
B,IS,rule,50,27,H2a,sd of hedged P&L per market / sd unhedged,1.1891104635450953,0.9032550120053908,1.533867387041228,False,False,45.50862918508655,38.27115358939123,,,,,,
B,IS,rule,50,27,H2b,"worst month of the hedged book minus the unhedged book's, dollars",-64.06041595600004,-256.2416638240002,-3.168076134471952,False,False,-141.00964810700467,-76.94923215100462,0.0215,-0.1236957628028274,-0.11087923935870214,,,
B,IS,full,238,52,H2a,sd of hedged P&L per market / sd unhedged,1.4437767357091456,1.2993433278295965,1.6001545341797159,False,False,51.96423108021366,35.991874501766496,,,,,,
B,IS,full,238,52,H2b,"worst month of the hedged book minus the unhedged book's, dollars",-311.60529408871946,-1074.519433757314,-100.58212334455362,False,False,-375.73565590908765,-64.13036182036818,0.0025,-0.05764308862451629,-0.018532982766090753,,,
B,IS,rule minus left,50,52,H3,"mean hedged P&L, rule subset minus left markets, points",27.37031682422905,12.418128943233206,42.3227797587011,False,True,,,,,,12.24008581278687,-15.130231011442186,188
B,OOS,rule,2,2,H1,"mean hedged P&L per ticket, points",3.52891311786156,nan,nan,False,False,,,,,,,,
B,OOS,rule,2,2,H2a,sd of hedged P&L per market / sd unhedged,2.5205812252884026,nan,nan,False,False,5.680207324729234,2.253530760183818,,,,,,
B,OOS,rule,2,2,H2b,"worst month of the hedged book minus the unhedged book's, dollars",-120.69753223572309,nan,nan,False,False,-33.06379999999999,87.6337322357231,nan,-0.22386240048423778,1.3014940786618308,,,
B,OOS,full,14,5,H2a,sd of hedged P&L per market / sd unhedged,0.4656721568800392,0.34953840364809646,0.7663303594805144,False,True,8.230836979799886,17.675175245489744,,,,,,
B,OOS,full,14,5,H2b,"worst month of the hedged book minus the unhedged book's, dollars",-125.77382176334639,-348.37142199999835,-14.844066000000005,False,False,-123.82182176334639,1.952,0.0,-0.12615029699058966,0.002726316935065573,,,
B,OOS,rule minus left,2,5,H3,"mean hedged P&L, rule subset minus left markets, points",13.106217089616697,7.802076958349804,18.578990617757935,False,True,,,,,,3.52891311786156,-9.57730397175514,12
P2x,ALL,rule,52,29,H1,"mean hedged P&L per ticket, points",-5.298943044329504,-28.140388647381098,12.68242251354041,False,False,,,,,,,,
P2x,ALL,rule,52,29,H2a,sd of hedged P&L per market / sd unhedged,1.6081342962591474,0.9669624946997684,2.5055436983207655,False,False,61.47353737493407,38.22661920583015,,,,,,
P2x,ALL,rule,52,29,H2b,"worst month of the hedged book minus the unhedged book's, dollars",-276.79121134039264,-1066.6464884516001,-62.62394819981956,False,False,-355.5488294838667,-78.75761814347408,0.0005,-0.2781197185040435,-0.11348501537110549,,,
P2x,ALL,full,252,57,H2a,sd of hedged P&L per market / sd unhedged,1.6421168888632307,1.4120516292492293,1.9197886324834357,False,False,58.206139584992435,35.44579559454268,,,,,,
P2x,ALL,full,252,57,H2b,"worst month of the hedged book minus the unhedged book's, dollars",-630.8100129952915,-1722.8619169793367,-345.774496703988,False,False,-698.766535398598,-67.95652240330655,0.0,-0.10027740821559786,-0.01963870190022748,,,
P2x,ALL,rule minus left,52,57,H3,"mean hedged P&L, rule subset minus left markets, points",15.446274040828506,-5.759732734294292,32.65929900964173,False,False,,,,,,-5.298943044329504,-20.74521708515801,200
P2x,IS,rule,50,27,H1,"mean hedged P&L per ticket, points",-5.366577372016264,-26.68642828771442,12.059843357175101,False,False,,,,,,,,
P2x,IS,rule,50,27,H2a,sd of hedged P&L per market / sd unhedged,1.634075166174889,0.9793104513955605,2.4957233379054844,False,False,62.656413162489514,38.34365423296791,,,,,,
P2x,IS,rule,50,27,H2b,"worst month of the hedged book minus the unhedged book's, dollars",-276.79121134039264,-1008.0765095889562,-53.66147375808188,False,False,-355.5488294838667,-78.75761814347408,0.001,-0.2781197185040435,-0.11348501537110549,,,
P2x,IS,full,238,52,H2a,sd of hedged P&L per market / sd unhedged,1.662249084738977,1.435303204811483,1.9442953206419489,False,False,59.83386234545883,35.995725848063586,,,,,,
P2x,IS,full,238,52,H2b,"worst month of the hedged book minus the unhedged book's, dollars",-630.8100129952915,-1731.6594606852411,-335.95731795369153,False,False,-698.766535398598,-67.95652240330655,0.0,-0.10027740821559786,-0.01963870190022748,,,
P2x,IS,rule minus left,50,52,H3,"mean hedged P&L, rule subset minus left markets, points",15.913897089522584,-6.490618515689749,33.26046662951575,False,False,,,,,,-5.366577372016264,-21.28047446153885,188
P2x,OOS,rule,2,2,H1,"mean hedged P&L per ticket, points",-3.6080848521604736,nan,nan,False,False,,,,,,,,
P2x,OOS,rule,2,2,H2a,sd of hedged P&L per market / sd unhedged,8.33941073797178,nan,nan,False,False,18.90395553187754,2.2668214968477676,,,,,,
P2x,OOS,rule,2,2,H2b,"worst month of the hedged book minus the unhedged book's, dollars",-127.93324229567901,nan,nan,False,False,-41.83260000000001,86.100642295679,nan,-0.2729415567771052,1.278725363600645,,,
P2x,OOS,full,14,5,H2a,sd of hedged P&L per market / sd unhedged,0.5700709776753862,0.3560737729608704,0.5898484238592537,False,True,9.917410746588223,17.396799933631186,,,,,,
P2x,OOS,full,14,5,H2b,"worst month of the hedged book minus the unhedged book's, dollars",-168.38264377218408,-479.76179977218294,-9.32604354436918,False,False,-166.47864377218409,1.9040000000000004,0.0,-0.16182695149539247,0.0026592763546951087,,,
P2x,OOS,rule minus left,2,5,H3,"mean hedged P&L, rule subset minus left markets, points",8.751433336364391,-5.436966414857608,20.380329060726986,False,False,,,,,,-3.6080848521604736,-12.359518188524865,12
A2x,ALL,rule,52,29,H1,"mean hedged P&L per ticket, points",7.8224946846082295,-6.557720119777926,18.95992089714373,False,False,,,,,,,,
A2x,ALL,rule,52,29,H2a,sd of hedged P&L per market / sd unhedged,0.927631300928165,0.4804007207945573,1.3713038094496923,False,False,35.4602085039898,38.22661920583015,,,,,,
A2x,ALL,rule,52,29,H2b,"worst month of the hedged book minus the unhedged book's, dollars",-99.01679659845928,-533.3232442258001,-19.873976947199992,False,False,-177.77441474193336,-78.75761814347408,0.01,-0.18954578191538382,-0.11348501537110549,,,
A2x,ALL,full,252,57,H2a,sd of hedged P&L per market / sd unhedged,1.034978974693543,0.9196871467580526,1.160744480318208,False,False,36.68565318163668,35.44579559454268,,,,,,
A2x,ALL,full,252,57,H2b,"worst month of the hedged book minus the unhedged book's, dollars",-141.13556367302692,-759.8015290661048,-58.22464598816644,False,False,-209.09208607633346,-67.95652240330655,0.004,-0.04009946773212341,-0.01963870190022748,,,
A2x,ALL,rule minus left,52,57,H3,"mean hedged P&L, rule subset minus left markets, points",17.592831214210687,3.6040907910466333,29.615995394312307,False,True,,,,,,7.82249468460823,-9.770336529602456,200
A2x,IS,rule,50,27,H1,"mean hedged P&L per ticket, points",7.098317866078978,-7.500264336719742,18.303054285753284,False,False,,,,,,,,
A2x,IS,rule,50,27,H2a,sd of hedged P&L per market / sd unhedged,0.9379441746460905,0.4993830623534828,1.3468960561164403,False,False,35.96420712245616,38.34365423296791,,,,,,
A2x,IS,rule,50,27,H2b,"worst month of the hedged book minus the unhedged book's, dollars",-99.01679659845928,-472.8381050900776,-2.5770108691886295,False,False,-177.77441474193336,-78.75761814347408,0.0245,-0.18954578191538382,-0.11348501537110549,,,
A2x,IS,full,238,52,H2a,sd of hedged P&L per market / sd unhedged,1.0433967816558314,0.9275270207926832,1.167702132685795,False,False,37.55782450323517,35.995725848063586,,,,,,
A2x,IS,full,238,52,H2b,"worst month of the hedged book minus the unhedged book's, dollars",-141.89956367302688,-761.1555876211312,-47.937197486142914,False,False,-209.85608607633344,-67.95652240330655,0.0045,-0.04024598687554119,-0.01963870190022748,,,
A2x,IS,rule minus left,50,52,H3,"mean hedged P&L, rule subset minus left markets, points",17.636738545111918,2.3382162393342845,29.572699829125742,False,True,,,,,,7.098317866078978,-10.53842067903294,188
A2x,OOS,rule,2,2,H1,"mean hedged P&L per ticket, points",25.92691514783951,nan,nan,False,False,,,,,,,,
A2x,OOS,rule,2,2,H2a,sd of hedged P&L per market / sd unhedged,3.6697053689858903,nan,nan,False,False,8.318567017514885,2.2668214968477676,,,,,,
A2x,OOS,rule,2,2,H2b,"worst month of the hedged book minus the unhedged book's, dollars",-107.016942295679,nan,nan,False,False,-20.916300000000007,86.100642295679,nan,-0.18963190409052597,1.278725363600645,,,
A2x,OOS,full,14,5,H2a,sd of hedged P&L per market / sd unhedged,0.6043382242574625,0.36598184256932387,0.7156181688451579,False,True,10.513551179653014,17.396799933631186,,,,,,
A2x,OOS,full,14,5,H2b,"worst month of the hedged book minus the unhedged book's, dollars",-76.59234377218432,-236.8549439999992,0.0,False,False,-74.68834377218433,1.9040000000000004,0.1615,-0.08561597709697509,0.0026592763546951087,,,
A2x,OOS,rule minus left,2,5,H3,"mean hedged P&L, rule subset minus left markets, points",23.663933336364387,14.99629281375693,31.187664582406708,False,True,,,,,,25.92691514783951,2.2629818114751195,12
B2x,ALL,rule,52,29,H1,"mean hedged P&L per ticket, points",2.12047087508442,-12.935758648337114,16.400961781885755,False,False,,,,,,,,
B2x,ALL,rule,52,29,H2a,sd of hedged P&L per market / sd unhedged,1.2336742014392796,0.8959940379376863,1.653614623333856,False,False,47.159193922475936,38.22661920583015,,,,,,
B2x,ALL,rule,52,29,H2b,"worst month of the hedged book minus the unhedged book's, dollars",-76.46458249200009,-416.75793418160004,-39.0076,False,False,-155.22220063547417,-78.75761814347408,0.0055,-0.1200248881948548,-0.11348501537110549,,,
B2x,ALL,full,252,57,H2a,sd of hedged P&L per market / sd unhedged,1.5247378060522365,1.3453203842530914,1.7303587776697824,False,False,54.04554460859904,35.44579559454268,,,,,,
B2x,ALL,full,252,57,H2b,"worst month of the hedged book minus the unhedged book's, dollars",-772.7273095855811,-1907.5858603128272,-358.0003089202651,False,False,-840.6838319888876,-67.95652240330655,0.0,-0.11637850049925225,-0.01963870190022748,,,
B2x,ALL,rule minus left,52,57,H3,"mean hedged P&L, rule subset minus left markets, points",25.804687960242433,10.252211954536905,40.28193742029705,False,True,,,,,,2.120470875084421,-23.68421708515801,200
B2x,IS,rule,50,27,H1,"mean hedged P&L per ticket, points",2.5596131041742174,-13.47971845333057,17.57497285447779,False,False,,,,,,,,
B2x,IS,rule,50,27,H2a,sd of hedged P&L per market / sd unhedged,1.2532627766738793,0.9112441783399962,1.6567196621157008,False,False,48.05467457183251,38.34365423296791,,,,,,
B2x,IS,rule,50,27,H2b,"worst month of the hedged book minus the unhedged book's, dollars",-76.46458249200009,-357.87335570376695,-27.356312051127652,False,False,-155.22220063547417,-78.75761814347408,0.0035,-0.1200248881948548,-0.11348501537110549,,,
B2x,IS,full,238,52,H2a,sd of hedged P&L per market / sd unhedged,1.544017594555504,1.3611312605668904,1.7552521613119474,False,False,55.57803403820652,35.995725848063586,,,,,,
B2x,IS,full,238,52,H2b,"worst month of the hedged book minus the unhedged book's, dollars",-772.7273095855811,-1891.1334216781327,-345.9213586057972,False,False,-840.6838319888876,-67.95652240330655,0.0,-0.11637850049925225,-0.01963870190022748,,,
B2x,IS,rule minus left,50,52,H3,"mean hedged P&L, rule subset minus left markets, points",26.62785352315988,10.539457256716407,41.94394982766736,False,True,,,,,,2.5596131041742183,-24.06824041898566,188
B2x,OOS,rule,2,2,H1,"mean hedged P&L per ticket, points",-8.858084852160516,nan,nan,False,False,,,,,,,,
B2x,OOS,rule,2,2,H2a,sd of hedged P&L per market / sd unhedged,1.944690626802036,nan,nan,False,False,4.408266517553215,2.2668214968477676,,,,,,
B2x,OOS,rule,2,2,H2b,"worst month of the hedged book minus the unhedged book's, dollars",-125.10824229567899,nan,nan,False,False,-39.0076,86.100642295679,nan,-0.23506940555212702,1.278725363600645,,,
B2x,OOS,full,14,5,H2a,sd of hedged P&L per market / sd unhedged,0.509473858316259,0.34294767911521484,0.9670158759550168,False,True,8.86321478454312,17.396799933631186,,,,,,
B2x,OOS,full,14,5,H2b,"worst month of the hedged book minus the unhedged book's, dollars",-166.06764377218408,-447.186799772183,-26.09999931655376,False,False,-164.1636437721841,1.9040000000000004,0.0,-0.15600017710414038,0.0026592763546951087,,,
B2x,OOS,rule minus left,2,5,H3,"mean hedged P&L, rule subset minus left markets, points",8.809766669697673,4.703952074086447,14.347878134512793,False,True,,,,,,-8.858084852160516,-17.66785152185819,12
