variant,split,group,n_fills,days,markets,mean_pt,ci_lo_pt,ci_hi_pt,day_weight_mean_pt,day_weight_ci_lo_pt,day_weight_ci_hi_pt,contract_weight_mean_pt,contract_weight_ci_lo_pt,contract_weight_ci_hi_pt,contracts,pnl_usd,capital_usd,value
primary_m5,all,all,74,27,46,24.51289924820609,8.56518697921365,37.52204641991806,13.279102033581603,-1.263317540364612,26.656894098533424,26.164620113566123,0.5248288317945458,44.50883553793568,2384.787288,623.9705344218161,1036.540401578184,
primary_m5,side,offer,15,13,14,-6.236439910465889,-28.895937571883724,13.044153126438692,-7.827085700618843,-31.98173855105932,14.311465422223224,-11.872747116674793,-50.287752998259485,23.533775592396953,365.315337,-43.3729661404383,279.5324501404383,
primary_m5,side,bid,59,22,35,32.33052784786845,14.323883938954411,48.448714688784406,22.83353148817497,5.683591973771412,38.976510349227446,33.04544538149192,7.741505057012704,51.35531284254613,2019.471951,667.3435005622543,757.0079514377456,
primary_m5,sample,in-sample,65,21,38,27.385461059388177,9.695828224295234,40.712464113463284,14.647890147139798,-4.154748351833411,31.2888434209164,28.331345295614224,-1.6078111148747838,48.46093376060084,2071.496062,586.8827021102709,800.7762348897293,
primary_m5,sample,out-of-sample,9,6,8,3.766619500779863,-5.635131415544391,18.0827895035316,8.488343636127906,-2.79410487227997,18.747507894250344,11.838133095864382,0.9652395505594233,18.403945010975434,313.291226,37.08783231154528,235.76416668845468,
primary_m5,ticker,AAPL,10,8,8,30.437123205035704,-10.626818467838174,57.77367683250672,24.747965229849836,-15.199136047661312,58.72090983000238,60.67023670070879,39.827423186008915,72.27121700215083,295.568649,179.32219896138716,105.31230703861284,
primary_m5,ticker,AMZN,7,3,4,63.625273418659,41.80442802894114,73.5291656311627,58.77619666538837,41.80442802894114,73.5291656311627,66.76132444950534,41.80442802894114,73.63528857464618,238.686434,159.35022461969442,79.3362093803056,
primary_m5,ticker,GOOGL,5,1,1,-25.883977377589993,-25.883977377589993,-25.883977377589993,-25.883977377589993,-25.883977377589993,-25.883977377589993,-23.677537271136426,-23.677537271136426,-23.677537271136426,70.42857,-16.675750911278406,16.675750911278406,
primary_m5,ticker,MSFT,1,1,1,-6.001325702659689,-6.001325702659689,-6.001325702659689,-6.001325702659689,-6.001325702659689,-6.001325702659689,-6.001325702659688,-6.001325702659688,-6.001325702659688,100.0,-6.001325702659689,6.001325702659689,
primary_m5,ticker,NVDA,20,7,8,43.02789614158,1.399615442552803,59.12474819743328,23.443408969652392,-6.644366289495475,51.81818116820825,58.72869072510359,-1.3714893402933295,71.3195489789686,574.499727,337.39616788639444,148.66486211360552,
primary_m5,ticker,SPY,24,16,18,12.203821372450932,-7.640121634444463,30.315678996174018,7.641383328798563,-11.644374012472989,24.625695341375575,-2.749705923903675,-29.85054975412211,26.94382874046556,1051.630631,-28.916749758192594,661.7065897581925,
primary_m5,ticker,TSLA,7,5,6,6.596853600923937,-26.846295720898176,23.997181763547548,2.729873194325404,-26.923786441922893,27.090332621998453,-0.9342228257315628,-19.83631094987808,27.546902561874663,53.973276999999996,-0.5042306735293236,18.843356673529325,
primary_m5,p_mid_region,below 10%,4,3,3,9.875563387331086,9.00049453589544,11.50073305566591,10.000580190147616,9.00049453589544,11.50073305566591,10.940497165794413,9.00049453589544,11.50073305566591,140.59393599999999,15.381675583358811,125.21226041664117,
primary_m5,p_mid_region,10 to 25%,14,9,11,15.620908590119614,-7.8412900363390845,34.650939676065114,13.370196321107276,-14.722675710522603,39.648524242221065,-11.191997909068462,-41.72902281713738,21.258685284966532,431.68249199999997,-48.313895478454626,149.59001347845464,
primary_m5,p_mid_region,25 to 75%,46,16,27,31.061537962087783,9.068994718132183,47.5159399642765,20.248484500460542,2.350771950602101,36.73220019512407,46.4524765572991,16.186216533789544,65.21253887082432,1448.162156,672.7071860275773,487.09499197242275,
primary_m5,p_mid_region,75 to 90%,10,8,8,12.692882430021289,-14.697095158102343,28.140995017486908,9.034956435271267,-17.469348159476958,28.34561750946986,-4.337721401820987,-50.23398347610375,24.209340324008643,364.348704,-15.804431710665401,274.6431357106654,
primary_m5,p_mid_region,above 90%,0,0,0,,,,,,,,,,,,,
primary_m5,dose,m to 2m,53,20,31,34.64820183816034,17.024414570177008,51.38865411592115,27.12415107151632,10.797777199085546,42.45604085232933,40.9450745102904,16.39002718626976,55.59494088726598,1696.8251880000003,694.7663375359751,619.1283514640248,
primary_m5,dose,2m to 4m,7,6,6,-5.240607964066029,-37.413598807231445,22.58150590596119,-7.697461454557282,-39.78081189986167,25.831751789447,-12.141359973393127,-63.09906157958831,42.67960634822866,286.13849899999997,-34.74110518605389,214.13504118605385,
primary_m5,dose,beyond 4m,14,9,12,1.0202930495153333,-24.71417463200637,21.232011132267015,-3.576355304498569,-31.30436032888496,20.18064366921842,-8.972767612051072,-30.343892328096423,24.207512224391383,401.823601,-36.05469792810533,203.27700892810532,
primary_m5,dose_offer,m to 2m,2,2,2,18.50156125155848,9.00049453589544,28.00262796722152,18.50156125155848,9.00049453589544,28.00262796722152,23.105403384734906,9.00049453589544,28.00262796722152,43.458062999999996,10.041160759342226,33.41690224065777,
primary_m5,dose_offer,2m to 4m,6,5,5,-15.696395853441336,-48.71473862900937,6.144840632107702,-20.735777619905903,-49.637076875610305,4.4025276780413005,-26.88598646176149,-74.3980149832415,10.912324771337461,236.138499,-63.48816487214679,192.8821008721468,
primary_m5,dose_offer,beyond 4m,7,7,7,-5.195906577065328,-42.880704194227405,29.918982012616862,-5.195906577065328,-42.880704194227405,29.918982012616862,11.752428767637284,-53.45524141585426,41.599794699494424,85.71877500000001,10.074037972366277,53.23344702763372,
primary_m5,dose_bid,m to 2m,51,18,29,35.28140342979178,16.88031718886942,52.173458840164606,28.082216607067192,9.358977822676513,44.972959059240324,41.4139828005007,15.090183383778637,56.189463942262314,1653.3671250000002,684.725176776633,585.711449223367,
primary_m5,dose_bid,2m to 4m,1,1,1,57.49411937218581,57.49411937218581,57.49411937218581,57.49411937218581,57.49411937218581,57.49411937218581,57.49411937218581,57.49411937218581,57.49411937218581,50.0,28.747059686092904,21.252940313907096,
primary_m5,dose_bid,beyond 4m,7,5,6,7.236492676095998,-25.942470301739647,41.7640662414457,8.183314255014121,-26.105951218814823,42.47257972884306,-14.592860376156235,-31.54748120684413,19.936478344253597,316.104826,-46.12873590047161,150.04356190047162,
m2,all,all,300,39,137,17.523674699518015,8.561312108809462,23.065698410720497,10.100412109712764,3.088193770808794,17.34455854961313,28.19690690849195,14.431290189901498,35.31859988287447,9903.645421000001,2792.5216799064956,3204.5574090935047,
m2,side,offer,81,22,55,-14.763116526319399,-29.59407764421158,2.7684175627680467,-3.645165143020479,-20.252883661681224,13.475652262477446,3.143472652398129,-24.6040288629473,28.241773435180665,2527.445365,79.44955385307907,1447.888653146921,
m2,side,bid,219,37,103,29.465364604964726,14.658822868461312,38.01881746471394,11.222149309504909,-0.8609460843568812,22.685749171255022,36.78143360342471,15.278721975069045,44.087540689922285,7376.200056,2713.0721260534165,1756.668755946584,
m2,sample,in-sample,282,32,126,19.089275833536274,10.641410765518224,24.37275583762538,12.048125395160946,3.9317977113824725,20.325908207458774,29.347113136874835,16.09491309402611,36.375095828696004,9487.539746,2784.3190231645876,2922.0680668354116,
m2,sample,out-of-sample,18,7,11,-7.004076400101446,-15.73557325944147,8.908110321915874,1.1965799476639205,-11.060330377232125,12.935867938150787,1.9712917258115255,-11.761107659028413,14.338036233858933,416.105675,8.202656741907198,282.4893422580928,
m10,all,all,21,13,18,3.9333260449882115,-17.08837547396831,21.10895911888673,-4.748172510813029,-26.4471942744996,15.374364095850908,-5.290654545382549,-34.45960876984147,28.703276956846555,687.9621,-36.39769811415923,383.01394511415924,
m10,side,offer,13,11,12,-5.042286243085025,-30.578829766388566,17.118378098156835,-7.614112419196537,-34.21427737893411,18.559753462602465,-11.595594138966241,-52.43020774831996,28.79121167188644,321.85727399999996,-37.32126319978051,230.0226841997805,
m10,side,bid,8,6,7,18.518696013107224,-11.730442548186872,50.79321774681846,21.401781774542737,-10.089495595186976,52.84304355545498,0.2522679353102249,-25.33674619642156,51.51545675841226,366.104826,0.9235650856212914,152.9912609143787,
m10,sample,in-sample,16,9,14,1.6936524758549134,-27.98550037053064,23.672414317192107,-11.414126332529078,-40.11594615924445,16.741816660559408,-17.550631361709808,-57.16160357893894,37.66822479647925,453.05816400000003,-79.51456821777066,196.73687921777065,
m10,sample,out-of-sample,5,4,4,11.100281466214769,-3.994904721640716,19.745007487707376,10.250223588048087,-5.6170419376614475,20.867089684532,18.355107554950223,10.39096315153881,22.256156439661694,234.903936,43.11687010361143,186.27706589638856,
stress_m7_through_1c,all,all,29,18,24,6.0083774460528865,-11.270969100593158,20.72002602619068,0.40907491921939304,-19.54525851119781,19.55970615005542,-3.8160633258352026,-32.20757891459127,28.31022566544585,973.62153,-37.15401413876558,540.2696911387656,
stress_m7_through_1c,side,offer,13,11,12,-8.042286243085028,-33.57882976638857,14.118378098156834,-10.61411241919654,-37.21427737893411,15.559753462602465,-14.595594138966248,-55.430207748319965,25.791211671886433,321.85727399999996,-46.97698141978053,239.67840241978053,
stress_m7_through_1c,side,bid,16,12,13,17.42454169347744,-6.560671583519715,37.719650072199734,17.200384734999574,-8.300655187392458,39.933833305163205,1.5071350094128115,-31.91581213495794,46.510345277950094,651.7642559999999,9.82296728101494,300.591288718985,
stress_m7_through_1c,sample,in-sample,23,14,19,6.171445001300687,-16.31499616678919,24.54457713787873,-1.8236795996119481,-27.120253014962824,22.968402106075253,-9.982579579680193,-46.15451143287133,37.008381017484226,709.557594,-70.83215148471409,344.553892484714,
stress_m7_through_1c,sample,out-of-sample,6,4,5,5.383285150936319,-7.51210116613295,16.74500748770738,8.223715735129085,-5.69656549641846,17.86708968453201,12.753781472812893,0.29364784975706,18.367144703728112,264.063936,33.6781373459485,195.71579865405153,
tick_grid_m5,all,all,68,27,43,25.455882352941178,10.795925684485008,37.482142857142854,16.35493827160494,1.3758024691358028,30.659953703703707,26.562936065938782,0.8807455310427721,44.85548505794175,2345.561695,623.0500534299999,1015.1572005700002,
tick_grid_m5,side,offer,15,13,14,-5.533333333333333,-28.2,13.733333333333333,-7.115384615384615,-31.23173076923077,14.962499999999988,-11.261311199753981,-49.61347198874378,24.124704968440714,365.315337,-41.13929696,277.29878096000004,
tick_grid_m5,side,bid,53,22,31,34.22641509433962,17.532867647058826,49.09640957446808,26.589772727272724,8.731060606060606,43.175000000000004,33.540743438650466,8.336080196381971,52.07709656665987,1980.246358,664.1893503899998,737.85841961,
tick_grid_m5,sample,in-sample,59,21,35,28.661016949152543,12.319758620689656,40.87290909090909,18.416666666666668,-0.9246031746031749,35.797460317460306,28.76527410978189,-1.0080852088371592,49.17427740058939,2032.270469,584.5881710599999,780.7670839400001,
tick_grid_m5,sample,out-of-sample,9,6,8,4.444444444444445,-4.999999999999999,18.666666666666664,9.138888888888888,-2.1395833333333316,19.388888888888886,12.276718649631126,1.4843925084040313,18.6523101626114,313.291226,38.46188237,234.39011663,
benchmark_every_print_at_px,all,all,970,48,324,2.8865027730309287,-0.7104039188405018,5.9017198204390775,1.8292890097131422,-3.2470621183454096,6.76359250715065,8.188173916430415,-0.3920093745118876,16.14741744463118,28351.131605000002,2321.43996309347,11570.316850906529,
benchmark_every_print_at_px,side,offer,482,45,222,-16.08939052533195,-25.878347147710514,-3.2774698255540726,-1.802218056831268,-11.560418856213856,8.580396022109106,-12.760759844091732,-27.101610361244564,6.115643492742896,13386.802891,-1708.257767722439,6299.5999527224385,
benchmark_every_print_at_px,side,bid,488,42,232,21.629085907889348,7.33460780549051,32.19155351182519,9.344950465175335,-1.1178892299363858,19.200113125701762,26.928690272928126,5.268237288943411,38.765387777305975,14964.328714,4029.6977308159085,5270.716898184091,
benchmark_every_print_at_px,sample,in-sample,929,38,302,2.879188404413349,-1.013051935702815,5.975827535006911,2.4068021666153245,-2.009210603554867,7.229183674125164,7.951185791961313,-1.276941083209334,16.375880615440092,27106.895549,2155.3196275338814,10809.66938246612,
benchmark_every_print_at_px,sample,out-of-sample,41,10,22,3.052235661951219,-4.6726612303125,10.041901927332587,-0.36526098651515077,-18.1681193712125,13.77964888804375,13.351191259770731,3.83665301529427,24.346905700555823,1244.236056,166.12033555958806,760.647468440412,
first_fill_per_market_m5,all,all,46,27,46,20.066732504202676,5.943385327359093,31.731929707380917,16.368191033762656,0.8737047351939008,30.998794565434853,21.452359419748365,-4.789279917553666,40.59369641591364,1657.0925280000001,355.48544502435436,775.4614939756458,
first_fill_per_market_m5,side,offer,13,12,13,-1.8884114903386175,-23.25484883703519,18.53725358598961,-1.9378626538814245,-24.737688393705444,19.754468630511845,-8.939957572631334,-47.76810716714283,28.96472914205343,341.402298,-30.52122059318839,260.0140395931884,
first_fill_per_market_m5,side,bid,33,21,33,28.7157286232644,12.938808455394058,42.283741757415854,26.03357515046609,9.090062769220594,41.59463528425195,29.338719465716686,2.5574420537027036,47.94498242707731,1315.6902300000002,386.0066656175427,515.4474543824574,
first_fill_per_market_m5,sample,in-sample,38,21,38,23.636067739626935,7.100814604935395,36.598896763002685,18.868810887075046,-1.1606983895566343,37.227085558033664,23.6212668980275,-8.989528239139714,47.07119754547579,1350.4679670000003,318.997642857436,545.7639621425641,
first_fill_per_market_m5,sample,out-of-sample,8,6,8,3.112390135937476,-7.098689999050725,18.0827895035316,7.616021547169294,-3.821464601405311,18.747507894250344,11.899830218401279,0.6291698867913351,18.531452143606337,306.62456099999997,36.48780216691826,229.6975318330817,
primary_m5,book,resolution_dates_in_sample,,,,,,,,,,,,,,,,48
primary_m5,book,dates_with_fills,,,,,,,,,,,,,,,,27
primary_m5,book,days_per_year,,,,,,,,,,,,,,,,128.91176470588235
primary_m5,book,total_pnl_usd,,,,,,,,,,,,,,,,623.9705344218161
primary_m5,book,total_capital_usd,,,,,,,,,,,,,,,,1036.540401578184
primary_m5,book,return_on_capital,,,,,,,,,,,,,,,,0.6019741569858639
primary_m5,book,bankroll_usd,,,,,,,,,,,,,,,,181.19337283412423
primary_m5,book,sharpe,,,,,,,,,,,,,,,,2.8231856561922104
primary_m5,book,max_drawdown_usd,,,,,,,,,,,,,,,,-145.88176199393547
primary_m5,book,max_drawdown_share_of_bankroll,,,,,,,,,,,,,,,,-0.8051164328591905
primary_m5,book,worst_month,,,,,,,,,,,,,,,,2026-06
primary_m5,book,worst_month_pnl_usd,,,,,,,,,,,,,,,,-50.685913996431175
primary_m5,book,worst_month_share_of_bankroll,,,,,,,,,,,,,,,,-0.27973381809516973
primary_m5,book,winning_dates,,,,,,,,,,,,,,,,21
primary_m5,book,losing_dates,,,,,,,,,,,,,,,,6
primary_m5,book,best_date,,,,,,,,,,,,,,,,2026-05-06
primary_m5,book,best_date_pnl_usd,,,,,,,,,,,,,,,,288.53363716587575
primary_m5,book,worst_date,,,,,,,,,,,,,,,,2026-05-13
primary_m5,book,worst_date_pnl_usd,,,,,,,,,,,,,,,,-76.4978084508722
primary_m5,book,sharpe_without_best_date,,,,,,,,,,,,,,,,2.4354750327817496
primary_m5,book,best_market_share_of_pnl,,,,,,,,,,,,,,,,0.4071734762324183
stress_m7_through_1c,book,resolution_dates_in_sample,,,,,,,,,,,,,,,,48
stress_m7_through_1c,book,dates_with_fills,,,,,,,,,,,,,,,,18
stress_m7_through_1c,book,days_per_year,,,,,,,,,,,,,,,,128.91176470588235
stress_m7_through_1c,book,total_pnl_usd,,,,,,,,,,,,,,,,-37.154014138765575
stress_m7_through_1c,book,total_capital_usd,,,,,,,,,,,,,,,,540.2696911387657
stress_m7_through_1c,book,return_on_capital,,,,,,,,,,,,,,,,-0.06876938452803703
stress_m7_through_1c,book,bankroll_usd,,,,,,,,,,,,,,,,86.4992669443341
stress_m7_through_1c,book,sharpe,,,,,,,,,,,,,,,,-0.40389455102978994
stress_m7_through_1c,book,max_drawdown_usd,,,,,,,,,,,,,,,,-151.46074275226636
stress_m7_through_1c,book,max_drawdown_share_of_bankroll,,,,,,,,,,,,,,,,-1.7510060848230968
stress_m7_through_1c,book,worst_month,,,,,,,,,,,,,,,,2026-05
stress_m7_through_1c,book,worst_month_pnl_usd,,,,,,,,,,,,,,,,-78.75364296724686
stress_m7_through_1c,book,worst_month_share_of_bankroll,,,,,,,,,,,,,,,,-0.9104544552721832
stress_m7_through_1c,book,winning_dates,,,,,,,,,,,,,,,,11
stress_m7_through_1c,book,losing_dates,,,,,,,,,,,,,,,,7
stress_m7_through_1c,book,best_date,,,,,,,,,,,,,,,,2026-04-17
stress_m7_through_1c,book,best_date_pnl_usd,,,,,,,,,,,,,,,,74.39634507214713
stress_m7_through_1c,book,worst_date,,,,,,,,,,,,,,,,2026-05-13
stress_m7_through_1c,book,worst_date_pnl_usd,,,,,,,,,,,,,,,,-74.4978084508722
stress_m7_through_1c,book,sharpe_without_best_date,,,,,,,,,,,,,,,,-1.423620873978156
stress_m7_through_1c,book,best_market_share_of_pnl,,,,,,,,,,,,,,,,-2.0023770458364507
primary_m5,pass_rule,1. at least 100 fills,,,,,,,,,,,,,,,,FAILED (74 fills)
primary_m5,pass_rule,2. fills on at least 30 resolution dates,,,,,,,,,,,,,,,,FAILED (27 dates)
primary_m5,pass_rule,"3. mean above zero, whole sample",,,,,,,,,,,,,,,,"held (+24.51 pt, 74 fills)"
primary_m5,pass_rule,"4. 95% interval excludes zero, whole sample",,,,,,,,,,,,,,,,"held ([+8.57, +37.52])"
primary_m5,pass_rule,5. mean above zero in-sample,,,,,,,,,,,,,,,,"held (+27.39 pt, 65 fills)"
primary_m5,pass_rule,6. mean above zero out-of-sample,,,,,,,,,,,,,,,,"held (+3.77 pt, 9 fills)"
primary_m5,pass_rule,7. mean above zero under the stress,,,,,,,,,,,,,,,,"held (+6.01 pt, 29 fills)"
primary_m5,pass_rule,verdict,,,,,,,,,,,,,,,,FAIL
