item,value
check_fills,74
check_dates,27
check_markets,46
check_mean_pt,24.5129
check_offer_fills,15
check_offer_mean_pt,-6.2364
check_bid_fills,59
check_bid_mean_pt,32.3305
check_pnl_usd,623.9705
check_capital_usd,1036.5404
check_y_values,"[0, 1]"
check_y_missing,0
check_size_not_positive,0
prints_share_yes,0.6794
prints_mean_px,0.4906
prints_mean_p_mid,0.5005
per_market_share_yes,0.6111
per_market_mean_p_mid,0.488
per_market_mean_px,0.4826
per_date_share_yes,0.5386
per_date_mean_p_mid,0.5113
per_date_mean_px,0.5058
bid_fills,59
bid_resolved_yes,41
bid_share_yes,0.6949
bid_mean_quote,0.3716
bid_mean_p_mid,0.4318
bid_mean_px,0.3253
offer_fills,15
offer_resolved_yes,6
offer_share_yes,0.4
offer_mean_quote,0.3376
offer_mean_p_mid,0.2811
offer_mean_px,0.5368
best_date,2026-05-06
best_date_fills,13
best_date_pnl_usd,288.5336
without_best_date_fills,61
without_best_date_mean_pt,17.4196
without_best_date_pnl_usd,335.4369
best_market,NVDA above 200 on 2026-05-06
best_market_fills,9
best_market_pnl_usd,254.0643
without_best_market_fills,65
without_best_market_mean_pt,17.7383
without_best_market_pnl_usd,369.9063
turnover_cash_locked_over_bankroll,5.7206
bid_excess_over_benchmark_pt,10.7014
bid_excess_ci_lo_pt,-3.8032
bid_excess_ci_hi_pt,23.6709
offer_excess_over_benchmark_pt,9.853
offer_excess_ci_lo_pt,-12.2994
offer_excess_ci_hi_pt,27.6189
our_fills_at_print_price_n,74
our_fills_at_print_price_mean_pt,32.2433
our_bid_fills_at_print_price_mean_pt,36.964
our_offer_fills_at_print_price_mean_pt,13.6754
