minute_end_utc,pm_px,pm_obs,eq_px,eq_obs,eq_valid,eq_lvl,pm_lvl,x,y,ys,in_window
2025-09-17 14:00:00+00:00,,0,,False,False,,,,,,False
2025-09-17 14:01:00+00:00,0.2,1,659.93,True,True,64921.337687895866,20.0,,,,False
2025-09-17 14:02:00+00:00,0.2,1,659.705,True,True,64917.927654027706,20.0,-3.410033868160099,0.0,-0.0,False
2025-09-17 14:03:00+00:00,0.2,1,659.645,True,True,64917.01811523904,20.0,-0.9095387886627577,0.0,-0.0,False
2025-09-17 14:04:00+00:00,0.2,1,659.665,True,True,64917.321304027144,20.0,0.3031887881006696,0.0,-0.0,False
2025-09-17 14:05:00+00:00,0.2,1,659.5499,True,True,64915.5763267639,20.0,-1.7449772632462555,0.0,-0.0,False
2025-09-17 14:06:00+00:00,0.2,1,659.435,True,True,64913.83407785277,20.0,-1.7422489111268078,0.0,-0.0,False
2025-09-17 14:07:00+00:00,0.2,1,659.375,True,True,64912.92416664431,20.0,-0.9099112084586523,0.0,-0.0,False
2025-09-17 14:08:00+00:00,0.2,1,659.5,True,True,64914.819721573695,20.0,1.8955549293823424,0.0,-0.0,False
2025-09-17 14:09:00+00:00,0.2,1,659.43,True,True,64913.75825508092,20.0,-1.0614664927779813,0.0,-0.0,False
2025-09-17 14:10:00+00:00,0.2,1,659.4,True,True,64913.30330637631,20.0,-0.4549487046097056,0.0,-0.0,False
2025-09-17 14:11:00+00:00,0.2,1,659.42,True,True,64913.60660781246,20.0,0.30330143614992267,0.0,-0.0,False
2025-09-17 14:12:00+00:00,0.215,1,659.32,True,True,64912.09000863155,21.5,-1.51659918090445,1.5,-1.5,False
2025-09-17 14:13:00+00:00,0.22,1,659.4,True,True,64913.30330637631,22.0,1.2132977447545272,0.5,-0.5,False
2025-09-17 14:14:00+00:00,0.23,1,659.31,True,True,64911.938336062296,23.0,-1.3649703140108613,1.0,-1.0,False
2025-09-17 14:15:00+00:00,0.23,1,659.46,True,True,64914.21318308864,23.0,2.2748470263468334,0.0,-0.0,False
2025-09-17 14:16:00+00:00,0.235,1,659.495,True,True,64914.743906274925,23.5,0.5307231862825574,0.5,-0.5,False
2025-09-17 14:17:00+00:00,0.235,1,659.245,True,True,64910.952408284495,23.5,-3.7914979904307984,0.0,-0.0,False
2025-09-17 14:18:00+00:00,0.235,1,659.24,True,True,64910.8765636598,23.5,-0.07584462469822029,0.0,-0.0,False
2025-09-17 14:19:00+00:00,0.235,1,659.15,True,True,64909.511262039785,23.5,-1.3653016200114507,0.0,-0.0,False
2025-09-17 14:20:00+00:00,0.235,1,659.275,True,True,64911.40746395305,23.5,1.8962019132668502,0.0,-0.0,False
2025-09-17 14:21:00+00:00,0.235,1,659.325,True,True,64912.165844053525,23.5,0.7583801004730049,0.0,-0.0,False
2025-09-17 14:22:00+00:00,0.235,1,659.3,True,True,64911.786661192535,23.5,-0.3791828609901131,0.0,-0.0,False
2025-09-17 14:23:00+00:00,0.235,1,659.19,True,True,64910.118085772854,23.5,-1.6685754196805647,0.0,-0.0,False
2025-09-17 14:24:00+00:00,0.235,1,659.14,True,True,64909.359550352674,23.5,-0.7585354201801238,0.0,-0.0,False
2025-09-17 14:25:00+00:00,0.235,1,659.225,True,True,64910.649026334184,23.5,1.289475981509895,0.0,-0.0,False
2025-09-17 14:26:00+00:00,0.235,1,659.26,True,True,64911.17993870722,23.5,0.5309123730330612,0.0,-0.0,False
2025-09-17 14:27:00+00:00,0.235,1,659.325,True,True,64912.165844053525,23.5,0.9859053463078453,0.0,-0.0,False
2025-09-17 14:28:00+00:00,0.235,1,659.32,True,True,64912.09000863155,23.5,-0.07583542197244242,0.0,-0.0,False
2025-09-17 14:29:00+00:00,0.235,1,659.2,True,True,64910.26978595262,23.5,-1.8202226789289853,0.0,-0.0,False
2025-09-17 14:30:00+00:00,0.245,1,659.16,True,True,64909.66297142529,24.5,-0.6068145273311529,1.0,-1.0,False
2025-09-17 14:31:00+00:00,0.245,1,659.17,True,True,64909.814678509254,24.5,0.15170708396180999,0.0,-0.0,False
2025-09-17 14:32:00+00:00,0.245,1,659.22,True,True,64910.57317940845,24.5,0.7585008991954965,0.0,-0.0,False
2025-09-17 14:33:00+00:00,0.245,1,659.35,True,True,64912.545012537084,24.5,1.9718331286348985,0.0,-0.0,False
2025-09-17 14:34:00+00:00,0.245,1,659.41,True,True,64913.454958244285,24.5,0.9099457072006771,0.0,-0.0,False
2025-09-17 14:35:00+00:00,0.255,1,659.25,True,True,64911.02825233396,25.5,-2.426705910322198,1.0,-1.0,False
2025-09-17 14:36:00+00:00,0.255,1,659.13,True,True,64909.20783636389,25.5,-1.820415970076283,0.0,-0.0,False
2025-09-17 14:37:00+00:00,0.255,1,659.18,True,True,64909.96638329175,25.5,0.7585469278637902,0.0,-0.0,False
2025-09-17 14:38:00+00:00,0.255,1,659.295,True,True,64911.71082289496,25.5,1.7444396032078657,0.0,-0.0,False
2025-09-17 14:39:00+00:00,0.255,1,659.22,True,True,64910.57317940845,25.5,-1.1376434865087504,0.0,-0.0,False
2025-09-17 14:40:00+00:00,0.255,1,659.38,True,True,64912.9999957407,25.5,2.4268163322485634,0.0,-0.0,False
2025-09-17 14:41:00+00:00,0.255,1,659.445,True,True,64913.98572167177,25.5,0.98572593107383,0.0,-0.0,False
2025-09-17 14:42:00+00:00,0.255,1,659.31,True,True,64911.938336062296,25.5,-2.0473856094758958,0.0,-0.0,False
2025-09-17 14:43:00+00:00,0.255,1,659.29,True,True,64911.63498402223,25.5,-0.3033520400640555,0.0,-0.0,False
2025-09-17 14:44:00+00:00,0.255,1,659.3,True,True,64911.786661192535,25.5,0.15167717030271888,0.0,-0.0,False
2025-09-17 14:45:00+00:00,0.255,1,659.19,True,True,64910.118085772854,25.5,-1.6685754196805647,0.0,-0.0,False
2025-09-17 14:46:00+00:00,0.255,1,659.105,True,True,64908.82854132161,25.5,-1.2895444512469112,0.0,-0.0,False
2025-09-17 14:47:00+00:00,0.255,1,659.2079,True,True,64910.38962746753,25.5,1.5610861459208536,0.0,-0.0,False
2025-09-17 14:48:00+00:00,0.255,1,659.265,True,True,64911.255781031025,25.5,0.8661535634964821,0.0,-0.0,False
2025-09-17 14:49:00+00:00,0.255,1,659.26,True,True,64911.17993870722,25.5,-0.07584232380759204,0.0,-0.0,False
2025-09-17 14:50:00+00:00,0.255,1,659.2701,True,True,64911.33313960874,25.5,0.15320090152090415,0.0,-0.0,False
2025-09-17 14:51:00+00:00,0.255,1,659.13,True,True,64909.20783636389,25.5,-2.1253032448512386,0.0,-0.0,False
2025-09-17 14:52:00+00:00,0.255,1,659.17,True,True,64909.814678509254,25.5,0.6068421453674091,0.0,-0.0,False
2025-09-17 14:53:00+00:00,0.255,1,659.222,True,True,64910.60351824777,25.5,0.7888397385177086,0.0,-0.0,False
2025-09-17 14:54:00+00:00,0.255,1,659.2,True,True,64910.26978595262,25.5,-0.33373229514836567,0.0,-0.0,False
2025-09-17 14:55:00+00:00,0.255,1,659.44,True,True,64913.90990004972,25.5,3.6401140970992856,0.0,-0.0,False
2025-09-17 14:56:00+00:00,0.255,1,659.52,True,True,64915.12297702094,25.5,1.2130769712166511,0.0,-0.0,False
2025-09-17 14:57:00+00:00,0.255,1,659.382,True,True,64913.03032721824,25.5,-2.092649802696542,0.0,-0.0,False
2025-09-17 14:58:00+00:00,0.255,1,659.435,True,True,64913.83407785277,25.5,0.8037506345281145,0.0,-0.0,False
2025-09-17 14:59:00+00:00,0.255,1,659.3399,True,True,64912.39183020058,25.5,-1.4422476521940553,0.0,-0.0,False
2025-09-17 15:00:00+00:00,0.255,1,659.32,True,True,64912.09000863155,25.5,-0.30182156902446877,0.0,-0.0,False
2025-09-17 15:01:00+00:00,0.255,1,659.35,True,True,64912.545012537084,25.5,0.4550039055320667,0.0,-0.0,False
2025-09-17 15:02:00+00:00,0.255,1,659.2801,True,True,64911.48482135737,25.5,-1.0601911797130015,0.0,-0.0,False
2025-09-17 15:03:00+00:00,0.255,1,659.195,True,True,64910.1939361504,25.5,-1.2908852069740533,0.0,-0.0,False
2025-09-17 15:04:00+00:00,0.255,1,659.22,True,True,64910.57317940845,25.5,0.3792432580521563,0.0,-0.0,False
2025-09-17 15:05:00+00:00,0.255,1,659.17,True,True,64909.814678509254,25.5,-0.7585008991954965,0.0,-0.0,False
2025-09-17 15:06:00+00:00,0.255,1,659.09,True,True,64908.60095739054,25.5,-1.2137211187146022,0.0,-0.0,False
2025-09-17 15:07:00+00:00,0.255,1,659.2094,True,True,64910.41238202331,25.5,1.8114246327677392,0.0,-0.0,False
2025-09-17 15:08:00+00:00,0.255,1,659.295,True,True,64911.71082289496,25.5,1.2984408716511098,0.0,-0.0,False
2025-09-17 15:09:00+00:00,0.255,1,659.31,True,True,64911.938336062296,25.5,0.2275131673377473,0.0,-0.0,False
2025-09-17 15:10:00+00:00,0.255,1,659.34,True,True,64912.393346868885,25.5,0.45501080658868887,0.0,-0.0,False
2025-09-17 15:11:00+00:00,0.265,1,659.22,True,True,64910.57317940845,26.5,-1.8201674604351865,1.0,-1.0,False
2025-09-17 15:12:00+00:00,0.265,1,659.34,True,True,64912.393346868885,26.5,1.8201674604351865,0.0,-0.0,False
2025-09-17 15:13:00+00:00,0.265,1,659.37,True,True,64912.84833697292,26.5,0.4549901040372788,0.0,-0.0,False
2025-09-17 15:14:00+00:00,0.265,1,659.52,True,True,64915.12297702094,26.5,2.274640048017318,0.0,-0.0,False
2025-09-17 15:15:00+00:00,0.265,1,659.5,True,True,64914.819721573695,26.5,-0.3032554472447373,0.0,-0.0,False
2025-09-17 15:16:00+00:00,0.265,1,659.5,True,True,64914.819721573695,26.5,0.0,0.0,-0.0,False
2025-09-17 15:17:00+00:00,0.265,1,659.6,True,True,64916.33590685444,26.5,1.5161852807432297,0.0,-0.0,False
2025-09-17 15:18:00+00:00,0.265,1,659.6294,True,True,64916.78162160284,26.5,0.4457147483990411,0.0,-0.0,False
2025-09-17 15:19:00+00:00,0.265,1,659.565,True,True,64915.805268154836,26.5,-0.9763534480007365,0.0,-0.0,False
2025-09-17 15:20:00+00:00,0.265,1,659.53,True,True,64915.27460129599,26.5,-0.5306668588455068,0.0,-0.0,False
2025-09-17 15:21:00+00:00,0.265,1,659.455,True,True,64914.13736319123,26.5,-1.1372381047622184,0.0,-0.0,False
2025-09-17 15:22:00+00:00,0.265,1,659.49,True,True,64914.668090401356,26.5,0.5307272101272247,0.0,-0.0,False
2025-09-17 15:23:00+00:00,0.265,1,659.42,True,True,64913.60660781246,26.5,-1.061482588898798,0.0,-0.0,False
2025-09-17 15:24:00+00:00,0.265,1,659.33,True,True,64912.2416789004,26.5,-1.3649289120585308,0.0,-0.0,False
2025-09-17 15:25:00+00:00,0.265,1,659.3097,True,True,64911.93378584967,26.5,-0.3078930507253972,0.0,-0.0,False
2025-09-17 15:26:00+00:00,0.265,1,659.215,True,True,64910.497331907434,26.5,-1.436453942238586,0.0,-0.0,False
2025-09-17 15:27:00+00:00,0.265,1,659.14,True,True,64909.359550352674,26.5,-1.137781554760295,0.0,-0.0,False
2025-09-17 15:28:00+00:00,0.265,1,659.0382,True,True,64907.81499438593,26.5,-1.5445559667423368,0.0,-0.0,False
2025-09-17 15:29:00+00:00,0.265,1,658.915,True,True,64905.94542875402,26.5,-1.8695656319105183,0.0,-0.0,False
2025-09-17 15:30:00+00:00,0.265,1,658.94,True,True,64906.32483316503,26.5,0.3794044110109098,0.0,-0.0,False
2025-09-17 15:31:00+00:00,0.27,1,659.045,True,True,64907.918174519014,27.0,1.593341353982396,0.5,-0.5,False
2025-09-17 15:32:00+00:00,0.27,1,658.91,True,True,64905.86954614442,27.0,-2.0486283745922265,0.0,-0.0,False
2025-09-17 15:33:00+00:00,0.27,1,658.9491,True,True,64906.462932797236,27.0,0.5933866528139333,0.0,-0.0,False
2025-09-17 15:34:00+00:00,0.27,1,659.08,True,True,64908.44923189231,27.0,1.9862990950714448,0.0,-0.0,False
2025-09-17 15:35:00+00:00,0.27,1,659.14,True,True,64909.359550352674,27.0,0.9103184603663976,0.0,-0.0,False
2025-09-17 15:36:00+00:00,0.27,1,659.24,True,True,64910.8765636598,27.0,1.5170133071223972,0.0,-0.0,False
2025-09-17 15:37:00+00:00,0.27,1,659.15,True,True,64909.511262039785,27.0,-1.3653016200114507,0.0,-0.0,False
2025-09-17 15:38:00+00:00,0.27,1,659.1,True,True,64908.75268058674,27.0,-0.758581453046645,0.0,-0.0,False
2025-09-17 15:39:00+00:00,0.27,1,658.96,True,True,64906.62834632993,27.0,-2.124334256805014,0.0,-0.0,False
2025-09-17 15:40:00+00:00,0.27,1,658.9601,True,True,64906.629863872615,27.0,0.0015175426815403625,0.0,-0.0,False
2025-09-17 15:41:00+00:00,0.27,1,659.015,True,True,64907.462960037046,27.0,0.8330961644314812,0.0,-0.0,False
2025-09-17 15:42:00+00:00,0.27,1,658.975,True,True,64906.855975158374,27.0,-0.6069848786719376,0.0,-0.0,False
2025-09-17 15:43:00+00:00,0.27,1,659.02,True,True,64907.53883055643,27.0,0.6828553980521974,0.0,-0.0,False
2025-09-17 15:44:00+00:00,0.27,1,659.1676,True,True,64909.77826901901,27.0,2.2394384625804378,0.0,-0.0,False
2025-09-17 15:45:00+00:00,0.27,1,659.235,True,True,64910.80071845985,27.0,1.0224494408394094,0.0,-0.0,False
2025-09-17 15:46:00+00:00,0.275,1,659.29,True,True,64911.63498402223,27.500000000000004,0.8342655623855535,0.5000000000000036,-0.5000000000000036,False
2025-09-17 15:47:00+00:00,0.275,1,659.0477,True,True,64907.959142806,27.500000000000004,-3.675841216230765,0.0,-0.0,False
2025-09-17 15:48:00+00:00,0.275,1,659.0,True,True,64907.235345025074,27.500000000000004,-0.7237977809272707,0.0,-0.0,False
2025-09-17 15:49:00+00:00,0.275,1,659.01,True,True,64907.38708894204,27.500000000000004,0.1517439169692807,0.0,-0.0,False
2025-09-17 15:50:00+00:00,0.275,1,659.095,True,True,64908.67681927639,27.500000000000004,1.2897303343488602,0.0,-0.0,False
2025-09-17 15:51:00+00:00,0.27,1,659.05,True,True,64907.994041584745,27.0,-0.6827776916470611,-0.5000000000000036,0.5000000000000036,False
2025-09-17 15:52:00+00:00,0.265,1,658.95,True,True,64906.47659089898,26.5,-1.5174506857656525,-0.5,0.5,False
2025-09-17 15:53:00+00:00,0.265,1,659.04,True,True,64907.842306877705,26.5,1.3657159787253477,0.0,-0.0,False
2025-09-17 15:54:00+00:00,0.265,1,658.9899,True,True,64907.08208133162,26.5,-0.760225546087895,0.0,-0.0,False
2025-09-17 15:55:00+00:00,0.265,1,658.96,True,True,64906.62834632993,26.5,-0.4537350016835262,0.0,-0.0,False
2025-09-17 15:56:00+00:00,0.265,1,659.1,True,True,64908.75268058674,26.5,2.124334256805014,0.0,-0.0,False
2025-09-17 15:57:00+00:00,0.265,1,659.245,True,True,64910.952408284495,26.5,2.199727697756316,0.0,-0.0,False
2025-09-17 15:58:00+00:00,0.265,1,659.2534,True,True,64911.07982595903,26.5,0.1274176745355362,0.0,-0.0,False
2025-09-17 15:59:00+00:00,0.265,1,659.2549,True,True,64911.10257894435,26.5,0.022752985321858432,0.0,-0.0,False
2025-09-17 16:00:00+00:00,0.265,1,659.265,True,True,64911.255781031025,26.5,0.1532020866725361,0.0,-0.0,False
2025-09-17 16:01:00+00:00,0.265,1,659.14,True,True,64909.359550352674,26.5,-1.8962306783505483,0.0,-0.0,False
2025-09-17 16:02:00+00:00,0.265,1,659.21,True,True,64910.42148383113,26.5,1.0619334784569219,0.0,-0.0,False
2025-09-17 16:03:00+00:00,0.265,1,659.095,True,True,64908.67681927639,26.5,-1.744664554738847,0.0,-0.0,False
2025-09-17 16:04:00+00:00,0.265,1,659.09,True,True,64908.60095739054,26.5,-0.07586188585264608,0.0,-0.0,False
2025-09-17 16:05:00+00:00,0.265,1,659.08,True,True,64908.44923189231,26.5,-0.15172549823182635,0.0,-0.0,False
2025-09-17 16:06:00+00:00,0.265,1,659.1571,True,True,64909.61897594044,26.5,1.1697440481293597,0.0,-0.0,False
2025-09-17 16:07:00+00:00,0.265,1,659.03,True,True,64907.69056986829,26.5,-1.9284060721474816,0.0,-0.0,False
2025-09-17 16:08:00+00:00,0.265,1,659.02,True,True,64907.53883055643,26.5,-0.15173931186291156,0.0,-0.0,False
2025-09-17 16:09:00+00:00,0.265,1,659.005,True,True,64907.31121727139,26.5,-0.2276132850383874,0.0,-0.0,False
2025-09-17 16:10:00+00:00,0.27,1,658.99,True,True,64907.083598805446,27.0,-0.22761846594221424,0.5,-0.5,False
2025-09-17 16:11:00+00:00,0.27,1,658.945,True,True,64906.40071231988,27.0,-0.6828864855633583,0.0,-0.0,False
2025-09-17 16:12:00+00:00,0.27,1,658.96,True,True,64906.62834632993,27.0,0.22763401005067863,0.0,-0.0,False
2025-09-17 16:13:00+00:00,0.27,1,658.935,True,True,64906.2489534344,27.0,-0.3793928955346928,0.0,-0.0,False
2025-09-17 16:14:00+00:00,0.27,1,658.96,True,True,64906.62834632993,27.0,0.3793928955346928,0.0,-0.0,False
2025-09-17 16:15:00+00:00,0.27,1,658.88,True,True,64905.414238394245,27.0,-1.2141079356879345,0.0,-0.0,False
2025-09-17 16:16:00+00:00,0.27,1,658.9201,True,True,64906.02282842262,27.0,0.6085900283724186,0.0,-0.0,False
2025-09-17 16:17:00+00:00,0.27,1,658.9981,True,True,64907.20651342053,27.0,1.1836849979154067,0.0,-0.0,False
2025-09-17 16:18:00+00:00,0.27,1,658.88,True,True,64905.414238394245,27.0,-1.7922750262878253,0.0,-0.0,False
2025-09-17 16:19:00+00:00,0.27,1,658.9,True,True,64905.71777919774,27.0,0.30354080349206924,0.0,-0.0,False
2025-09-17 16:20:00+00:00,0.27,1,658.84,True,True,64904.80712914475,27.0,-0.9106500529887853,0.0,-0.0,False
2025-09-17 16:21:00+00:00,0.275,1,658.85,True,True,64904.95890991262,27.500000000000004,0.15178076786833117,0.5000000000000036,-0.5000000000000036,False
2025-09-17 16:22:00+00:00,0.275,1,658.84,True,True,64904.80712914475,27.500000000000004,-0.15178076786833117,0.0,-0.0,False
2025-09-17 16:23:00+00:00,0.275,1,658.925,True,True,64906.097192245805,27.500000000000004,1.2900631010561483,0.0,-0.0,False
2025-09-17 16:24:00+00:00,0.275,1,658.87,True,True,64905.26246453729,27.500000000000004,-0.8347277085122187,0.0,-0.0,False
2025-09-17 16:25:00+00:00,0.275,1,658.88,True,True,64905.414238394245,27.500000000000004,0.15177385695278645,0.0,-0.0,False
2025-09-17 16:26:00+00:00,0.275,1,658.875,True,True,64905.33835175371,27.500000000000004,-0.0758866405376466,0.0,-0.0,False
2025-09-17 16:27:00+00:00,0.275,1,658.86,True,True,64905.110688376764,27.500000000000004,-0.2276633769433829,0.0,-0.0,False
2025-09-17 16:28:00+00:00,0.275,1,658.8481,True,True,64904.930071743984,27.500000000000004,-0.18061663278058404,0.0,-0.0,False
2025-09-17 16:29:00+00:00,0.275,1,658.84,True,True,64904.80712914475,27.500000000000004,-0.12294259923510253,0.0,-0.0,False
2025-09-17 16:30:00+00:00,0.275,1,658.93,True,True,64906.173073128,27.500000000000004,1.365943983248144,0.0,-0.0,False
2025-09-17 16:31:00+00:00,0.275,1,658.965,True,True,64906.704223181805,27.500000000000004,0.5311500538082328,0.0,-0.0,False
2025-09-17 16:32:00+00:00,0.275,1,658.83,True,True,64904.655346073116,27.500000000000004,-2.0488771086893394,0.0,-0.0,False
2025-09-17 16:33:00+00:00,0.275,1,658.8,True,True,64904.19998303485,27.500000000000004,-0.4553630382652045,0.0,-0.0,False
2025-09-17 16:34:00+00:00,0.275,1,658.77,True,True,64903.74459926009,27.500000000000004,-0.45538377475895686,0.0,-0.0,False
2025-09-17 16:35:00+00:00,0.275,1,658.631,True,True,64901.63438375979,27.500000000000004,-2.110215500302729,0.0,-0.0,False
2025-09-17 16:36:00+00:00,0.275,1,658.68,True,True,64902.378323497986,27.500000000000004,0.7439397381967865,0.0,-0.0,False
2025-09-17 16:37:00+00:00,0.275,1,658.63,True,True,64901.61920073987,27.500000000000004,-0.7591227581142448,0.0,-0.0,False
2025-09-17 16:38:00+00:00,0.275,1,658.62,True,True,64901.4673692728,27.500000000000004,-0.1518314670684049,0.0,-0.0,False
2025-09-17 16:39:00+00:00,0.275,1,658.505,True,True,64899.721141689355,27.500000000000004,-1.7462275834477623,0.0,-0.0,False
2025-09-17 16:40:00+00:00,0.27,1,658.325,True,True,64896.987303591486,27.0,-2.733838097869011,-0.5000000000000036,0.5000000000000036,False
2025-09-17 16:41:00+00:00,0.27,1,658.28,True,True,64896.30372727182,27.0,-0.6835763196650078,0.0,-0.0,False
2025-09-17 16:42:00+00:00,0.27,1,658.32,True,True,64896.911352974574,27.0,0.6076257027525571,0.0,-0.0,False
2025-09-17 16:43:00+00:00,0.27,1,658.47,True,True,64899.18962058974,27.0,2.2782676151691703,0.0,-0.0,False
2025-09-17 16:44:00+00:00,0.27,1,658.47,True,True,64899.18962058974,27.0,0.0,0.0,-0.0,False
2025-09-17 16:45:00+00:00,0.27,1,658.562,True,True,64900.58670130076,27.0,1.397080711016315,0.0,-0.0,False
2025-09-17 16:46:00+00:00,0.27,1,658.345,True,True,64897.29110029075,27.0,-3.2956010100097046,0.0,-0.0,False
2025-09-17 16:47:00+00:00,0.27,1,658.23,True,True,64895.54414321968,27.0,-1.7469570710672997,0.0,-0.0,False
2025-09-17 16:48:00+00:00,0.27,1,658.155,True,True,64894.40465894903,27.0,-1.1394842706504278,0.0,-0.0,False
2025-09-17 16:49:00+00:00,0.27,1,658.16,True,True,64894.480628606754,27.0,0.07596965772245312,0.0,-0.0,False
2025-09-17 16:50:00+00:00,0.27,1,658.27,True,True,64896.151815077064,27.0,1.6711864703102037,0.0,-0.0,False
2025-09-17 16:51:00+00:00,0.27,1,658.5293,True,True,64900.09015258001,27.0,3.938337502942886,0.0,-0.0,False
2025-09-17 16:52:00+00:00,0.27,1,658.53,True,True,64900.100782321584,27.0,0.010629741576849483,0.0,-0.0,False
2025-09-17 16:53:00+00:00,0.265,1,658.48,True,True,64899.34148664388,26.5,-0.7592956777007203,-0.5,0.5,False
2025-09-17 16:54:00+00:00,0.265,1,658.41,True,True,64898.27837582877,26.5,-1.0631108151137596,0.0,-0.0,False
2025-09-17 16:55:00+00:00,0.265,1,658.4081,True,True,64898.24951838824,26.5,-0.02885744052764494,0.0,-0.0,False
2025-09-17 16:56:00+00:00,0.265,1,658.425,True,True,64898.50619480382,26.5,0.25667641557811294,0.0,-0.0,False
2025-09-17 16:57:00+00:00,0.265,1,658.322,True,True,64896.94173329056,26.5,-1.5644615132623585,0.0,-0.0,False
2025-09-17 16:58:00+00:00,0.265,1,658.3,True,True,64896.607544738305,26.5,-0.3341885522531811,0.0,-0.0,False
2025-09-17 16:59:00+00:00,0.265,1,658.27,True,True,64896.151815077064,26.5,-0.4557296612401842,0.0,-0.0,False
2025-09-17 17:00:00+00:00,0.275,1,658.32,True,True,64896.911352974574,27.500000000000004,0.7595378975092899,1.0000000000000036,-1.0000000000000036,True
2025-09-17 17:01:00+00:00,0.275,1,658.3901,True,True,64897.976127978065,27.500000000000004,1.064775003491377,0.0,-0.0,True
2025-09-17 17:02:00+00:00,0.275,1,658.405,True,True,64898.20243501704,27.500000000000004,0.22630703897448257,0.0,-0.0,True
2025-09-17 17:03:00+00:00,0.275,1,658.5,True,True,64899.64521183336,27.500000000000004,1.4427768163222936,0.0,-0.0,True
2025-09-17 17:04:00+00:00,0.275,1,658.5541,True,True,64900.466742247794,27.500000000000004,0.8215304144323454,0.0,-0.0,True
2025-09-17 17:05:00+00:00,0.275,1,658.61,True,True,64901.31553550041,27.500000000000004,0.8487932526186341,0.0,-0.0,True
2025-09-17 17:06:00+00:00,0.275,1,658.66,True,True,64902.07468130992,27.500000000000004,0.7591458095048438,0.0,-0.0,True
2025-09-17 17:07:00+00:00,0.27,1,658.6672,True,True,64902.183993559745,27.0,0.10931224982778076,-0.5000000000000036,0.5000000000000036,True
2025-09-17 17:08:00+00:00,0.27,1,658.71,True,True,64902.833769493554,27.0,0.6497759338089963,0.0,-0.0,True
2025-09-17 17:09:00+00:00,0.27,1,658.735,True,True,64903.213291978405,27.0,0.3795224848508951,0.0,-0.0,True
2025-09-17 17:10:00+00:00,0.27,1,658.6,True,True,64901.16369942264,27.0,-2.0495925557625014,0.0,-0.0,True
2025-09-17 17:11:00+00:00,0.27,1,658.4387,True,True,64898.714264932874,27.0,-2.449434489768464,0.0,-0.0,True
2025-09-17 17:12:00+00:00,0.27,1,658.47,True,True,64899.18962058974,27.0,0.47535565686848713,0.0,-0.0,True
2025-09-17 17:13:00+00:00,0.27,1,658.43,True,True,64898.58213330882,27.0,-0.6074872809258522,0.0,-0.0,True
2025-09-17 17:14:00+00:00,0.27,1,658.53,True,True,64900.100782321584,27.0,1.5186490127671277,0.0,-0.0,True
2025-09-17 17:15:00+00:00,0.27,1,658.63,True,True,64901.61920073987,27.0,1.5184184182871832,0.0,-0.0,True
2025-09-17 17:16:00+00:00,0.27,1,658.56,True,True,64900.5563320563,27.0,-1.0628686835698318,0.0,-0.0,True
2025-09-17 17:17:00+00:00,0.27,1,658.64,True,True,64901.771029901705,27.0,1.2146978454038617,0.0,-0.0,True
2025-09-17 17:18:00+00:00,0.27,1,658.605,True,True,64901.23961774971,27.0,-0.5314121519986656,0.0,-0.0,True
2025-09-17 17:19:00+00:00,0.27,1,658.55,True,True,64900.404484450555,27.0,-0.8351332991514937,0.0,-0.0,True
2025-09-17 17:20:00+00:00,0.27,1,658.58,True,True,64900.860020350665,27.0,0.45553590010968037,0.0,-0.0,True
2025-09-17 17:21:00+00:00,0.27,1,658.5,True,True,64899.64521183336,27.0,-1.2148085173030267,0.0,-0.0,True
2025-09-17 17:22:00+00:00,0.27,1,658.42,True,True,64898.43025572215,27.0,-1.214956111209176,0.0,-0.0,True
2025-09-17 17:23:00+00:00,0.27,1,658.56,True,True,64900.5563320563,27.0,2.12607633414882,0.0,-0.0,True
2025-09-17 17:24:00+00:00,0.265,1,658.6194,True,True,64901.45825931147,26.5,0.9019272551668109,-0.5,0.5,True
2025-09-17 17:25:00+00:00,0.265,1,658.64,True,True,64901.771029901705,26.5,0.3127705902370508,0.0,-0.0,True
2025-09-17 17:26:00+00:00,0.265,1,658.61,True,True,64901.31553550041,26.5,-0.45549440129252616,0.0,-0.0,True
2025-09-17 17:27:00+00:00,0.265,1,658.659,True,True,64902.059498958486,26.5,0.7439634580732672,0.0,-0.0,True
2025-09-17 17:28:00+00:00,0.26,1,658.66,True,True,64902.07468130992,26.0,0.015182351431576535,-0.5,0.5,True
2025-09-17 17:29:00+00:00,0.265,1,658.695,True,True,64902.60604908865,26.5,0.5313677787344204,0.5,-0.5,True
2025-09-17 17:30:00+00:00,0.255,1,658.645,True,True,64901.84694361818,25.5,-0.7591054704753333,-1.0,1.0,True
2025-09-17 17:31:00+00:00,0.26,1,658.75,True,True,64903.44099855572,26.0,1.5940549375445698,0.5,-0.5,True
2025-09-17 17:32:00+00:00,0.26,1,658.76,True,True,64903.592800060076,26.0,0.15180150435480755,0.0,-0.0,True
2025-09-17 17:33:00+00:00,0.265,1,658.84,True,True,64904.80712914475,26.5,1.2143290846724994,0.5,-0.5,True
2025-09-17 17:34:00+00:00,0.26,1,658.86,True,True,64905.110688376764,26.0,0.3035592320156866,-0.5,0.5,True
2025-09-17 17:35:00+00:00,0.255,1,658.805,True,True,64904.27587831454,25.5,-0.8348100622242782,-0.5,0.5,True
2025-09-17 17:36:00+00:00,0.255,1,658.8,True,True,64904.19998303485,25.5,-0.07589527968957555,0.0,-0.0,True
2025-09-17 17:37:00+00:00,0.255,1,658.835,True,True,64904.731237896915,25.5,0.5312548620640882,0.0,-0.0,True
2025-09-17 17:38:00+00:00,0.24,1,659.015,True,True,64907.462960037046,24.0,2.731722140131751,-1.5,1.5,True
2025-09-17 17:39:00+00:00,0.245,1,659.035,True,True,64907.7664386608,24.5,0.30347862375492696,0.5,-0.5,True
2025-09-17 17:40:00+00:00,0.24,1,659.055,True,True,64908.0699080749,24.0,0.3034694140951615,-0.5,0.5,True
2025-09-17 17:41:00+00:00,0.245,1,659.03,True,True,64907.69056986829,24.5,-0.3793382066069171,0.5,-0.5,True
2025-09-17 17:42:00+00:00,0.23,1,659.06,True,True,64908.145773989476,23.0,0.45520412118639797,-1.5,1.5,True
2025-09-17 17:43:00+00:00,0.2,1,659.125,True,True,64909.13197850634,20.0,0.9862045168629265,-3.0,3.0,True
2025-09-17 17:44:00+00:00,0.2,1,658.98,True,True,64906.931850283094,20.0,-2.200128223244974,0.0,-0.0,True
2025-09-17 17:45:00+00:00,0.2,1,658.89,True,True,64905.56600994771,20.0,-1.3658403353838366,0.0,-0.0,True
2025-09-17 17:46:00+00:00,0.2,1,658.935,True,True,64906.2489534344,20.0,0.6829434866886004,0.0,-0.0,True
2025-09-17 17:47:00+00:00,0.205,1,658.865,True,True,64905.18657674498,20.5,-1.0623766894204891,0.5,-0.5,True
2025-09-17 17:48:00+00:00,0.205,1,658.84,True,True,64904.80712914475,20.5,-0.37944760022946866,0.0,-0.0,True
2025-09-17 17:49:00+00:00,0.205,1,658.785,True,True,64903.97229373966,20.5,-0.8348354050904163,0.0,-0.0,True
2025-09-17 17:50:00+00:00,0.205,1,658.875,True,True,64905.33835175371,20.5,1.3660580140494858,0.0,-0.0,True
2025-09-17 17:51:00+00:00,0.225,1,658.825,True,True,64904.57945367336,22.5,-0.7588980803484446,2.0,-2.0,True
2025-09-17 17:52:00+00:00,0.225,1,658.81,True,True,64904.351773018236,22.5,-0.2276806551235495,0.0,-0.0,True
2025-09-17 17:53:00+00:00,0.225,1,658.9,True,True,64905.71777919774,22.5,1.36600617950171,0.0,-0.0,True
2025-09-17 17:54:00+00:00,0.235,1,658.96,True,True,64906.62834632993,23.5,0.9105671321958653,1.0,-1.0,True
2025-09-17 17:55:00+00:00,0.235,1,659.135,True,True,64909.28369364599,23.5,2.6553473160602152,0.0,-0.0,True
2025-09-17 17:56:00+00:00,0.235,1,659.19,True,True,64910.118085772854,23.5,0.8343921268606209,0.0,-0.0,True
2025-09-17 17:57:00+00:00,0.235,1,659.145,True,True,64909.43540648394,23.5,-0.6826792889114586,0.0,-0.0,True
2025-09-17 17:58:00+00:00,0.235,1,659.11,True,True,64908.904401480984,23.5,-0.531005002958409,0.0,-0.0,True
2025-09-17 17:59:00+00:00,0.235,1,659.1901,True,True,64910.11960278604,23.5,1.2152013050581445,0.0,-0.0,True
2025-09-17 18:00:00+00:00,0.235,1,659.66,True,True,64917.2455076919,23.5,7.125904905857169,0.0,-0.0,True
2025-09-17 18:01:00+00:00,0.235,0,660.29,True,True,64926.79132454616,23.5,9.54581685426092,0.0,-0.0,True
2025-09-17 18:02:00+00:00,0.235,0,660.2355,True,True,64925.96589557821,23.5,-0.825428967953485,0.0,-0.0,True
2025-09-17 18:03:00+00:00,0.235,0,660.91,True,True,64936.17673244067,23.5,10.210836862461292,0.0,-0.0,True
2025-09-17 18:04:00+00:00,0.235,1,661.33,True,True,64942.529588414254,23.5,6.352855973585974,0.0,-0.0,True
2025-09-17 18:05:00+00:00,0.235,0,661.61,True,True,64946.762584682874,23.5,4.2329962686199,0.0,-0.0,True
2025-09-17 18:06:00+00:00,0.235,0,661.56,True,True,64946.00682389592,23.5,-0.755760786953033,0.0,-0.0,True
2025-09-17 18:07:00+00:00,0.235,0,660.65,True,True,64932.241988602254,23.5,-13.764835293666692,0.0,-0.0,True
2025-09-17 18:08:00+00:00,0.235,0,660.75,True,True,64933.755534843986,23.5,1.5135462417310919,0.0,-0.0,True
2025-09-17 18:09:00+00:00,0.235,0,660.88,True,True,64935.72280254249,23.5,1.9672676985064754,0.0,-0.0,True
2025-09-17 18:10:00+00:00,0.235,0,660.21,True,True,64925.57966229553,23.5,-10.143140246960684,0.0,-0.0,True
2025-09-17 18:11:00+00:00,0.145,1,659.725,True,True,64918.23081524129,14.499999999999998,-7.348847054243379,-9.000000000000002,9.000000000000002,True
2025-09-17 18:12:00+00:00,0.145,1,659.91,True,True,64921.03462085741,14.499999999999998,2.8038056161240092,0.0,-0.0,True
2025-09-17 18:13:00+00:00,0.145,1,659.37,True,True,64912.84833697292,14.499999999999998,-8.186283884489967,0.0,-0.0,True
2025-09-17 18:14:00+00:00,0.145,1,658.64,True,True,64901.771029901705,14.499999999999998,-11.077307071216637,0.0,-0.0,True
2025-09-17 18:15:00+00:00,0.145,1,657.83,True,True,64889.46539282354,14.499999999999998,-12.305637078163272,0.0,-0.0,True
2025-09-17 18:16:00+00:00,0.145,1,658.14,True,True,64894.17674651298,14.499999999999998,4.71135368943942,0.0,-0.0,True
2025-09-17 18:17:00+00:00,0.14,1,658.26,True,True,64895.99990057455,14.000000000000002,1.8231540615670383,-0.49999999999999645,0.49999999999999645,True
2025-09-17 18:18:00+00:00,0.135,1,658.02,True,True,64892.35326000173,13.5,-3.6466405728206155,-0.5000000000000018,0.5000000000000018,True
2025-09-17 18:19:00+00:00,0.14,1,658.7257,True,True,64903.072111296504,14.000000000000002,10.718851294775959,0.5000000000000018,-0.5000000000000018,True
2025-09-17 18:20:00+00:00,0.14,1,658.66,True,True,64902.07468130992,14.000000000000002,-0.9974299865862122,0.0,-0.0,True
2025-09-17 18:21:00+00:00,0.14,1,658.2,True,True,64895.08836509239,14.000000000000002,-6.9863162175242906,0.0,-0.0,True
2025-09-17 18:22:00+00:00,0.14,1,658.56,True,True,64900.5563320563,14.000000000000002,5.467966963908111,0.0,-0.0,True
2025-09-17 18:23:00+00:00,0.155,1,659.42,True,True,64913.60660781246,15.5,13.050275756155315,1.4999999999999982,-1.4999999999999982,True
2025-09-17 18:24:00+00:00,0.155,1,659.63,True,True,64916.79071761534,15.5,3.1841098028817214,0.0,-0.0,True
2025-09-17 18:25:00+00:00,0.16,1,659.55,True,True,64915.577842949286,16.0,-1.2128746660528122,0.5,-0.5,True
2025-09-17 18:26:00+00:00,0.16,1,659.48,True,True,64914.51645692978,16.0,-1.0613860195080633,0.0,-0.0,True
2025-09-17 18:27:00+00:00,0.16,1,659.43,True,True,64913.75825508092,16.0,-0.7582018488610629,0.0,-0.0,True
2025-09-17 18:28:00+00:00,0.16,1,660.0086,True,True,64922.52865238608,16.0,8.770397305161168,0.0,-0.0,True
2025-09-17 18:29:00+00:00,0.165,1,660.2,True,True,64925.42819419093,16.5,2.8995418048507418,0.5,-0.5,True
2025-09-17 18:30:00+00:00,0.175,1,660.35,True,True,64927.69997489813,17.5,2.271780707204016,1.0,-1.0,True
2025-09-17 18:31:00+00:00,0.175,1,659.98,True,True,64922.09531531022,17.5,-5.604659587916103,0.0,-0.0,True
2025-09-17 18:32:00+00:00,0.18,1,659.38,True,True,64912.9999957407,18.0,-9.095319569518324,0.5,-0.5,True
2025-09-17 18:33:00+00:00,0.18,1,658.36,True,True,64897.51894175867,18.0,-15.481053982024605,0.0,-0.0,True
2025-09-17 18:34:00+00:00,0.175,1,659.01,True,True,64907.38708894204,17.5,9.868147183369729,-0.5,0.5,True
2025-09-17 18:35:00+00:00,0.175,1,658.29,True,True,64896.45563715888,17.5,-10.931451783166267,0.0,-0.0,True
2025-09-17 18:36:00+00:00,0.175,1,658.78,True,True,64903.896396155855,17.5,7.44075899697782,0.0,-0.0,True
2025-09-17 18:37:00+00:00,0.175,1,658.3,True,True,64896.607544738305,17.5,-7.288851417550177,0.0,-0.0,True
2025-09-17 18:38:00+00:00,0.165,1,658.39,True,True,64897.97460912158,16.5,1.3670643832738278,-1.0,1.0,True
2025-09-17 18:39:00+00:00,0.155,1,658.17,True,True,64894.6325661908,15.5,-3.3420429307807353,-1.0,1.0,True
2025-09-17 18:40:00+00:00,0.165,1,656.89,True,True,64875.16576765354,16.5,-19.466798537258,1.0,-1.0,True
2025-09-17 18:41:00+00:00,0.17,1,657.45,True,True,64883.68715532928,17.0,8.521387675740698,0.5,-0.5,True
2025-09-17 18:42:00+00:00,0.175,1,657.44,True,True,64883.535051351,17.5,-0.1521039782819571,0.5,-0.5,True
2025-09-17 18:43:00+00:00,0.165,1,656.59,True,True,64870.597749789296,16.5,-12.937301561702043,-1.0,1.0,True
2025-09-17 18:44:00+00:00,0.165,1,656.9001,True,True,64875.31952128587,16.5,4.721771496573638,0.0,-0.0,True
2025-09-17 18:45:00+00:00,0.165,1,656.735,True,True,64872.80588563669,16.5,-2.513635649178468,0.0,-0.0,True
2025-09-17 18:46:00+00:00,0.165,1,655.66,True,True,64856.42361901082,16.5,-16.382266625871125,0.0,-0.0,True
2025-09-17 18:47:00+00:00,0.165,1,655.71,True,True,64857.18618030206,16.5,0.7625612912379438,0.0,-0.0,True
2025-09-17 18:48:00+00:00,0.165,1,656.51,True,True,64869.379259193,16.5,12.19307889094489,0.0,-0.0,True
2025-09-17 18:49:00+00:00,0.165,1,657.27,True,True,64880.948929682374,16.5,11.569670489370765,0.0,-0.0,True
2025-09-17 18:50:00+00:00,0.165,1,656.92,True,True,64875.6224546936,16.5,-5.326474988774862,0.0,-0.0,True
2025-09-17 18:51:00+00:00,0.165,1,656.29,True,True,64866.027644292655,16.5,-9.59481040094397,0.0,-0.0,True
2025-09-17 18:52:00+00:00,0.165,1,655.88,True,True,64859.77845381668,16.5,-6.249190475973592,0.0,-0.0,True
2025-09-17 18:53:00+00:00,0.165,1,655.17,True,True,64848.94743944791,16.5,-10.831014368770411,0.0,-0.0,True
2025-09-17 18:54:00+00:00,0.165,1,654.53,True,True,64839.17420815918,16.5,-9.77323128873104,0.0,-0.0,True
2025-09-17 18:55:00+00:00,0.165,1,654.8499,True,True,64844.06049068674,16.5,4.886282527557341,0.0,-0.0,True
2025-09-17 18:56:00+00:00,0.165,1,655.725,True,True,64857.414937350644,16.5,13.354446663906856,0.0,-0.0,True
2025-09-17 18:57:00+00:00,0.165,1,656.37,True,True,64867.246543323614,16.5,9.831605972969555,0.0,-0.0,True
2025-09-17 18:58:00+00:00,0.165,1,656.92,True,True,64875.6224546936,16.5,8.37591136998526,0.0,-0.0,True
2025-09-17 18:59:00+00:00,0.165,1,657.43,True,True,64883.382945059115,16.5,7.7604903655155795,0.0,-0.0,True
2025-09-17 19:00:00+00:00,0.165,1,657.715,True,True,64887.71706798033,16.5,4.334122921216476,0.0,-0.0,True
2025-09-17 19:01:00+00:00,0.165,1,658.01,True,True,64892.20128778224,16.5,4.484219801910513,0.0,-0.0,True
2025-09-17 19:02:00+00:00,0.165,1,659.1801,True,True,64909.96790032796,16.5,17.76661254571809,0.0,-0.0,True
2025-09-17 19:03:00+00:00,0.165,1,658.72,True,True,64902.98558021594,16.5,-6.982320112016168,0.0,-0.0,True
2025-09-17 19:04:00+00:00,0.165,1,658.48,True,True,64899.34148664388,16.5,-3.6440935720602283,0.0,-0.0,True
2025-09-17 19:05:00+00:00,0.165,1,658.83,True,True,64904.655346073116,16.5,5.313859429232252,0.0,-0.0,True
2025-09-17 19:06:00+00:00,0.165,1,659.17,True,True,64909.814678509254,16.5,5.159332436138357,0.0,-0.0,True
2025-09-17 19:07:00+00:00,0.165,1,659.35,True,True,64912.545012537084,16.5,2.730334027830395,0.0,-0.0,True
2025-09-17 19:08:00+00:00,0.165,1,659.55,True,True,64915.577842949286,16.5,3.0328304122012923,0.0,-0.0,True
2025-09-17 19:09:00+00:00,0.165,1,659.92,True,True,64921.18615552476,16.5,5.608312575473974,0.0,-0.0,True
2025-09-17 19:10:00+00:00,0.165,1,659.5,True,True,64914.819721573695,16.5,-6.366433951065119,0.0,-0.0,True
2025-09-17 19:11:00+00:00,0.165,1,659.38,True,True,64912.9999957407,16.5,-1.8197258329964825,0.0,-0.0,True
2025-09-17 19:12:00+00:00,0.165,1,659.07,True,True,64908.29750409198,16.5,-4.702491648720752,0.0,-0.0,True
2025-09-17 19:13:00+00:00,0.165,1,658.89,True,True,64905.56600994771,16.5,-2.7314941442673444,0.0,-0.0,True
2025-09-17 19:14:00+00:00,0.165,1,658.08,True,True,64893.26504482114,16.5,-12.300965126567462,0.0,-0.0,True
2025-09-17 19:15:00+00:00,0.155,1,658.18,True,True,64894.78450146636,15.5,1.5194566452191793,-1.0,1.0,True
2025-09-17 19:16:00+00:00,0.155,1,658.79,True,True,64904.04819074741,15.5,9.263689281047846,0.0,-0.0,True
2025-09-17 19:17:00+00:00,0.155,1,659.3,True,True,64911.786661192535,15.5,7.738470445125131,0.0,-0.0,True
2025-09-17 19:18:00+00:00,0.155,1,659.6,True,True,64916.33590685444,15.5,4.5492456619031145,0.0,-0.0,True
2025-09-17 19:19:00+00:00,0.155,1,658.93,True,True,64906.173073128,15.5,-10.162833726441022,0.0,-0.0,True
2025-09-17 19:20:00+00:00,0.155,1,659.17,True,True,64909.814678509254,15.5,3.64160538125725,0.0,-0.0,True
2025-09-17 19:21:00+00:00,0.155,1,659.5,True,True,64914.819721573695,15.5,5.005043064440542,0.0,-0.0,True
2025-09-17 19:22:00+00:00,0.155,1,659.23,True,True,64910.724872684645,15.5,-4.094848889049899,0.0,-0.0,True
2025-09-17 19:23:00+00:00,0.155,1,659.205,True,True,64910.34563517953,15.5,-0.37923750511254184,0.0,-0.0,True
2025-09-17 19:24:00+00:00,0.155,1,659.8,True,True,64919.36758794481,15.5,9.02195276528073,0.0,-0.0,True
2025-09-17 19:25:00+00:00,0.155,1,660.14,True,True,64924.51933738069,15.5,5.1517494358777185,0.0,-0.0,True
2025-09-17 19:26:00+00:00,0.145,1,659.84,True,True,64919.97381388541,14.499999999999998,-4.545523495282396,-1.0000000000000018,1.0000000000000018,True
2025-09-17 19:27:00+00:00,0.145,1,660.21,True,True,64925.57966229553,14.499999999999998,5.605848410123144,0.0,-0.0,True
2025-09-17 19:28:00+00:00,0.145,1,660.4701,True,True,64929.518542019134,14.499999999999998,3.93887972360244,0.0,-0.0,True
2025-09-17 19:29:00+00:00,0.145,1,660.62,True,True,64931.787880055104,14.499999999999998,2.269338035970577,0.0,-0.0,True
2025-09-17 19:30:00+00:00,0.145,1,660.185,True,True,64925.2009877322,14.499999999999998,-6.586892322906351,0.0,-0.0,True
2025-09-17 19:31:00+00:00,0.145,1,660.0,True,True,64922.39835020471,14.499999999999998,-2.8026375274857855,0.0,-0.0,True
2025-09-17 19:32:00+00:00,0.145,1,659.62,True,True,64916.639116326725,14.499999999999998,-5.759233877986844,0.0,-0.0,True
2025-09-17 19:33:00+00:00,0.145,1,659.65,True,True,64917.09391329785,14.499999999999998,0.4547969711275073,0.0,-0.0,True
2025-09-17 19:34:00+00:00,0.145,1,659.44,True,True,64913.90990004972,14.499999999999998,-3.1840132481302135,0.0,-0.0,True
2025-09-17 19:35:00+00:00,0.145,1,659.46,True,True,64914.21318308864,14.499999999999998,0.30328303892019903,0.0,-0.0,True
2025-09-17 19:36:00+00:00,0.145,1,659.95,True,True,64921.64074574964,14.499999999999998,7.4275626609960455,0.0,-0.0,True
2025-09-17 19:37:00+00:00,0.145,1,660.06,True,True,64923.307399793994,14.499999999999998,1.6666540443548001,0.0,-0.0,True
2025-09-17 19:38:00+00:00,0.145,1,659.45,True,True,64914.06154271893,14.499999999999998,-9.245857075060485,0.0,-0.0,True
2025-09-17 19:39:00+00:00,0.145,1,659.81,True,True,64919.5191478754,14.499999999999998,5.4576051564654335,0.0,-0.0,True
2025-09-17 19:40:00+00:00,0.145,1,659.4,True,True,64913.30330637631,14.499999999999998,-6.215841499091766,0.0,-0.0,True
2025-09-17 19:41:00+00:00,0.145,1,659.56,True,True,64915.729460327675,14.499999999999998,2.4261539513681782,0.0,-0.0,True
2025-09-17 19:42:00+00:00,0.145,1,659.5199,True,True,64915.12146076658,14.499999999999998,-0.6079995610925835,0.0,-0.0,True
2025-09-17 19:43:00+00:00,0.145,1,659.73,True,True,64918.306604108664,14.499999999999998,3.185143342081574,0.0,-0.0,True
2025-09-17 19:44:00+00:00,0.145,1,659.82,True,True,64919.67070550898,14.499999999999998,1.3641014003151213,0.0,-0.0,True
2025-09-17 19:45:00+00:00,0.145,1,659.61,True,True,64916.487512739775,14.499999999999998,-3.1831927692037425,0.0,-0.0,True
2025-09-17 19:46:00+00:00,0.145,1,659.16,True,True,64909.66297142529,14.499999999999998,-6.824541314483213,0.0,-0.0,True
2025-09-17 19:47:00+00:00,0.145,1,659.11,True,True,64908.904401480984,14.499999999999998,-0.7585699443079648,0.0,-0.0,True
2025-09-17 19:48:00+00:00,0.145,1,659.57,True,True,64915.88107540731,14.499999999999998,6.976673926328658,0.0,-0.0,True
2025-09-17 19:49:00+00:00,0.145,1,659.39,True,True,64913.15165220847,14.499999999999998,-2.729423198841687,0.0,-0.0,True
2025-09-17 19:50:00+00:00,0.145,1,659.46,True,True,64914.21318308864,14.499999999999998,1.061530880171631,0.0,-0.0,True
2025-09-17 19:51:00+00:00,0.145,1,659.72,True,True,64918.15502579952,14.499999999999998,3.9418427108757896,0.0,-0.0,True
2025-09-17 19:52:00+00:00,0.145,1,658.965,True,True,64906.704223181805,14.499999999999998,-11.450802617713634,0.0,-0.0,True
2025-09-17 19:53:00+00:00,0.135,1,658.9725,True,True,64906.81803738012,13.5,0.11381419831741368,-0.9999999999999982,0.9999999999999982,True
2025-09-17 19:54:00+00:00,0.135,1,659.075,True,True,64908.373368279914,13.5,1.5553308997914428,0.0,-0.0,True
2025-09-17 19:55:00+00:00,0.14,1,659.325,True,True,64912.165844053525,14.000000000000002,3.7924757736109314,0.5000000000000018,-0.5000000000000018,True
2025-09-17 19:56:00+00:00,0.14,1,659.445,True,True,64913.98572167177,14.000000000000002,1.8198776182471192,0.0,-0.0,True
2025-09-17 19:57:00+00:00,0.14,1,658.54,True,True,64900.25263453901,14.000000000000002,-13.733087132764922,0.0,-0.0,True
2025-09-17 19:58:00+00:00,0.14,1,658.67,True,True,64902.226503556434,14.000000000000002,1.973869017427205,0.0,-0.0,True
2025-09-17 19:59:00+00:00,0.14,1,658.83,True,True,64904.655346073116,14.000000000000002,2.4288425166814704,0.0,-0.0,True
2025-09-17 20:00:00+00:00,0.14,1,659.18,True,True,64909.96638329175,14.000000000000002,5.311037218634738,0.0,-0.0,True
2025-09-17 20:01:00+00:00,0.14,1,659.56,True,True,64915.729460327675,14.000000000000002,5.763077035924653,0.0,-0.0,True
2025-09-17 20:02:00+00:00,0.14,1,659.67,True,True,64917.397099787886,14.000000000000002,1.6676394602109212,0.0,-0.0,True
2025-09-17 20:03:00+00:00,0.145,1,659.74,True,True,64918.45818012025,14.499999999999998,1.0610803323652362,0.49999999999999645,-0.49999999999999645,True
2025-09-17 20:04:00+00:00,0.135,1,659.73,True,True,64918.306604108664,13.5,-0.15157601158716716,-0.9999999999999982,0.9999999999999982,True
2025-09-17 20:05:00+00:00,0.135,1,659.61,True,True,64916.487512739775,13.5,-1.8190913688886212,0.0,-0.0,True
2025-09-17 20:06:00+00:00,0.135,1,659.66,True,True,64917.2455076919,13.5,0.757994952124136,0.0,-0.0,True
2025-09-17 20:07:00+00:00,0.135,1,659.6925,True,True,64917.73817360198,13.5,0.4926659100819961,0.0,-0.0,True
2025-09-17 20:08:00+00:00,0.135,1,659.89,True,True,64920.73154463372,13.5,2.9933710317418445,0.0,-0.0,True
2025-09-17 20:09:00+00:00,0.135,1,659.97,True,True,64921.943794419276,13.5,1.212249785552558,0.0,-0.0,True
2025-09-17 20:10:00+00:00,0.135,1,659.81,True,True,64919.5191478754,13.5,-2.4246465438773157,0.0,-0.0,True
2025-09-17 20:11:00+00:00,0.135,1,659.83,True,True,64919.82226084563,13.5,0.3031129702285398,0.0,-0.0,True
2025-09-17 20:12:00+00:00,0.135,1,659.57,True,True,64915.88107540731,13.5,-3.941185438314278,0.0,-0.0,True
2025-09-17 20:13:00+00:00,0.135,1,659.65,True,True,64917.09391329785,13.5,1.2128378905399586,0.0,-0.0,True
2025-09-17 20:14:00+00:00,0.135,1,659.55,True,True,64915.577842949286,13.5,-1.5160703485671547,0.0,-0.0,True
2025-09-17 20:15:00+00:00,0.135,1,659.55,True,True,64915.577842949286,13.5,0.0,0.0,-0.0,True
2025-09-17 20:16:00+00:00,0.135,1,659.44,True,True,64913.90990004972,13.5,-1.6679428995630587,0.0,-0.0,True
2025-09-17 20:17:00+00:00,0.135,1,659.29,True,True,64911.63498402223,13.5,-2.27491602749069,0.0,-0.0,True
2025-09-17 20:18:00+00:00,0.135,1,659.24,True,True,64910.8765636598,13.5,-0.7584203624355723,0.0,-0.0,True
2025-09-17 20:19:00+00:00,0.135,1,659.17,True,True,64909.814678509254,13.5,-1.0618851505423663,0.0,-0.0,True
2025-09-17 20:20:00+00:00,0.135,1,659.4,True,True,64913.30330637631,13.5,3.4886278670528554,0.0,-0.0,True
2025-09-17 20:21:00+00:00,0.135,1,659.4,True,True,64913.30330637631,13.5,0.0,0.0,-0.0,True
2025-09-17 20:22:00+00:00,0.135,1,659.28,True,True,64911.48330455128,13.5,-1.8200018250281573,0.0,-0.0,True
2025-09-17 20:23:00+00:00,0.135,1,659.3199,True,True,64912.088491917246,13.5,0.6051873659671401,0.0,-0.0,True
2025-09-17 20:24:00+00:00,0.135,1,659.22,True,True,64910.57317940845,13.5,-1.5153125087963417,0.0,-0.0,True
2025-09-17 20:25:00+00:00,0.135,1,659.3,True,True,64911.786661192535,13.5,1.213481784085161,0.0,-0.0,True
2025-09-17 20:26:00+00:00,0.135,1,659.3305,True,True,64912.24926235345,13.5,0.4626011609143461,0.0,-0.0,True
2025-09-17 20:27:00+00:00,0.135,1,659.44,True,True,64913.90990004972,13.5,1.660637696273625,0.0,-0.0,True
2025-09-17 20:28:00+00:00,0.135,1,659.62,True,True,64916.639116326725,13.5,2.729216277002706,0.0,-0.0,True
2025-09-17 20:29:00+00:00,0.135,1,659.62,True,True,64916.639116326725,13.5,0.0,0.0,-0.0,True
