study,cut,segment,fee_multiplier,markets,events,mean_pnl_points,event_cluster_ci_low,event_cluster_ci_high,descriptive_small_n_boot_ci_low,descriptive_small_n_boot_ci_high,ci_note,mean_traded_price,resolved_yes_share,gross_mean_pnl_points,fee_mean_pnl_points,capped_book_markets,capped_book_events,settlement_months,capped_book_pnl,peak_locked_cash,minimum_initial_cash_with_recycling,settlement_month_sharpe,drawdown_in_units_of_fixed_peak_cash,worst_month_in_units_of_fixed_peak_cash,worst_event_cash,best_event_cash,best_event_id,best_event_share_of_net_pnl,net_pnl_ex_best_event,capital_days,median_days_locked,capital_weighted_days_locked,capital_opportunity_cost_at_assumed_4pct,net_cash_after_assumed_4pct_opportunity_cost,printed_sell_size_median,listing_calendar_days,listing_calendar_months,mean_pnl_points_ex_best_cash_event,events_ex_best_cash_event,ex_best_cash_event_ci_low,ex_best_cash_event_ci_high,mean_pnl_points_less_assumed_4pct_carry,printed_buy_size_median,mean_pnl_dollars_capped_cohort,event_cluster_ci_low_dollars,event_cluster_ci_high_dollars,closure_grid_sharpe,closure_annualization,closure_calendar_observations
S18,ALL_TRADED_SELLERS,IS,1,534,81,4.689206790004772,2.097365034776235,7.35366848104899,,,Original >=5-event reporting convention,0.3120262715547249,0.26217228464419473,4.985398691053017,0.29619190104824433,534.0,81.0,9.0,2377.8061106311397,8281.976921260833,7284.0195663218465,2.035281777275534,0.03787700141424588,-0.037877001414245874,-100.00526667983766,241.99776828427838,415432,0.1017735496608868,2135.8083423468615,1019143.5867268298,28.087395833333332,36.33632663486769,111.6869684084197,2266.1191422227203,253.550555,25.0,8.0,4.3919737665166725,80.0,1.7503902542917207,7.248246645480583,4.420397832843061,,,,,,,
S18,ALL_TRADED_SELLERS,IS,2,534,81,4.393014888956524,1.7604528244343838,7.106191244918248,,,Original >=5-event reporting convention,0.3120262715547249,0.26217228464419473,4.985398691053017,0.5923838020964922,534.0,81.0,9.0,2250.7351853550294,8281.976921260833,7402.851131906523,1.9471807704329878,0.04089398442668912,-0.0408939844266891,-112.82706314446519,233.99466238236676,415432,0.1039636576994537,2016.7405229726628,1019143.5867268298,28.087395833333332,36.33632663486769,111.6869684084197,2139.04821694661,253.550555,25.0,8.0,4.1055468064254175,80.0,1.445062399972087,7.004629301593796,4.124205931794813,,,,,,,
S18,ALL_TRADED_SELLERS,OOS,1,123,20,-0.9880707924654263,-10.959001462645142,9.277361465648418,,,Original >=5-event reporting convention,0.2879793026173081,0.2926829268292683,-0.47036242119602073,0.5177083712694055,123.0,20.0,4.0,-206.80787894039534,4100.009243479531,5285.256144453933,-0.5388275754390895,0.149239109944814,-0.09250095625844941,-241.9322889693836,259.9292442144267,907964,,-466.73712315482203,172454.41965940563,30.859444444444446,22.393272217987782,18.899114483222533,-225.70699342361786,838.311448,12.0,4.0,-3.42438005106366,19.0,-12.611903452676465,6.290288629394741,-1.167059844654747,,,,,,,
S18,ALL_TRADED_SELLERS,OOS,2,123,20,-1.5057791637348334,-11.451390533894381,8.739248486705822,,,Original >=5-event reporting convention,0.2879793026173081,0.2926829268292683,-0.47036242119602073,1.0354167425388128,123.0,20.0,4.0,-263.6818675838872,4100.009243479531,5331.447929866688,-0.682499932707789,0.1615105197846753,-0.0954265589413207,-247.65532767248592,256.32106861280226,907964,,-520.0029361966895,172454.41965940563,30.859444444444446,22.393272217987782,18.899114483222533,-282.58098206710974,838.311448,12.0,4.0,-3.93891011574382,19.0,-13.081499396003817,5.723218481994691,-1.684768215924154,,,,,,,
S18,ALL_TRADED_SELLERS,ALL,1,657,101,3.626337470912178,0.7214086524081715,6.565170414738996,,,Original >=5-event reporting convention,0.3075243275984049,0.2678843226788432,3.9640004919561647,0.3376630210439866,657.0,101.0,12.0,2170.9982316907444,8281.976921260833,7284.0195663218465,1.526681926283873,0.0526099478848667,-0.04579278344965507,-241.9322889693836,259.9292442144267,907964,0.11972798522825018,1911.0689874763177,1191598.0063862354,28.089328703703703,33.33263991404962,130.58608289164223,2040.4121487991022,354.900706,36.0,11.0,3.2412435999064053,100.0,0.4877676237723628,6.120137632772784,3.3743441123982656,,,,,,,
S18,ALL_TRADED_SELLERS,ALL,2,657,101,3.288674449868187,0.3563457362309316,6.281285806808522,,,Original >=5-event reporting convention,0.3075243275984049,0.2678843226788432,3.9640004919561647,0.6753260420879776,657.0,101.0,12.0,1987.0533177711418,8281.976921260833,7402.851131906523,1.4091331474020388,0.05778790940530851,-0.04724110891066042,-247.65532767248592,256.32106861280226,907964,0.1289955666113253,1730.7322491583395,1191598.0063862354,28.089328703703703,33.33263991404962,130.58608289164223,1856.4672348794995,354.900706,36.0,11.0,2.9060867342715397,100.0,0.10875306158110386,5.8373471882129895,3.0366810913542754,,,,,,,
S18,ACTUAL_VWAP_50_TO_75,IS,1,72,40,11.346076830579678,2.5842078905395454,20.542489515147924,,,Original >=5-event reporting convention,0.6188307862978912,0.5,11.883078629789129,0.5370017992094507,72.0,40.0,9.0,769.3117869442772,741.628371082989,675.2621805523062,1.8869933748740573,0.19011700273532545,-0.19011700273532542,-55.299492291171475,129.3415911753545,125865,0.1681263609506128,639.9701957689226,54653.763910168294,22.87871527777778,26.42733340676878,5.989453579196526,763.3223333650807,313.699144,18.0,8.0,9.823508979047539,39.0,1.1357133526721646,19.30864297672094,11.231137030779987,,,,,,,
S18,ACTUAL_VWAP_50_TO_75,IS,2,72,40,10.80907503137022,1.9849719490897275,20.053580051326367,,,Original >=5-event reporting convention,0.6188307862978912,0.5,11.883078629789129,1.0740035984189085,72.0,40.0,9.0,736.5642210952637,741.628371082989,704.6996357539897,1.831649810284155,0.19584483791794766,-0.1958448379179477,-58.99851012662862,126.01112323173433,125865,0.17107961481533412,610.5530978635294,54653.763910168294,22.87871527777778,26.42733340676878,5.989453579196526,730.5747675160673,313.699144,18.0,8.0,9.308758067337623,39.0,0.6127483032113589,18.849617085824402,10.694135231570534,,,,,,,
S18,ACTUAL_VWAP_50_TO_75,OOS,1,16,11,22.10395619553927,-1.0966184721610424,39.05179903120181,,,Original >=5-event reporting convention,0.6053948158417969,0.375,23.039481584179686,0.9355253886404178,16.0,11.0,4.0,365.1223168087037,230.9493916005601,239.43897503333994,2.508128890101765,0.2356956567492815,-0.23569565674928153,-50.9173966546259,142.84731064519764,907966,0.39123138759014486,222.27500616350608,11486.458964558795,26.14068865740741,20.712101940928196,1.2587900235132927,363.8635267851904,3014.8951465,9.0,4.0,16.46159168029217,10.0,-8.491871347891363,37.68639942212346,22.016199056985627,,,,,,,
S18,ACTUAL_VWAP_50_TO_75,OOS,2,16,11,21.168430806898854,-2.0760476812667563,38.11906096267959,,,Original >=5-event reporting convention,0.6053948158417969,0.375,23.039481584179686,1.871050777280832,16.0,11.0,4.0,351.7840677409546,230.9493916005601,247.33209103490793,2.429321539678199,0.2513179837578132,-0.2513179837578131,-51.91739392548117,139.49929499908242,907966,0.3965480753432142,212.28477274187216,11486.458964558795,26.14068865740741,20.712101940928196,1.2587900235132927,350.52527771744127,3014.8951465,9.0,4.0,15.51233006182268,10.0,-9.457920326452482,36.71597277080063,21.080673668345213,,,,,,,
S18,ACTUAL_VWAP_50_TO_75,ALL,1,88,51,13.302054896935964,5.16498692257654,21.325717033326423,,,Original >=5-event reporting convention,0.6163878825786013,0.4772727272727273,13.911515530587412,0.6094606336514481,88.0,51.0,12.0,1134.4341037529807,741.628371082989,675.2621805523062,2.1703240389362723,0.19011700273532545,-0.19011700273532542,-55.299492291171475,142.84731064519764,907966,0.12591944315903797,991.586793107783,66140.22287472709,25.017222222222223,25.218810839791853,7.2482436027098185,1127.1858601502709,346.6900745,27.0,11.0,12.076864666252888,50.0,4.0384017242223536,20.43551611936153,13.192057399181012,,,,,,,
S18,ACTUAL_VWAP_50_TO_75,ALL,2,88,51,12.692594263284517,4.560275549033593,20.716691063629487,,,Original >=5-event reporting convention,0.6163878825786013,0.4772727272727273,13.911515530587412,1.2189212673028944,88.0,51.0,12.0,1088.3482888362184,741.628371082989,704.6996357539897,2.1084746205399156,0.19584483791794766,-0.1958448379179477,-58.99851012662862,139.49929499908242,907966,0.12817523253355817,948.848993837136,66140.22287472709,25.017222222222223,25.218810839791853,7.2482436027098185,1081.1000452335086,346.6900745,27.0,11.0,11.480968607149142,50.0,3.5020357676723486,19.81709811641721,12.582596765529566,,,,,,,
S18,SP500_MIXED_ROOT_HORIZON,IS,1,46,7,16.772539111422955,6.039098562466501,27.34580772059604,,,Original >=5-event reporting convention,0.30197935546311394,0.13043478260869565,17.15445728544183,0.3819181740188746,46.0,7.0,5.0,520.5166421296059,825.1949855106949,612.8717593394736,3.7609696638934436,0.0,0.009592462860070324,-67.13476453092042,241.99776828427838,415432,0.46491840740035784,278.5188738453275,49868.42636872265,25.225914351851852,23.130328221115008,5.465033026709332,515.0516091028966,179.12489399999998,7.0,4.0,17.228960370361794,6.0,1.6505674468503375,30.395873267900893,16.563825012449136,,,,,,,
S18,SP500_MIXED_ROOT_HORIZON,IS,2,46,7,16.390620937404073,5.623596681150327,27.178705492712872,,,Original >=5-event reporting convention,0.30197935546311394,0.13043478260869565,17.15445728544183,0.7638363480377564,46.0,7.0,5.0,508.2410834556333,825.1949855106949,622.9572384812383,3.765203724681737,0.0,0.009592462860070324,-69.3248440631283,233.99466238236676,415432,0.46040091995591936,274.24642107326656,49868.42636872265,25.225914351851852,23.130328221115008,5.465033026709332,502.776050428924,179.12489399999998,7.0,4.0,16.96821724246939,6.0,1.130710921443917,30.16322588125449,16.18190683843025,,,,,,,
S18,SP500_MIXED_ROOT_HORIZON,OOS,1,10,3,20.468673268916397,,,15.559105448193995,39.04,"Fewer than5events; small-n empirical bootstrap only, no tail guarantee",0.21027495456506048,0.0,21.02749545650605,0.5588221875896515,10.0,3.0,3.0,108.19261068916398,548.9350454349395,549.807389310836,2.502843265389326,0.0,0.0035559762784927776,1.952,93.35463268916396,746373,0.8628559020298591,14.837978000000021,17134.219136715652,30.862800925925924,31.04390503634976,1.8777226451195235,106.31488804404447,342.0532795,3.0,2.0,27.833025000000006,2.0,,,20.194056560896076,,,,,,,
S18,SP500_MIXED_ROOT_HORIZON,OOS,2,10,3,19.909851081326742,,,15.1557184688779,38.080000000000005,"Fewer than5events; small-n empirical bootstrap only, no tail guarantee",0.21027495456506048,0.0,21.02749545650605,1.1176443751793066,10.0,3.0,3.0,105.3202668132674,548.9350454349395,552.6797331867326,2.5004541980997343,0.0,0.0034685342388577098,1.9040000000000004,90.9343108132674,746373,0.8634075241614583,14.385955999999993,17134.219136715652,30.862800925925924,31.04390503634976,1.8777226451195235,103.44254416814788,342.0532795,3.0,2.0,27.041050000000006,2.0,,,19.635234373306417,,,,,,,
S18,SP500_MIXED_ROOT_HORIZON,ALL,1,56,10,17.43256306811821,8.220957949059484,26.77181340634845,,,Original >=5-event reporting convention,0.2856035695884616,0.10714285714285714,17.84607124456044,0.4135081764422317,56.0,10.0,8.0,628.7092528187699,825.1949855106949,612.8717593394736,3.207109405602258,0.0,0.0023655015290621893,-67.13476453092042,241.99776828427838,415432,0.38491205147578134,386.7114845344915,67002.6455054383,25.227395833333333,24.743298785700627,7.342755671828854,621.366497146941,179.12489399999998,10.0,6.0,18.000320584303367,9.0,5.854446770746978,28.899255172114074,17.21208064610037,,,,,,,
S18,SP500_MIXED_ROOT_HORIZON,ALL,2,56,10,17.019054891675978,7.827112210887864,26.438407421186294,,,Original >=5-event reporting convention,0.2856035695884616,0.10714285714285714,17.84607124456044,0.8270163528844634,56.0,10.0,8.0,613.5613502689007,825.1949855106949,622.9572384812383,3.207833589893295,0.0,0.002307333458675415,-69.3248440631283,233.99466238236676,415432,0.381371255343603,379.56668788653394,67002.6455054383,25.227395833333333,24.743298785700627,7.342755671828854,606.2185945970718,179.12489399999998,10.0,6.0,17.66860625172114,9.0,5.521537773370642,28.788001664521488,16.798572469658136,,,,,,,
S18,SPY_ALL_HORIZONS_COMPARATOR,IS,1,25,3,8.697464236402325,,,-10.149798254274954,17.06878160402611,"Fewer than5events; small-n empirical bootstrap only, no tail guarantee",0.3328322211707885,0.24,9.283222117078852,0.5857578806765265,25.0,3.0,2.0,184.13671798170444,820.1949875108085,826.6111023266008,,0.08185220045621863,-0.08185220045621862,-67.13476453092042,241.99776828427838,415432,1.3142287477303845,-57.86105030257394,23460.158825358827,27.929583333333333,21.462899888426413,2.5709763096283647,181.56574167207606,488.0,3.0,1.0,-0.25213285125638635,2.0,,,8.539413500358817,,,,,,,
S18,SPY_ALL_HORIZONS_COMPARATOR,IS,2,25,3,8.111706355725795,,,-10.662756157300795,16.611585158170918,"Fewer than5events; small-n empirical bootstrap only, no tail guarantee",0.3328322211707885,0.24,9.283222117078852,1.1715157613530565,25.0,3.0,2.0,173.66304824604273,820.1949875108085,833.0272171423928,,0.0845223942096022,-0.08452239420960218,-69.3248440631283,233.99466238236676,415432,1.3474061681264933,-60.33161413632402,23460.158825358827,27.929583333333333,21.462899888426413,2.5709763096283647,171.09207193641436,488.0,3.0,1.0,-0.7448138607656264,2.0,,,7.953655619682288,,,,,,,
S18,SPY_ALL_HORIZONS_COMPARATOR,OOS,1,10,3,20.468673268916397,,,15.559105448193995,39.04,"Fewer than5events; small-n empirical bootstrap only, no tail guarantee",0.21027495456506048,0.0,21.02749545650605,0.5588221875896515,10.0,3.0,3.0,108.19261068916398,548.9350454349395,549.807389310836,2.502843265389326,0.0,0.0035559762784927776,1.952,93.35463268916396,746373,0.8628559020298591,14.837978000000021,17134.219136715652,30.862800925925924,31.04390503634976,1.8777226451195235,106.31488804404447,342.0532795,3.0,2.0,27.833025000000006,2.0,,,20.194056560896076,,,,,,,
S18,SPY_ALL_HORIZONS_COMPARATOR,OOS,2,10,3,19.909851081326742,,,15.1557184688779,38.080000000000005,"Fewer than5events; small-n empirical bootstrap only, no tail guarantee",0.21027495456506048,0.0,21.02749545650605,1.1176443751793066,10.0,3.0,3.0,105.3202668132674,548.9350454349395,552.6797331867326,2.5004541980997343,0.0,0.0034685342388577098,1.9040000000000004,90.9343108132674,746373,0.8634075241614583,14.385955999999993,17134.219136715652,30.862800925925924,31.04390503634976,1.8777226451195235,103.44254416814788,342.0532795,3.0,2.0,27.041050000000006,2.0,,,19.635234373306417,,,,,,,
S18,SPY_ALL_HORIZONS_COMPARATOR,ALL,1,35,6,12.060666817120635,0.6077559007158447,20.952794229299062,,,Original >=5-event reporting convention,0.2978158592834377,0.17142857142857143,12.638728785486622,0.5780619683659864,35.0,6.0,5.0,292.32932867086845,820.1949875108085,826.6111023266008,1.6614625953847626,0.08185220045621863,-0.08185220045621862,-67.13476453092042,241.99776828427838,415432,0.8278258270717065,50.33156038659007,40594.377962074475,28.094270833333333,24.677562624249823,4.448698954747887,287.88062971612055,488.0,6.0,3.0,9.614917682159227,5.0,-2.8839689518075025,24.244943868008704,11.869311517655177,,,,,,,
S18,SPY_ALL_HORIZONS_COMPARATOR,ALL,2,35,6,11.482604848754638,0.06824093526529061,20.285662572297554,,,Original >=5-event reporting convention,0.2978158592834377,0.17142857142857143,12.638728785486622,1.1561239367319835,35.0,6.0,5.0,278.98331505931014,820.1949875108085,833.0272171423928,1.6232839078258736,0.0845223942096022,-0.08452239420960218,-69.3248440631283,233.99466238236676,415432,0.838740705094213,44.98865267694339,40594.377962074475,28.094270833333333,24.677562624249823,4.448698954747887,274.53461610456225,488.0,6.0,3.0,9.090740873564073,5.0,-3.389413160358903,23.56456171939031,11.291249549289182,,,,,,,
S18,SPY_MONTHLY_TOUCH_PRIMARY_CANDIDATE,IS,1,21,2,7.102927594950176,,,-10.149798254274954,15.729290519562742,"Fewer than5events; small-n empirical bootstrap only, no tail guarantee",0.362846019394022,0.2857142857142857,7.713173367973624,0.6102457730234487,21.0,2.0,2.0,174.86300375335796,676.0058355312837,759.3535817157216,,0.0993109245546056,-0.09931092455460558,-67.13476453092042,241.99776828427838,415432,1.3839277782601354,-67.13476453092042,22404.25641089667,27.929583333333333,23.77332784720196,2.4552609765366213,172.40774277682135,502.5873,3.0,1.0,-10.149798254274954,1.0,,,6.926868237094218,,,,,,,
S18,SPY_MONTHLY_TOUCH_PRIMARY_CANDIDATE,IS,2,21,2,6.492681821926728,,,-10.662756157300795,15.070400811540482,"Fewer than5events; small-n empirical bootstrap only, no tail guarantee",0.362846019394022,0.2857142857142857,7.713173367973624,1.2204915460468966,21.0,2.0,2.0,164.66981831923843,676.0058355312837,767.3566876176332,,0.10255065920939102,-0.102550659209391,-69.3248440631283,233.99466238236676,415432,1.4209930196724403,-69.32484406312832,22404.25641089667,27.929583333333333,23.77332784720196,2.4552609765366213,162.21455734270182,502.5873,3.0,1.0,-10.662756157300795,1.0,,,6.316622464070767,,,,,,,
S18,SPY_MONTHLY_TOUCH_PRIMARY_CANDIDATE,OOS,1,10,3,20.468673268916397,,,15.559105448193995,39.04,"Fewer than5events; small-n empirical bootstrap only, no tail guarantee",0.21027495456506048,0.0,21.02749545650605,0.5588221875896515,10.0,3.0,3.0,108.19261068916398,548.9350454349395,549.807389310836,2.502843265389326,0.0,0.0035559762784927776,1.952,93.35463268916396,746373,0.8628559020298591,14.837978000000021,17134.219136715652,30.862800925925924,31.04390503634976,1.8777226451195235,106.31488804404447,342.0532795,3.0,2.0,27.833025000000006,2.0,,,20.194056560896076,,,,,,,
S18,SPY_MONTHLY_TOUCH_PRIMARY_CANDIDATE,OOS,2,10,3,19.909851081326742,,,15.1557184688779,38.080000000000005,"Fewer than5events; small-n empirical bootstrap only, no tail guarantee",0.21027495456506048,0.0,21.02749545650605,1.1176443751793066,10.0,3.0,3.0,105.3202668132674,548.9350454349395,552.6797331867326,2.5004541980997343,0.0,0.0034685342388577098,1.9040000000000004,90.9343108132674,746373,0.8634075241614583,14.385955999999993,17134.219136715652,30.862800925925924,31.04390503634976,1.8777226451195235,103.44254416814788,342.0532795,3.0,2.0,27.041050000000006,2.0,,,19.635234373306417,,,,,,,
S18,SPY_MONTHLY_TOUCH_PRIMARY_CANDIDATE,ALL,1,31,5,11.414458457519927,-1.5249319719630035,22.572773763511712,,,Original >=5-event reporting convention,0.3136295468685505,0.1935483870967742,12.008115977177633,0.5936575196577056,31.0,5.0,5.0,283.0556144425219,676.0058355312837,759.3535817157216,1.658428268711209,0.0993109245546056,-0.09931092455460558,-67.13476453092042,241.99776828427838,415432,0.8549477768207956,41.057846158243535,39538.475547612325,28.095648148148147,26.458706612181924,4.332983621656145,278.7226308208658,502.5873,6.0,3.0,7.8610673476023125,4.0,,,11.20660640606256,,,,,,,
S18,SPY_MONTHLY_TOUCH_PRIMARY_CANDIDATE,ALL,2,31,5,10.820800937862215,-2.085327378903234,21.947336486661957,,,Original >=5-event reporting convention,0.3136295468685505,0.1935483870967742,12.008115977177633,1.1873150393154184,31.0,5.0,5.0,269.99008513250584,676.0058355312837,767.3566876176332,1.6187928878082984,0.10255065920939102,-0.102550659209391,-69.3248440631283,233.99466238236676,415432,0.8666787236558215,35.995422750139085,39538.475547612325,28.095648148148147,26.458706612181924,4.332983621656145,265.6571015108497,502.5873,6.0,3.0,7.321130453656579,4.0,,,10.61294888640485,,,,,,,
S18,SPY_WEEKLY_TOUCH_COMPARATOR,IS,1,4,1,17.06878160402611,,,17.06878160402611,17.06878160402611,"Fewer than5events; small-n empirical bootstrap only, no tail guarantee",0.17525978049881297,0.0,17.525978049881296,0.4571964458551854,4.0,1.0,1.0,9.27371422834651,150.64488947011128,150.92537377165348,,0.0,0.06156009846046894,9.273714228346511,9.273714228346511,439134,1.0000000000000002,-1.7763568394002505e-15,1055.9024144621585,7.039016203703704,7.009214970227417,0.1157153330917434,9.157998895254766,26.974544,1.0,1.0,,0.0,,,17.00527613249796,,,,,,,
S18,SPY_WEEKLY_TOUCH_COMPARATOR,IS,2,4,1,16.611585158170918,,,16.611585158170918,16.611585158170918,"Fewer than5events; small-n empirical bootstrap only, no tail guarantee",0.17525978049881297,0.0,17.525978049881296,0.9143928917103779,4.0,1.0,1.0,8.993229926804293,150.64488947011128,151.2058580731957,,0.0,0.05969820787441048,8.993229926804293,8.993229926804293,439134,1.0,0.0,1055.9024144621585,7.039016203703704,7.009214970227417,0.1157153330917434,8.877514593712549,26.974544,1.0,1.0,,0.0,,,16.548079686642772,,,,,,,
S18,SPY_WEEKLY_TOUCH_COMPARATOR,OOS,1,0,0,,,,,,"Fewer than5events; small-n empirical bootstrap only, no tail guarantee",,,,,,,,,,,,,,,,,,,,,,,,,,,,,,,,,,,,,,
S18,SPY_WEEKLY_TOUCH_COMPARATOR,OOS,2,0,0,,,,,,"Fewer than5events; small-n empirical bootstrap only, no tail guarantee",,,,,,,,,,,,,,,,,,,,,,,,,,,,,,,,,,,,,,
S18,SPY_WEEKLY_TOUCH_COMPARATOR,ALL,1,4,1,17.06878160402611,,,17.06878160402611,17.06878160402611,"Fewer than5events; small-n empirical bootstrap only, no tail guarantee",0.17525978049881297,0.0,17.525978049881296,0.4571964458551854,4.0,1.0,1.0,9.27371422834651,150.64488947011128,150.92537377165348,,0.0,0.06156009846046894,9.273714228346511,9.273714228346511,439134,1.0000000000000002,-1.7763568394002505e-15,1055.9024144621585,7.039016203703704,7.009214970227417,0.1157153330917434,9.157998895254766,26.974544,1.0,1.0,,0.0,,,17.00527613249796,,,,,,,
S18,SPY_WEEKLY_TOUCH_COMPARATOR,ALL,2,4,1,16.611585158170918,,,16.611585158170918,16.611585158170918,"Fewer than5events; small-n empirical bootstrap only, no tail guarantee",0.17525978049881297,0.0,17.525978049881296,0.9143928917103779,4.0,1.0,1.0,8.993229926804293,150.64488947011128,151.2058580731957,,0.0,0.05969820787441048,8.993229926804293,8.993229926804293,439134,1.0,0.0,1055.9024144621585,7.039016203703704,7.009214970227417,0.1157153330917434,8.877514593712549,26.974544,1.0,1.0,,0.0,,,16.548079686642772,,,,,,,
S18,SPX_MONTHLY_TOUCH_COMPARATOR,IS,1,21,4,26.385723486447507,,,12.671908894454486,35.622344327940496,"Fewer than5events; small-n empirical bootstrap only, no tail guarantee",0.26524975343016804,0.0,26.524975343016806,0.13925185656929884,21.0,4.0,5.0,336.3799241479014,642.7329636775343,519.2019629185165,3.9754509542476675,0.0,0.0,7.91565225082761,123.55500075223712,196998,0.36730789170970785,212.8249233956643,26408.267543363814,25.225914351851852,24.845033141196776,2.894056717080966,333.48586743082046,96.221615,5.0,4.0,20.965525217257582,3.0,,,26.116695860175703,,,,,,,
S18,SPX_MONTHLY_TOUCH_COMPARATOR,IS,2,21,4,26.246471629878208,,,12.446963587688694,35.35649987449001,"Fewer than5events; small-n empirical bootstrap only, no tail guarantee",0.26524975343016804,0.0,26.524975343016806,0.2785037131385977,21.0,4.0,5.0,334.57803520959067,642.7329636775343,519.225962911736,3.9694032456246675,0.0,0.0,7.91565225082761,123.55500075223712,196998,0.3692860491419833,211.02303445735356,26408.267543363814,25.225914351851852,24.845033141196776,2.894056717080966,331.6839784925097,96.221615,5.0,4.0,20.756647432403632,3.0,,,25.977444003606404,,,,,,,
S18,SPX_MONTHLY_TOUCH_COMPARATOR,OOS,1,0,0,,,,,,"Fewer than5events; small-n empirical bootstrap only, no tail guarantee",,,,,,,,,,,,,,,,,,,,,,,,,,,,,,,,,,,,,,
S18,SPX_MONTHLY_TOUCH_COMPARATOR,OOS,2,0,0,,,,,,"Fewer than5events; small-n empirical bootstrap only, no tail guarantee",,,,,,,,,,,,,,,,,,,,,,,,,,,,,,,,,,,,,,
S18,SPX_MONTHLY_TOUCH_COMPARATOR,ALL,1,21,4,26.385723486447507,,,12.671908894454486,35.622344327940496,"Fewer than5events; small-n empirical bootstrap only, no tail guarantee",0.26524975343016804,0.0,26.524975343016806,0.13925185656929884,21.0,4.0,5.0,336.3799241479014,642.7329636775343,519.2019629185165,3.9754509542476675,0.0,0.0,7.91565225082761,123.55500075223712,196998,0.36730789170970785,212.8249233956643,26408.267543363814,25.225914351851852,24.845033141196776,2.894056717080966,333.48586743082046,96.221615,5.0,4.0,20.965525217257582,3.0,,,26.116695860175703,,,,,,,
S18,SPX_MONTHLY_TOUCH_COMPARATOR,ALL,2,21,4,26.246471629878208,,,12.446963587688694,35.35649987449001,"Fewer than5events; small-n empirical bootstrap only, no tail guarantee",0.26524975343016804,0.0,26.524975343016806,0.2785037131385977,21.0,4.0,5.0,334.57803520959067,642.7329636775343,519.225962911736,3.9694032456246675,0.0,0.0,7.91565225082761,123.55500075223712,196998,0.3692860491419833,211.02303445735356,26408.267543363814,25.225914351851852,24.845033141196776,2.894056717080966,331.6839784925097,96.221615,5.0,4.0,20.756647432403632,3.0,,,25.977444003606404,,,,,,,
S18,SPY_MONTHLY_TOUCH_VWAP50_TO75_DIAGNOSTIC,IS,1,5,2,3.018659867291136,,,-43.215912116138036,14.577302863148429,"Fewer than5events; small-n empirical bootstrap only, no tail guarantee",0.6391261357765441,0.6,3.9126135776544024,0.8939537103632667,5.0,2.0,2.0,35.80092446831732,106.3988978266807,141.69078854740627,,0.2115462419633467,-0.21154624196334668,-22.508286984276396,58.309211452593715,415432,1.628706864935723,-22.508286984276396,2063.3052723273004,9.7553125,12.8798051698415,0.22611564628244388,35.574808822034875,1336.646102,3.0,1.0,-43.215912116138036,1.0,,,2.970417789517434,,,,,,,
S18,SPY_MONTHLY_TOUCH_VWAP50_TO75_DIAGNOSTIC,IS,2,5,2,2.124706156927863,,,-44.19182507093167,13.70383896389275,"Fewer than5events; small-n empirical bootstrap only, no tail guarantee",0.6391261357765441,0.6,3.9126135776544024,1.7879074207265395,5.0,2.0,2.0,31.79878088701841,106.3988978266807,145.18464414442903,,0.21632343415855304,-0.21632343415855307,-23.016574968552575,54.815355855571,415432,1.7238194146602934,-23.01657496855259,2063.3052723273004,9.7553125,12.8798051698415,0.22611564628244388,31.572665240735965,1336.646102,3.0,1.0,-44.19182507093167,1.0,,,2.0764640791541593,,,,,,,
S18,SPY_MONTHLY_TOUCH_VWAP50_TO75_DIAGNOSTIC,OOS,1,1,1,54.845426235723096,,,54.845426235723096,54.845426235723096,"Fewer than5events; small-n empirical bootstrap only, no tail guarantee",0.5583182217576719,0.0,55.831822175767186,0.9863959400440905,1.0,1.0,1.0,54.845426235723096,44.168177824232814,45.154573764276904,,0.0,1.2417407495047763,54.845426235723096,54.845426235723096,746373,1.0,0.0,1363.140899306147,30.862511574074073,30.862511574074073,0.14938530403355035,54.696040931689545,1801.110293,1.0,1.0,,0.0,,,54.696040931689545,,,,,,,
S18,SPY_MONTHLY_TOUCH_VWAP50_TO75_DIAGNOSTIC,OOS,2,1,1,53.859030295679,,,53.859030295679,53.859030295679,"Fewer than5events; small-n empirical bootstrap only, no tail guarantee",0.5583182217576719,0.0,55.831822175767186,1.972791880088188,1.0,1.0,1.0,53.85903029567899,44.168177824232814,46.14096970432101,,0.0,1.2194080206344693,53.85903029567899,53.85903029567899,746373,1.0,0.0,1363.140899306147,30.862511574074073,30.862511574074073,0.14938530403355035,53.70964499164544,1801.110293,1.0,1.0,,0.0,,,53.70964499164545,,,,,,,
S18,SPY_MONTHLY_TOUCH_VWAP50_TO75_DIAGNOSTIC,ALL,1,6,3,11.656454262029797,,,-43.215912116138036,54.845426235723096,"Fewer than5events; small-n empirical bootstrap only, no tail guarantee",0.625658150106732,0.5,12.565815010673202,0.9093607486434045,6.0,3.0,4.0,90.64635070404042,106.3988978266807,141.69078854740627,1.9503151207491185,0.2115462419633467,-0.21154624196334668,-22.508286984276396,58.309211452593715,415432,0.6432604401579586,32.3371392514467,3426.446171633447,11.842881944444445,16.76629721879773,0.37550095031599423,90.27084975372442,1568.8781975,4.0,2.0,5.81475705979253,2.0,,,11.591354979879453,,,,,,,
S18,SPY_MONTHLY_TOUCH_VWAP50_TO75_DIAGNOSTIC,ALL,2,6,3,10.747093513386384,,,-44.19182507093168,53.859030295679,"Fewer than5events; small-n empirical bootstrap only, no tail guarantee",0.625658150106732,0.5,12.565815010673202,1.818721497286818,6.0,3.0,4.0,85.6578111826974,106.3988978266807,145.18464414442903,1.894234412004597,0.21632343415855304,-0.21632343415855307,-23.016574968552575,54.815355855571,415432,0.6399341180765955,30.8424553271264,3426.446171633447,11.842881944444445,16.76629721879773,0.37550095031599423,85.2823102323814,1568.8781975,4.0,2.0,4.833602612373664,2.0,,,10.681994231236041,,,,,,,
S18,STOCK_TOUCH_COMPARATOR,IS,1,242,53,3.4925169896714987,-0.612139132552527,7.069535525187582,,,Original >=5-event reporting convention,0.3256061571223908,0.2892561983471074,3.634995877528338,0.14247888785683926,242.0,53.0,8.0,1067.2999745335842,4304.405415573877,4612.367837885932,2.534246038454617,0.02107447269578805,-0.021074472695788056,-96.15360000000001,177.5739185696915,69122,0.16637676642622637,889.7260559638927,298745.9536081314,28.10529513888889,28.341231322386975,32.739282587192484,1034.5606919463917,82.9109695,11.0,6.0,3.0899077877749854,52.0,-0.9201023897628463,6.728742463800342,3.2858291232389187,,,,,,,
S18,STOCK_TOUCH_COMPARATOR,IS,2,242,53,3.3500381018146563,-0.7668012033816406,6.9466307882105545,,,Original >=5-event reporting convention,0.3256061571223908,0.2892561983471074,3.634995877528338,0.28495777571368164,242.0,53.0,8.0,1044.7229204424839,4304.405415573877,4612.367837885932,2.489811912965364,0.021113949307397434,-0.02111394930739745,-96.3072,177.5739185696915,69122,0.16997226259234507,867.1490018727924,298745.9536081314,28.10529513888889,28.341231322386975,32.739282587192484,1011.9836378552914,82.9109695,11.0,6.0,2.941287568545003,52.0,-1.1399794740197458,6.611421856363995,3.143350235382076,,,,,,,
S18,STOCK_TOUCH_COMPARATOR,OOS,1,5,2,23.795770737485093,,,4.810000236653082,28.542213362693094,"Fewer than5events; small-n empirical bootstrap only, no tail guarantee",0.24376108539732727,0.0,24.376108539732726,0.5803378022476338,5.0,2.0,2.0,93.73475968742547,265.28445754682707,267.5752405492276,,0.0,0.018131481509066686,4.810000236653082,88.92475945077238,746354,0.9486849888697336,4.810000236653082,8647.198063954733,30.859930555555554,24.00102998815281,0.9476381439950392,92.78712154343043,319.505264,2.0,2.0,4.810000236653082,1.0,,,23.594179776193695,,,,,,,
S18,STOCK_TOUCH_COMPARATOR,OOS,2,5,2,23.215432935237445,,,4.620000227815415,27.864291112092953,"Fewer than5events; small-n empirical bootstrap only, no tail guarantee",0.24376108539732727,0.0,24.376108539732726,1.1606756044952817,5.0,2.0,2.0,91.25397667618722,265.28445754682707,269.86602355162825,,0.0,0.017415269143688558,4.620000227815415,86.63397644837181,746354,0.9493720668830753,4.62000022781541,8647.198063954733,30.859930555555554,24.00102998815281,0.9476381439950392,90.30633853219219,319.505264,2.0,2.0,4.620000227815415,1.0,,,23.013841973946047,,,,,,,
S18,STOCK_TOUCH_COMPARATOR,ALL,1,247,55,3.9035140291009234,-0.09017653217251712,7.538767103802524,,,Original >=5-event reporting convention,0.3239493742939482,0.2834008097165992,4.054856457734905,0.15134242863398173,247.0,55.0,11.0,1161.0347342210096,4304.405415573877,4612.367837885932,2.2650582036553426,0.02107447269578805,-0.021074472695788056,-96.15360000000001,177.5739185696915,69122,0.15294453588318685,983.4608156513181,307393.1516720861,28.10758101851852,28.197789340493067,33.68692073118752,1127.347813489822,86.142283,13.0,8.0,3.5267403394566332,54.0,-0.428317812142902,7.086876117090354,3.6969293388857767,,,,,,,
S18,STOCK_TOUCH_COMPARATOR,ALL,2,247,55,3.7521716004669385,-0.28356755646157694,7.389715042996035,,,Original >=5-event reporting convention,0.3239493742939482,0.2834008097165992,4.054856457734905,0.30268485726796657,247.0,55.0,11.0,1135.976897118671,4304.405415573877,4612.367837885932,2.228367668119092,0.021113949307397434,-0.02111394930739745,-96.3072,177.5739185696915,69122,0.15631824821446264,958.4029785489796,307393.1516720861,28.10758101851852,28.197789340493067,33.68692073118752,1102.2899763874836,86.142283,13.0,8.0,3.3690121543402025,54.0,-0.601548082303856,6.916865874081222,3.545586910251792,,,,,,,
S18,CRUDE_TOUCH_COMPARATOR,IS,1,122,9,1.5285459097988074,-1.5625192746134893,5.93709951681279,,,Original >=5-event reporting convention,0.30710201477381105,0.28688524590163933,2.021676887217174,0.49313097741836676,122.0,9.0,6.0,63.63459862721432,2865.0876692571005,3068.6631633727857,0.14457332395588976,0.13222708056767368,-0.1290928905308262,-100.00526667983766,145.486178359103,237260,2.286274786007428,-81.85157973188869,215042.71386882392,24.95974537037037,27.82747578775602,23.566324807542347,40.06827381967197,6701.198436,18.0,5.0,0.3628002003216954,8.0,-2.5009974360191625,3.532473032756233,1.317804678929615,,,,,,,
S18,CRUDE_TOUCH_COMPARATOR,IS,2,122,9,1.0354149323804378,-2.0882077719163568,5.534799349203646,,,Original >=5-event reporting convention,0.30710201477381105,0.28688524590163933,2.021676887217174,0.9862619548367364,122.0,9.0,6.0,8.468364143592808,2865.0876692571005,3123.8293978564066,0.019273521873709776,0.13590979271325715,-0.13266513196290966,-112.82706314446519,145.486178359103,237260,17.179962492422852,-137.0178142155102,215042.71386882392,24.95974537037037,27.82747578775602,23.566324807542347,-15.09796066394954,6701.198436,18.0,5.0,-0.16960669565211955,8.0,-2.999057169583788,2.99970067091743,0.8246737015112453,,,,,,,
S18,CRUDE_TOUCH_COMPARATOR,OOS,1,69,8,-5.043052522095983,-18.482488885081306,2.893682636172197,,,Original >=5-event reporting convention,0.30221330820390724,0.34782608695652173,-4.561277875261458,0.4817746468345252,69.0,8.0,4.0,-377.6938717158479,1971.6102098542033,2375.435372151159,-0.8325725359341614,0.35828052790014764,-0.30209126715802676,-213.08180575434574,146.36086610765932,746379,,-524.0547378235071,94563.47735372576,18.6953125,20.90314803964453,10.363120805887755,-388.05699252173565,4592.453571,12.0,4.0,-10.088397757801676,7.0,-22.52359078599984,-3.459824792148216,-5.204414358373497,,,,,,,
S18,CRUDE_TOUCH_COMPARATOR,OOS,2,69,8,-5.524827168930511,-18.90121138065024,2.388804230679869,,,Original >=5-event reporting convention,0.30221330820390724,0.34782608695652173,-4.561277875261458,0.9635492936690531,69.0,8.0,4.0,-410.0882585105437,1971.6102098542033,2399.6266137784314,-0.903105474846003,0.3717415347832177,-0.3062270602287494,-219.40882362351095,136.01922742296736,746379,,-546.107485933511,94563.47735372576,18.6953125,20.90314803964453,10.363120805887755,-420.4513793164315,4592.453571,12.0,4.0,-10.55576126692189,7.0,-22.993316058572766,-3.957370392524759,-5.686189005208022,,,,,,,
S18,CRUDE_TOUCH_COMPARATOR,ALL,1,191,17,-0.8454870315663268,-5.224198527392183,3.0409416153078928,,,Original >=5-event reporting convention,0.30533593753128035,0.3089005235602094,-0.35645860289290743,0.48902842867341934,191.0,17.0,9.0,-314.0592730886336,3118.8839995688363,3635.267805806396,-0.41315518994883665,0.2067331190457248,-0.1909677393320488,-213.08180575434574,146.36086610765932,746379,,-460.4201391962929,309606.1912225497,24.256631944444443,25.270676774773044,33.929445613430104,-347.9887187020637,5542.018818,29.0,8.0,-1.800285901384957,16.0,-6.029019249272806,2.386136958818192,-1.0383896329756968,,,,,,,
S18,CRUDE_TOUCH_COMPARATOR,ALL,2,191,17,-1.3345154602397475,-5.687472007481944,2.638236377278252,,,Original >=5-event reporting convention,0.30533593753128035,0.3089005235602094,-0.35645860289290743,0.9780568573468401,191.0,17.0,9.0,-401.6198943669508,3118.8839995688363,3693.414760297864,-0.5299093291818561,0.23293033994284557,-0.19358219111839553,-219.40882362351095,145.486178359103,237260,,-547.1060727260538,309606.1912225497,24.256631944444443,25.270676774773044,33.929445613430104,-435.5493399803809,5542.018818,29.0,8.0,-2.1998825893675544,16.0,-6.6612582595258845,1.2469761765780754,-1.527418061649118,,,,,,,
S18,ALL_TRADED_BUYER_COUNTERPART,IS,1,483,75,-10.41213998961408,-13.1747931262378,-7.711420344866105,,,,0.38237563057157226,0.2815734989648033,,,,,,,,,,,,,,,,,,,,,,,,,,,,,,280.0,,,,,,
S18,ALL_TRADED_BUYER_COUNTERPART,IS,2,483,75,-10.744066818551262,-13.44487557205583,-8.07808357877506,,,,0.38237563057157226,0.2815734989648033,,,,,,,,,,,,,,,,,,,,,,,,,,,,,,280.0,,,,,,
S18,ALL_TRADED_BUYER_COUNTERPART,OOS,1,123,22,-2.795859549183116,-13.054144260135095,6.30891388647844,,,,0.33110055421934387,0.3089430894308943,,,,,,,,,,,,,,,,,,,,,,,,,,,,,,995.56,,,,,,
S18,ALL_TRADED_BUYER_COUNTERPART,OOS,2,123,22,-3.375972619521276,-13.648137301735387,5.7552600132937926,,,,0.33110055421934387,0.3089430894308943,,,,,,,,,,,,,,,,,,,,,,,,,,,,,,995.56,,,,,,
S18,ALL_TRADED_BUYER_COUNTERPART,ALL,1,606,97,-8.86626128635829,-11.940358394036538,-5.930873238801243,,,,0.37196831309413975,0.2871287128712871,,,,,,,,,,,,,,,,,,,,,,,,,,,,,,387.76322,,,,,,
S18,ALL_TRADED_BUYER_COUNTERPART,ALL,2,606,97,-9.248562550431314,-12.32704500563575,-6.358012680076192,,,,0.37196831309413975,0.2871287128712871,,,,,,,,,,,,,,,,,,,,,,,,,,,,,,387.76322,,,,,,
S18,ACTUAL_BUY_VWAP_50_TO_75_BUYER_COUNTERPART,IS,1,80,44,-13.281479208204152,-21.18299298557762,-4.834961296883354,,,,0.6019844605661332,0.475,,,,,,,,,,,,,,,,,,,,,,,,,,,,,,187.490395,,,,,,
S18,ACTUAL_BUY_VWAP_50_TO_75_BUYER_COUNTERPART,IS,2,80,44,-13.86451235979498,-21.709832737448824,-5.294108047766127,,,,0.6019844605661332,0.475,,,,,,,,,,,,,,,,,,,,,,,,,,,,,,187.490395,,,,,,
S18,ACTUAL_BUY_VWAP_50_TO_75_BUYER_COUNTERPART,OOS,1,25,12,-29.96381209956545,-48.45889821546235,-15.298740465569738,,,,0.6102531670098784,0.32,,,,,,,,,,,,,,,,,,,,,,,,,,,,,,446.706988,,,,,,
S18,ACTUAL_BUY_VWAP_50_TO_75_BUYER_COUNTERPART,OOS,2,25,12,-30.902307498143067,-49.41274621599615,-16.233733387381236,,,,0.6102531670098784,0.32,,,,,,,,,,,,,,,,,,,,,,,,,,,,,,446.706988,,,,,,
S18,ACTUAL_BUY_VWAP_50_TO_75_BUYER_COUNTERPART,ALL,1,105,56,-17.253463229956843,-24.50169649561113,-10.281508959260682,,,,0.6039532001955963,0.4380952380952381,,,,,,,,,,,,,,,,,,,,,,,,,,,,,,213.0,,,,,,
S18,ACTUAL_BUY_VWAP_50_TO_75_BUYER_COUNTERPART,ALL,2,105,56,-17.921130249877862,-25.07781527295103,-11.013480247347312,,,,0.6039532001955963,0.4380952380952381,,,,,,,,,,,,,,,,,,,,,,,,,,,,,,213.0,,,,,,
S18,SP500_MIXED_ROOT_HORIZON_BUYER_COUNTERPART,IS,1,47,7,-18.62612302426525,-27.347745800555288,-10.965951402718495,,,,0.3732883178851435,0.19148936170212766,,,,,,,,,,,,,,,,,,,,,,,,,,,,,,89.499258,,,,,,
S18,SP500_MIXED_ROOT_HORIZON_BUYER_COUNTERPART,IS,2,47,7,-19.072350430228923,-27.575094475199545,-11.453250073837546,,,,0.3732883178851435,0.19148936170212766,,,,,,,,,,,,,,,,,,,,,,,,,,,,,,89.499258,,,,,,
S18,SP500_MIXED_ROOT_HORIZON_BUYER_COUNTERPART,OOS,1,10,3,-27.050700911207684,,,-57.63333226816657,-6.570622222222222,,0.26477674772438475,0.0,,,,,,,,,,,,,,,,,,,,,,,,,,,,,,307.9945025,,,,,,
S18,SP500_MIXED_ROOT_HORIZON_BUYER_COUNTERPART,OOS,2,10,3,-27.6237270499769,,,-58.59999893911101,-6.807911111111113,,0.26477674772438475,0.0,,,,,,,,,,,,,,,,,,,,,,,,,,,,,,307.9945025,,,,,,
S18,SP500_MIXED_ROOT_HORIZON_BUYER_COUNTERPART,ALL,1,57,10,-20.104119144781468,-29.504695024021636,-12.097750213902785,,,,0.3542512003130806,0.15789473684210525,,,,,,,,,,,,,,,,,,,,,,,,,,,,,,89.499258,,,,,,
S18,SP500_MIXED_ROOT_HORIZON_BUYER_COUNTERPART,ALL,2,57,10,-20.572591942465408,-29.867338079071423,-12.59159424094065,,,,0.3542512003130806,0.15789473684210525,,,,,,,,,,,,,,,,,,,,,,,,,,,,,,89.499258,,,,,,
S18,SPY_MONTHLY_TOUCH_PRIMARY_CANDIDATE_BUYER_COUNTERPART,IS,1,19,2,-16.016646870051456,,,-17.50518850288528,-12.791473332244834,,0.4165280158000225,0.2631578947368421,,,,,,,,,,,,,,,,,,,,,,,,,,,,,,144.461409,,,,,,
S18,SPY_MONTHLY_TOUCH_PRIMARY_CANDIDATE_BUYER_COUNTERPART,IS,2,19,2,-16.69628163378486,,,-18.213669611247518,-13.408607682615767,,0.4165280158000225,0.2631578947368421,,,,,,,,,,,,,,,,,,,,,,,,,,,,,,144.461409,,,,,,
S18,SPY_MONTHLY_TOUCH_PRIMARY_CANDIDATE_BUYER_COUNTERPART,OOS,1,10,3,-27.050700911207684,,,-57.63333226816657,-6.570622222222222,,0.26477674772438475,0.0,,,,,,,,,,,,,,,,,,,,,,,,,,,,,,307.9945025,,,,,,
S18,SPY_MONTHLY_TOUCH_PRIMARY_CANDIDATE_BUYER_COUNTERPART,OOS,2,10,3,-27.6237270499769,,,-58.59999893911101,-6.807911111111113,,0.26477674772438475,0.0,,,,,,,,,,,,,,,,,,,,,,,,,,,,,,307.9945025,,,,,,
S18,SPY_MONTHLY_TOUCH_PRIMARY_CANDIDATE_BUYER_COUNTERPART,ALL,1,29,5,-19.82149309113981,-32.748040758918854,-13.114141291519367,,,,0.3641999923256646,0.1724137931034483,,,,,,,,,,,,,,,,,,,,,,,,,,,,,,144.461409,,,,,,
S18,SPY_MONTHLY_TOUCH_PRIMARY_CANDIDATE_BUYER_COUNTERPART,ALL,2,29,5,-20.464366260057975,-33.533869678561935,-13.671688478780792,,,,0.3641999923256646,0.1724137931034483,,,,,,,,,,,,,,,,,,,,,,,,,,,,,,144.461409,,,,,,
S18,SPX_MONTHLY_TOUCH_COMPARATOR_BUYER_COUNTERPART,IS,1,21,4,-27.01601925644777,,,-37.264068085183105,-14.141033863799247,,0.3163152325938425,0.047619047619047616,,,,,,,,,,,,,,,,,,,,,,,,,,,,,,80.384575,,,,,,
S18,SPX_MONTHLY_TOUCH_COMPARATOR_BUYER_COUNTERPART,IS,2,21,4,-27.162420015416057,,,-37.5715096790165,-14.377527397517248,,0.3163152325938425,0.047619047619047616,,,,,,,,,,,,,,,,,,,,,,,,,,,,,,80.384575,,,,,,
S18,SPX_MONTHLY_TOUCH_COMPARATOR_BUYER_COUNTERPART,OOS,1,0,0,,,,,,,,,,,,,,,,,,,,,,,,,,,,,,,,,,,,,,,,,,,,
S18,SPX_MONTHLY_TOUCH_COMPARATOR_BUYER_COUNTERPART,OOS,2,0,0,,,,,,,,,,,,,,,,,,,,,,,,,,,,,,,,,,,,,,,,,,,,
S18,SPX_MONTHLY_TOUCH_COMPARATOR_BUYER_COUNTERPART,ALL,1,21,4,-27.01601925644777,,,-37.264068085183105,-14.141033863799247,,0.3163152325938425,0.047619047619047616,,,,,,,,,,,,,,,,,,,,,,,,,,,,,,80.384575,,,,,,
S18,SPX_MONTHLY_TOUCH_COMPARATOR_BUYER_COUNTERPART,ALL,2,21,4,-27.162420015416057,,,-37.5715096790165,-14.377527397517248,,0.3163152325938425,0.047619047619047616,,,,,,,,,,,,,,,,,,,,,,,,,,,,,,80.384575,,,,,,
S19,ALL_TRADED_SELLERS,IS,1,948,262,-0.8449203707049017,-2.9525109168039663,1.185792140280489,,,Original >=5-event reporting convention,0.22998233408556298,0.23734177215189872,-0.7359438066335727,0.10897656407132894,948.0,262.0,24.0,-772.8297667412621,4097.919651135795,5130.968602421571,-0.3607436794467675,0.3001297848089689,-0.11243564069331036,-248.93843628170305,113.94586236480035,35443,,-886.7756291060625,976870.3874017051,7.089060945208702,13.463248273940009,107.05428903032386,-879.884055771586,5863.010695,104.0,22.0,-0.9692059044417871,261.0,-3.131543063927858,1.1337738028565176,-0.9584653541453192,,,,,,,
S19,ALL_TRADED_SELLERS,IS,2,948,262,-0.9538969347762333,-3.0636607168945478,1.0722826239990582,,,Original >=5-event reporting convention,0.22998233408556298,0.23734177215189872,-0.7359438066335727,0.21795312814266055,948.0,262.0,24.0,-875.8433066274717,4097.919651135795,5132.314259005375,-0.4111243980459266,0.30013149128459443,-0.11243564069331036,-248.93843628170305,113.94586236480035,35443,,-989.7891689922722,976870.3874017051,7.089060945208702,13.463248273940009,107.05428903032386,-982.8975956577956,5863.010695,104.0,22.0,-1.078644233615116,261.0,-3.245207765536473,1.025487359270197,-1.0674419182166508,,,,,,,
S19,ALL_TRADED_SELLERS,OOS,1,184,60,2.841970648050028,-3.083379389690324,7.801005585519774,,,Original >=5-event reporting convention,0.17083404598046253,0.1358695652173913,3.4964480763071215,0.6544774282570933,184.0,60.0,5.0,561.3027013402564,3065.047434684201,2808.860027642774,2.213884176544965,0.04651744474619135,-0.04651744474619134,-256.7203156901222,103.94350885795271,939676,0.1851826271453184,457.3591924823037,164210.07783145737,7.008234953703703,10.801621659811893,17.995624967830945,543.3070763724254,3308.5486535,30.0,5.0,2.314801604327362,59.0,-3.634066966911139,7.0512574608558145,2.7439193383870104,,,,,,,
S19,ALL_TRADED_SELLERS,OOS,2,184,60,2.1874932197929304,-3.6421724562906452,7.088604193637116,,,Original >=5-event reporting convention,0.17083404598046253,0.1358695652173913,3.4964480763071215,1.308954856514191,184.0,60.0,5.0,440.92179941120105,3065.047434684201,2924.555582420424,1.747483585463963,0.057498574978090286,-0.057498574978090286,-257.0352175024379,99.40062691348392,939676,0.22543822293708704,341.52117249771715,164210.07783145737,7.008234953703703,10.801621659811893,17.995624967830945,422.9261744433701,3308.5486535,30.0,5.0,1.674575279162515,59.0,-4.224047172561823,6.408631489774345,2.0894419101299126,,,,,,,
S19,ALL_TRADED_SELLERS,ALL,1,1132,322,-0.2456377316139944,-2.2236676323141786,1.602712453064375,,,Original >=5-event reporting convention,0.22036812471158906,0.22084805653710246,-0.04799318255133993,0.1976445490626545,1132.0,322.0,25.0,-211.52706540100576,4097.919651135795,5130.968602421571,-0.09147398773207732,0.3001297848089689,-0.11243564069331036,-256.7203156901222,113.94586236480035,35443,,-325.4729277658061,1141080.4652331625,7.085881632215999,13.002187546134847,125.0499139981548,-336.57697939916056,5289.8241685,133.0,25.0,-0.34752462282964713,321.0,-2.351719122493238,1.6335294400579996,-0.3566643087160359,,,,,,,
S19,ALL_TRADED_SELLERS,ALL,2,1132,322,-0.443282280676652,-2.4142551604290685,1.4094612659268195,,,Original >=5-event reporting convention,0.22036812471158906,0.22084805653710246,-0.04799318255133993,0.39528909812531204,1132.0,322.0,25.0,-434.92150721627075,4097.919651135795,5132.314259005375,-0.19000246590785463,0.30013149128459443,-0.11243564069331036,-257.0352175024379,113.94586236480035,35443,,-548.8673695810711,1141080.4652331625,7.085881632215999,13.002187546134847,125.0499139981548,-559.9714212144256,5289.8241685,133.0,25.0,-0.5458700390875624,321.0,-2.533024438679241,1.414804625034464,-0.5543088577786937,,,,,,,
S19,ALL_TRADED_BUYER_COUNTERPART,IS,1,751,248,-1.5378214496288258,-4.21720534503704,1.063222578147168,,,,0.3148744328042775,0.3009320905459387,,,,,,,,,,,,,,,,,,,,,,,,,,,,,,8369.311020000001,,,,,,
S19,ALL_TRADED_BUYER_COUNTERPART,IS,2,751,248,-1.6814086734237716,-4.376949622137641,0.92813467950319,,,,0.3148744328042775,0.3009320905459387,,,,,,,,,,,,,,,,,,,,,,,,,,,,,,8369.311020000001,,,,,,
S19,ALL_TRADED_BUYER_COUNTERPART,OOS,1,129,53,-10.324033038105211,-15.286656517186755,-4.7230520237274565,,,,0.272398320097612,0.17829457364341086,,,,,,,,,,,,,,,,,,,,,,,,,,,,,,6381.877404,,,,,,
S19,ALL_TRADED_BUYER_COUNTERPART,OOS,2,129,53,-11.237691430790308,-16.220539554683096,-5.665599544261169,,,,0.272398320097612,0.17829457364341086,,,,,,,,,,,,,,,,,,,,,,,,,,,,,,6381.877404,,,,,,
S19,ALL_TRADED_BUYER_COUNTERPART,ALL,1,880,301,-2.82580019384866,-5.184756726456943,-0.4483207475756847,,,,0.30864782082795955,0.28295454545454546,,,,,,,,,,,,,,,,,,,,,,,,,,,,,,8054.9136105,,,,,,
S19,ALL_TRADED_BUYER_COUNTERPART,ALL,2,880,301,-3.0822728503559116,-5.481314507863719,-0.6851029444351648,,,,0.30864782082795955,0.28295454545454546,,,,,,,,,,,,,,,,,,,,,,,,,,,,,,8054.9136105,,,,,,
S6,MODELLED_100_CONTRACTS,IS,1,171,30,,,,,,,,,,,,,,3245.644785,,,,,,,,,,,,,,,,,,,,,,,,,18.98037885964912,13.624773298283813,25.358516973749992,4.176183443446026,51.00931677018633,36.0
S6,PRINT_SUPPORTED_CAPPED_SIZE,IS,1,20,11,,,,,,,,,,,,,,273.1141294234619,,,,,,,,,,,,,,,,,,,,,,,,,13.655706471173096,-4.692078183275413,38.47911121273316,1.0741915408001432,51.00931677018633,36.0
S6,MODELLED_100_CONTRACTS,OOS,1,16,6,,,,,,,,,,,,,,519.768662,,,,,,,,,,,,,,,,,,,,,,,,,32.485541375,25.316053333333336,43.01260721428571,7.703548386719228,51.00931677018633,9.0
S6,PRINT_SUPPORTED_CAPPED_SIZE,OOS,1,1,1,,,,,,,,,,,,,,21.313599999999997,,,,,,,,,,,,,,,,,,,,,,,,,21.313599999999997,,,2.3806935677138368,51.00931677018633,9.0
S6,MODELLED_100_CONTRACTS,ALL,1,187,36,,,,,,,,,,,,,,3765.413447,,,,,,,,,,,,,,,,,,,,,,,,,20.135900786096258,15.077963387675322,26.279152726886284,4.2683246541752675,51.00931677018633,45.0
S6,PRINT_SUPPORTED_CAPPED_SIZE,ALL,1,21,12,,,,,,,,,,,,,,294.4277294234619,,,,,,,,,,,,,,,,,,,,,,,,,14.0203680677839,-3.9881071724016612,36.93728327034701,1.0352392827915782,51.00931677018633,45.0
S6,MODELLED_100_CONTRACTS,IS,2,105,19,,,,,,,,,,,,,,2230.8773199999996,,,,,,,,,,,,,,,,,,,,,,,,,21.246450666666664,13.481465879373737,28.296468783477437,3.5725917458820744,51.009316770186345,36.0
S6,PRINT_SUPPORTED_CAPPED_SIZE,IS,2,8,7,,,,,,,,,,,,,,94.46471,,,,,,,,,,,,,,,,,,,,,,,,,11.80808875,-1.4313408857142875,21.241455492857142,1.9041065062650409,51.009316770186345,36.0
S6,MODELLED_100_CONTRACTS,OOS,2,5,2,,,,,,,,,,,,,,93.57916200000003,,,,,,,,,,,,,,,,,,,,,,,,,18.715832400000004,,,2.0714671740384873,51.009316770186345,9.0
S6,PRINT_SUPPORTED_CAPPED_SIZE,OOS,2,0,0,,,,,,,,,,,,,,0.0,,,,,,,,,,,,,,,,,,,,,,,,,,,,,51.009316770186345,9.0
S6,MODELLED_100_CONTRACTS,ALL,2,110,21,,,,,,,,,,,,,,2324.456482,,,,,,,,,,,,,,,,,,,,,,,,,21.131422563636363,12.946263900746546,27.870461161262263,3.2510859232625293,51.009316770186345,45.0
S6,PRINT_SUPPORTED_CAPPED_SIZE,ALL,2,8,7,,,,,,,,,,,,,,94.46471,,,,,,,,,,,,,,,,,,,,,,,,,11.80808875,-1.4313408857142875,21.241455492857142,1.695592434249997,51.009316770186345,45.0
