variant,cost_mult,segment,day,pnl
V0,1.0,IS,2026-01-02,0.0
V0,1.0,IS,2026-01-05,0.0
V0,1.0,IS,2026-01-06,0.0
V0,1.0,IS,2026-01-07,0.0
V0,1.0,IS,2026-01-08,0.0
V0,1.0,IS,2026-01-09,0.0
V0,1.0,IS,2026-01-12,0.0
V0,1.0,IS,2026-01-13,0.0
V0,1.0,IS,2026-01-14,0.0
V0,1.0,IS,2026-01-15,0.0
V0,1.0,IS,2026-01-16,0.0
V0,1.0,IS,2026-01-20,0.0
V0,1.0,IS,2026-01-21,0.0
V0,1.0,IS,2026-01-22,0.0
V0,1.0,IS,2026-01-23,0.0
V0,1.0,IS,2026-01-26,0.0
V0,1.0,IS,2026-01-27,0.0
V0,1.0,IS,2026-01-28,0.0
V0,1.0,IS,2026-01-29,0.0
V0,1.0,IS,2026-01-30,0.0
V0,1.0,IS,2026-02-02,0.0
V0,1.0,IS,2026-02-03,0.0
V0,1.0,IS,2026-02-04,0.0
V0,1.0,IS,2026-02-05,0.0
V0,1.0,IS,2026-02-06,0.0
V0,1.0,IS,2026-02-09,0.0
V0,1.0,IS,2026-02-10,0.0
V0,1.0,IS,2026-02-11,0.0
V0,1.0,IS,2026-02-12,0.0
V0,1.0,IS,2026-02-13,0.0
V0,1.0,IS,2026-02-17,0.0
V0,1.0,IS,2026-02-18,0.0
V0,1.0,IS,2026-02-19,0.0
V0,1.0,IS,2026-02-20,0.0
V0,1.0,IS,2026-02-23,0.0
V0,1.0,IS,2026-02-24,0.0
V0,1.0,IS,2026-02-25,0.0
V0,1.0,IS,2026-02-26,0.0
V0,1.0,IS,2026-02-27,0.0
V0,1.0,IS,2026-03-02,0.0
V0,1.0,IS,2026-03-03,0.0
V0,1.0,IS,2026-03-04,0.0
V0,1.0,IS,2026-03-05,0.0
V0,1.0,IS,2026-03-06,0.0
V0,1.0,IS,2026-03-09,0.0
V0,1.0,IS,2026-03-10,0.0
V0,1.0,IS,2026-03-11,0.0
V0,1.0,IS,2026-03-12,0.0
V0,1.0,IS,2026-03-13,0.0
V0,1.0,IS,2026-03-16,0.0
V0,1.0,IS,2026-03-17,0.0
V0,1.0,IS,2026-03-18,0.0
V0,1.0,IS,2026-03-19,0.0
V0,1.0,IS,2026-03-20,0.0
V0,1.0,IS,2026-03-23,0.0
V0,1.0,IS,2026-03-24,0.0
V0,1.0,IS,2026-03-25,0.0
V0,1.0,IS,2026-03-26,0.0
V0,1.0,IS,2026-03-27,0.0
V0,1.0,IS,2026-03-30,0.0
V0,1.0,IS,2026-03-31,0.0
V0,1.0,IS,2026-04-01,0.0
V0,1.0,IS,2026-04-02,0.0
V0,1.0,IS,2026-04-06,0.0
V0,1.0,IS,2026-04-07,0.0
V0,1.0,IS,2026-04-08,0.0
V0,1.0,IS,2026-04-09,0.0
V0,1.0,IS,2026-04-10,0.0
V0,1.0,IS,2026-04-13,0.0
V0,1.0,IS,2026-04-14,0.0
V0,1.0,IS,2026-04-15,0.0
V0,1.0,IS,2026-04-16,0.0
V0,1.0,IS,2026-04-17,0.0
V0,1.0,IS,2026-04-20,0.0
V0,1.0,IS,2026-04-21,0.0
V0,1.0,IS,2026-04-22,0.0
V0,1.0,IS,2026-04-23,0.0
V0,1.0,IS,2026-04-24,0.0
V0,1.0,IS,2026-04-27,0.0
V0,1.0,IS,2026-04-28,0.0
V0,1.0,IS,2026-04-29,0.0
V0,1.0,IS,2026-04-30,0.0
V0,1.0,IS,2026-05-01,0.0
V0,1.0,IS,2026-05-04,0.0
V0,1.0,IS,2026-05-05,0.0
V0,1.0,IS,2026-05-06,-144.47862003580892
V0,1.0,IS,2026-05-07,-144.47862003580892
V0,1.0,IS,2026-05-08,-144.47862003580892
V0,1.0,IS,2026-05-11,116.92612095287197
V0,1.0,IS,2026-05-12,116.92612095287197
V0,1.0,IS,2026-05-13,116.92612095287197
V0,1.0,IS,2026-05-14,116.92612095287197
V0,1.0,IS,2026-05-15,116.92612095287197
V0,1.0,IS,2026-05-18,164.9854352405547
V0,1.0,IS,2026-05-19,164.9854352405547
V0,1.0,IS,2026-05-20,164.9854352405547
V0,1.0,IS,2026-05-21,164.9854352405547
V0,1.0,IS,2026-05-22,155.55245869884797
V0,1.0,IS,2026-05-26,339.1447843929378
V0,1.0,IS,2026-05-27,339.1447843929378
V0,1.0,IS,2026-05-28,339.1447843929378
V0,1.0,IS,2026-05-29,339.1447843929378
V0,1.0,IS,2026-06-01,352.86729815375327
V0,1.0,IS,2026-06-02,352.86729815375327
V0,1.0,IS,2026-06-03,352.86729815375327
V0,1.0,IS,2026-06-04,352.86729815375327
V0,1.0,IS,2026-06-05,352.86729815375327
V0,1.0,IS,2026-06-08,352.86729815375327
V0,1.0,IS,2026-06-09,352.86729815375327
V0,1.0,IS,2026-06-10,352.86729815375327
V0,1.0,IS,2026-06-11,-95.44696677521955
V0,1.0,IS,2026-06-12,-95.44696677521955
V0,1.0,IS,2026-06-15,-248.60300589636748
V0,1.0,IS,2026-06-16,-248.60300589636748
V0,1.0,IS,2026-06-17,-248.60300589636748
V0,1.0,IS,2026-06-18,-248.60300589636748
V0,1.0,IS,2026-06-22,-248.60300589636748
V0,1.0,IS,2026-06-23,-248.60300589636748
V0,1.0,IS,2026-06-24,-248.60300589636748
V0,1.0,IS,2026-06-25,-248.60300589636748
V0,1.0,IS,2026-06-26,-248.60300589636748
V0,1.0,IS,2026-06-29,-248.60300589636748
V0,1.0,IS,2026-06-30,-248.60300589636748
V0,1.0,IS,2026-07-01,-248.60300589636748
V0,1.0,IS,2026-07-02,-248.60300589636748
V0,1.0,IS,2026-07-06,-303.5588002701069
V0,1.0,IS,2026-07-07,-303.5588002701069
V0,1.0,IS,2026-07-08,-303.5588002701069
V0,1.0,IS,2026-07-09,-399.51108692076536
V0,1.0,IS,2026-07-10,-399.51108692076536
V0,1.0,IS,2026-07-13,-399.51108692076536
V0,1.0,IS,2026-07-14,-399.51108692076536
V0,1.0,IS,2026-07-15,-399.51108692076536
V0,1.0,IS,2026-07-16,-547.6763804906748
V0,1.0,IS,2026-07-17,-547.6763804906748
V0,1.0,IS,2026-07-20,-477.80968744374655
V0,1.0,IS,2026-07-21,-477.80968744374655
V0,1.0,IS,2026-07-22,-477.80968744374655
V0,1.0,IS,2026-07-23,-477.80968744374655
V0,1.0,IS,2026-07-24,-477.80968744374655
V0,1.0,IS,2026-07-27,-346.8956526172459
V0,1.0,IS,2026-07-28,-346.8956526172459
V0,1.0,IS,2026-07-29,-346.8956526172459
V0,1.0,IS,2026-07-30,-346.8956526172459
V0,1.0,IS,2026-07-31,-346.8956526172459
V0,1.0,IS,2026-08-03,-333.04118851276303
V0,1.0,IS,2026-08-04,-452.58464700693526
V0,1.0,IS,2026-08-05,-452.58464700693526
V0,1.0,IS,2026-08-06,-452.58464700693526
V0,1.0,IS,2026-08-07,-452.58464700693526
V0,1.0,IS,2026-08-10,-452.58464700693526
V0,1.0,OOS,2026-08-11,0.0
V0,1.0,OOS,2026-08-12,0.0
V0,1.0,OOS,2026-08-13,0.0
V0,1.0,OOS,2026-08-14,0.0
V0,1.0,OOS,2026-08-17,0.0
V0,1.0,OOS,2026-08-18,0.0
V0,1.0,OOS,2026-08-19,0.0
V0,1.0,OOS,2026-08-20,0.0
V0,1.0,OOS,2026-08-21,0.0
V0,1.0,OOS,2026-08-24,0.0
V0,1.0,OOS,2026-08-25,0.0
V0,1.0,OOS,2026-08-26,0.0
V0,1.0,OOS,2026-08-27,-166.84980763616784
V0,1.0,OOS,2026-08-28,-166.84980763616784
V0,1.0,OOS,2026-08-31,-166.84980763616784
V0,1.0,OOS,2026-09-01,-166.84980763616784
V0,1.0,OOS,2026-09-02,-166.84980763616784
V0,1.0,OOS,2026-09-03,-166.84980763616784
V0,1.0,OOS,2026-09-04,-88.02260854004
V0,1.0,OOS,2026-09-08,-106.69161694048236
V0,1.0,OOS,2026-09-09,-106.69161694048236
V0,1.0,OOS,2026-09-10,-106.69161694048236
V0,1.0,OOS,2026-09-11,-106.69161694048236
V0,1.0,OOS,2026-09-14,-106.69161694048236
V0,1.0,OOS,2026-09-15,-106.69161694048236
V0,1.0,OOS,2026-09-16,-106.69161694048236
V0,1.0,OOS,2026-09-17,-106.69161694048236
V0,1.0,OOS,2026-09-18,-79.57276986643636
V0,1.0,OOS,2026-09-21,-190.87677924108527
V0,1.0,OOS,2026-09-22,-367.4899717712599
V0,1.0,OOS,2026-09-23,-367.4899717712599
V0,1.0,OOS,2026-09-24,-367.4899717712599
V0,1.0,OOS,2026-09-25,-418.68583903364373
V0,1.0,OOS,2026-09-28,-448.69147604157865
V0,1.0,OOS,2026-09-29,-448.69147604157865
V0,1.0,OOS,2026-09-30,-484.08602567315444
V0,1.0,OOS,2026-10-01,-484.08602567315444
V0,1.0,OOS,2026-10-02,-564.9849440782075
V0,2.0,IS,2026-01-02,0.0
V0,2.0,IS,2026-01-05,0.0
V0,2.0,IS,2026-01-06,0.0
V0,2.0,IS,2026-01-07,0.0
V0,2.0,IS,2026-01-08,0.0
V0,2.0,IS,2026-01-09,0.0
V0,2.0,IS,2026-01-12,0.0
V0,2.0,IS,2026-01-13,0.0
V0,2.0,IS,2026-01-14,0.0
V0,2.0,IS,2026-01-15,0.0
V0,2.0,IS,2026-01-16,0.0
V0,2.0,IS,2026-01-20,0.0
V0,2.0,IS,2026-01-21,0.0
V0,2.0,IS,2026-01-22,0.0
V0,2.0,IS,2026-01-23,0.0
V0,2.0,IS,2026-01-26,0.0
V0,2.0,IS,2026-01-27,0.0
V0,2.0,IS,2026-01-28,0.0
V0,2.0,IS,2026-01-29,0.0
V0,2.0,IS,2026-01-30,0.0
V0,2.0,IS,2026-02-02,0.0
V0,2.0,IS,2026-02-03,0.0
V0,2.0,IS,2026-02-04,0.0
V0,2.0,IS,2026-02-05,0.0
V0,2.0,IS,2026-02-06,0.0
V0,2.0,IS,2026-02-09,0.0
V0,2.0,IS,2026-02-10,0.0
V0,2.0,IS,2026-02-11,0.0
V0,2.0,IS,2026-02-12,0.0
V0,2.0,IS,2026-02-13,0.0
V0,2.0,IS,2026-02-17,0.0
V0,2.0,IS,2026-02-18,0.0
V0,2.0,IS,2026-02-19,0.0
V0,2.0,IS,2026-02-20,0.0
V0,2.0,IS,2026-02-23,0.0
V0,2.0,IS,2026-02-24,0.0
V0,2.0,IS,2026-02-25,0.0
V0,2.0,IS,2026-02-26,0.0
V0,2.0,IS,2026-02-27,0.0
V0,2.0,IS,2026-03-02,0.0
V0,2.0,IS,2026-03-03,0.0
V0,2.0,IS,2026-03-04,0.0
V0,2.0,IS,2026-03-05,0.0
V0,2.0,IS,2026-03-06,0.0
V0,2.0,IS,2026-03-09,0.0
V0,2.0,IS,2026-03-10,0.0
V0,2.0,IS,2026-03-11,0.0
V0,2.0,IS,2026-03-12,0.0
V0,2.0,IS,2026-03-13,0.0
V0,2.0,IS,2026-03-16,0.0
V0,2.0,IS,2026-03-17,0.0
V0,2.0,IS,2026-03-18,0.0
V0,2.0,IS,2026-03-19,0.0
V0,2.0,IS,2026-03-20,0.0
V0,2.0,IS,2026-03-23,0.0
V0,2.0,IS,2026-03-24,0.0
V0,2.0,IS,2026-03-25,0.0
V0,2.0,IS,2026-03-26,0.0
V0,2.0,IS,2026-03-27,0.0
V0,2.0,IS,2026-03-30,0.0
V0,2.0,IS,2026-03-31,0.0
V0,2.0,IS,2026-04-01,0.0
V0,2.0,IS,2026-04-02,0.0
V0,2.0,IS,2026-04-06,0.0
V0,2.0,IS,2026-04-07,0.0
V0,2.0,IS,2026-04-08,0.0
V0,2.0,IS,2026-04-09,0.0
V0,2.0,IS,2026-04-10,0.0
V0,2.0,IS,2026-04-13,0.0
V0,2.0,IS,2026-04-14,0.0
V0,2.0,IS,2026-04-15,0.0
V0,2.0,IS,2026-04-16,0.0
V0,2.0,IS,2026-04-17,0.0
V0,2.0,IS,2026-04-20,0.0
V0,2.0,IS,2026-04-21,0.0
V0,2.0,IS,2026-04-22,0.0
V0,2.0,IS,2026-04-23,0.0
V0,2.0,IS,2026-04-24,0.0
V0,2.0,IS,2026-04-27,0.0
V0,2.0,IS,2026-04-28,0.0
V0,2.0,IS,2026-04-29,0.0
V0,2.0,IS,2026-04-30,0.0
V0,2.0,IS,2026-05-01,0.0
V0,2.0,IS,2026-05-04,0.0
V0,2.0,IS,2026-05-05,0.0
V0,2.0,IS,2026-05-06,-152.11334052072132
V0,2.0,IS,2026-05-07,-152.11334052072132
V0,2.0,IS,2026-05-08,-152.11334052072132
V0,2.0,IS,2026-05-11,101.60830998666364
V0,2.0,IS,2026-05-12,101.60830998666364
V0,2.0,IS,2026-05-13,101.60830998666364
V0,2.0,IS,2026-05-14,101.60830998666364
V0,2.0,IS,2026-05-15,101.60830998666364
V0,2.0,IS,2026-05-18,141.99086534982106
V0,2.0,IS,2026-05-19,141.99086534982106
V0,2.0,IS,2026-05-20,141.99086534982106
V0,2.0,IS,2026-05-21,141.99086534982106
V0,2.0,IS,2026-05-22,124.69432497949788
V0,2.0,IS,2026-05-26,300.31870834406396
V0,2.0,IS,2026-05-27,300.31870834406396
V0,2.0,IS,2026-05-28,300.31870834406396
V0,2.0,IS,2026-05-29,300.31870834406396
V0,2.0,IS,2026-06-01,306.04063488079646
V0,2.0,IS,2026-06-02,306.04063488079646
V0,2.0,IS,2026-06-03,306.04063488079646
V0,2.0,IS,2026-06-04,306.04063488079646
V0,2.0,IS,2026-06-05,306.04063488079646
V0,2.0,IS,2026-06-08,306.04063488079646
V0,2.0,IS,2026-06-09,306.04063488079646
V0,2.0,IS,2026-06-10,306.04063488079646
V0,2.0,IS,2026-06-11,-149.64897846768457
V0,2.0,IS,2026-06-12,-149.64897846768457
V0,2.0,IS,2026-06-15,-310.41040615728605
V0,2.0,IS,2026-06-16,-310.41040615728605
V0,2.0,IS,2026-06-17,-310.41040615728605
V0,2.0,IS,2026-06-18,-310.41040615728605
V0,2.0,IS,2026-06-22,-310.41040615728605
V0,2.0,IS,2026-06-23,-310.41040615728605
V0,2.0,IS,2026-06-24,-310.41040615728605
V0,2.0,IS,2026-06-25,-310.41040615728605
V0,2.0,IS,2026-06-26,-310.41040615728605
V0,2.0,IS,2026-06-29,-310.41040615728605
V0,2.0,IS,2026-06-30,-310.41040615728605
V0,2.0,IS,2026-07-01,-310.41040615728605
V0,2.0,IS,2026-07-02,-310.41040615728605
V0,2.0,IS,2026-07-06,-372.43108657814844
V0,2.0,IS,2026-07-07,-372.43108657814844
V0,2.0,IS,2026-07-08,-372.43108657814844
V0,2.0,IS,2026-07-09,-475.3524398499337
V0,2.0,IS,2026-07-10,-475.3524398499337
V0,2.0,IS,2026-07-13,-475.3524398499337
V0,2.0,IS,2026-07-14,-475.3524398499337
V0,2.0,IS,2026-07-15,-475.3524398499337
V0,2.0,IS,2026-07-16,-630.369738052397
V0,2.0,IS,2026-07-17,-630.369738052397
V0,2.0,IS,2026-07-20,-567.3042725752214
V0,2.0,IS,2026-07-21,-567.3042725752214
V0,2.0,IS,2026-07-22,-567.3042725752214
V0,2.0,IS,2026-07-23,-567.3042725752214
V0,2.0,IS,2026-07-24,-567.3042725752214
V0,2.0,IS,2026-07-27,-443.4297152106127
V0,2.0,IS,2026-07-28,-443.4297152106127
V0,2.0,IS,2026-07-29,-443.4297152106127
V0,2.0,IS,2026-07-30,-443.4297152106127
V0,2.0,IS,2026-07-31,-443.4297152106127
V0,2.0,IS,2026-08-03,-436.4897627864624
V0,2.0,IS,2026-08-04,-562.9429740063653
V0,2.0,IS,2026-08-05,-562.9429740063653
V0,2.0,IS,2026-08-06,-562.9429740063653
V0,2.0,IS,2026-08-07,-562.9429740063653
V0,2.0,IS,2026-08-10,-562.9429740063653
V0,2.0,OOS,2026-08-11,0.0
V0,2.0,OOS,2026-08-12,0.0
V0,2.0,OOS,2026-08-13,0.0
V0,2.0,OOS,2026-08-14,0.0
V0,2.0,OOS,2026-08-17,0.0
V0,2.0,OOS,2026-08-18,0.0
V0,2.0,OOS,2026-08-19,0.0
V0,2.0,OOS,2026-08-20,0.0
V0,2.0,OOS,2026-08-21,0.0
V0,2.0,OOS,2026-08-24,0.0
V0,2.0,OOS,2026-08-25,0.0
V0,2.0,OOS,2026-08-26,0.0
V0,2.0,OOS,2026-08-27,-173.57509771089562
V0,2.0,OOS,2026-08-28,-173.57509771089562
V0,2.0,OOS,2026-08-31,-173.57509771089562
V0,2.0,OOS,2026-09-01,-173.57509771089562
V0,2.0,OOS,2026-09-02,-173.57509771089562
V0,2.0,OOS,2026-09-03,-173.57509771089562
V0,2.0,OOS,2026-09-04,-108.0968278808042
V0,2.0,OOS,2026-09-08,-132.49967370207423
V0,2.0,OOS,2026-09-09,-132.49967370207423
V0,2.0,OOS,2026-09-10,-132.49967370207423
V0,2.0,OOS,2026-09-11,-132.49967370207423
V0,2.0,OOS,2026-09-14,-132.49967370207423
V0,2.0,OOS,2026-09-15,-132.49967370207423
V0,2.0,OOS,2026-09-16,-132.49967370207423
V0,2.0,OOS,2026-09-17,-132.49967370207423
V0,2.0,OOS,2026-09-18,-111.08376008450979
V0,2.0,OOS,2026-09-21,-228.0984393010803
V0,2.0,OOS,2026-09-22,-411.56968575893575
V0,2.0,OOS,2026-09-23,-411.56968575893575
V0,2.0,OOS,2026-09-24,-411.56968575893575
V0,2.0,OOS,2026-09-25,-468.68524789010127
V0,2.0,OOS,2026-09-28,-504.6006487962562
V0,2.0,OOS,2026-09-29,-504.6006487962562
V0,2.0,OOS,2026-09-30,-545.9066960575107
V0,2.0,OOS,2026-10-01,-545.9066960575107
V0,2.0,OOS,2026-10-02,-637.5637365185174
V1,1.0,IS,2026-01-02,0.0
V1,1.0,IS,2026-01-05,0.0
V1,1.0,IS,2026-01-06,0.0
V1,1.0,IS,2026-01-07,0.0
V1,1.0,IS,2026-01-08,0.0
V1,1.0,IS,2026-01-09,0.0
V1,1.0,IS,2026-01-12,0.0
V1,1.0,IS,2026-01-13,0.0
V1,1.0,IS,2026-01-14,0.0
V1,1.0,IS,2026-01-15,0.0
V1,1.0,IS,2026-01-16,0.0
V1,1.0,IS,2026-01-20,0.0
V1,1.0,IS,2026-01-21,0.0
V1,1.0,IS,2026-01-22,0.0
V1,1.0,IS,2026-01-23,0.0
V1,1.0,IS,2026-01-26,0.0
V1,1.0,IS,2026-01-27,0.0
V1,1.0,IS,2026-01-28,0.0
V1,1.0,IS,2026-01-29,0.0
V1,1.0,IS,2026-01-30,0.0
V1,1.0,IS,2026-02-02,0.0
V1,1.0,IS,2026-02-03,0.0
V1,1.0,IS,2026-02-04,0.0
V1,1.0,IS,2026-02-05,0.0
V1,1.0,IS,2026-02-06,0.0
V1,1.0,IS,2026-02-09,0.0
V1,1.0,IS,2026-02-10,0.0
V1,1.0,IS,2026-02-11,0.0
V1,1.0,IS,2026-02-12,0.0
V1,1.0,IS,2026-02-13,0.0
V1,1.0,IS,2026-02-17,0.0
V1,1.0,IS,2026-02-18,0.0
V1,1.0,IS,2026-02-19,0.0
V1,1.0,IS,2026-02-20,0.0
V1,1.0,IS,2026-02-23,0.0
V1,1.0,IS,2026-02-24,0.0
V1,1.0,IS,2026-02-25,0.0
V1,1.0,IS,2026-02-26,0.0
V1,1.0,IS,2026-02-27,0.0
V1,1.0,IS,2026-03-02,0.0
V1,1.0,IS,2026-03-03,0.0
V1,1.0,IS,2026-03-04,0.0
V1,1.0,IS,2026-03-05,0.0
V1,1.0,IS,2026-03-06,0.0
V1,1.0,IS,2026-03-09,0.0
V1,1.0,IS,2026-03-10,0.0
V1,1.0,IS,2026-03-11,0.0
V1,1.0,IS,2026-03-12,0.0
V1,1.0,IS,2026-03-13,0.0
V1,1.0,IS,2026-03-16,0.0
V1,1.0,IS,2026-03-17,0.0
V1,1.0,IS,2026-03-18,0.0
V1,1.0,IS,2026-03-19,0.0
V1,1.0,IS,2026-03-20,0.0
V1,1.0,IS,2026-03-23,0.0
V1,1.0,IS,2026-03-24,0.0
V1,1.0,IS,2026-03-25,0.0
V1,1.0,IS,2026-03-26,0.0
V1,1.0,IS,2026-03-27,0.0
V1,1.0,IS,2026-03-30,0.0
V1,1.0,IS,2026-03-31,0.0
V1,1.0,IS,2026-04-01,0.0
V1,1.0,IS,2026-04-02,0.0
V1,1.0,IS,2026-04-06,0.0
V1,1.0,IS,2026-04-07,0.0
V1,1.0,IS,2026-04-08,0.0
V1,1.0,IS,2026-04-09,0.0
V1,1.0,IS,2026-04-10,0.0
V1,1.0,IS,2026-04-13,0.0
V1,1.0,IS,2026-04-14,0.0
V1,1.0,IS,2026-04-15,0.0
V1,1.0,IS,2026-04-16,0.0
V1,1.0,IS,2026-04-17,0.0
V1,1.0,IS,2026-04-20,0.0
V1,1.0,IS,2026-04-21,0.0
V1,1.0,IS,2026-04-22,0.0
V1,1.0,IS,2026-04-23,0.0
V1,1.0,IS,2026-04-24,0.0
V1,1.0,IS,2026-04-27,0.0
V1,1.0,IS,2026-04-28,0.0
V1,1.0,IS,2026-04-29,0.0
V1,1.0,IS,2026-04-30,0.0
V1,1.0,IS,2026-05-01,0.0
V1,1.0,IS,2026-05-04,0.0
V1,1.0,IS,2026-05-05,0.0
V1,1.0,IS,2026-05-06,-132.92824620987992
V1,1.0,IS,2026-05-07,-132.92824620987992
V1,1.0,IS,2026-05-08,-132.92824620987992
V1,1.0,IS,2026-05-11,-0.4128102497496684
V1,1.0,IS,2026-05-12,-0.4128102497496684
V1,1.0,IS,2026-05-13,-0.4128102497496684
V1,1.0,IS,2026-05-14,-0.4128102497496684
V1,1.0,IS,2026-05-15,-0.4128102497496684
V1,1.0,IS,2026-05-18,-162.3494649230135
V1,1.0,IS,2026-05-19,-162.3494649230135
V1,1.0,IS,2026-05-20,-162.3494649230135
V1,1.0,IS,2026-05-21,-162.3494649230135
V1,1.0,IS,2026-05-22,-288.48700685745894
V1,1.0,IS,2026-05-26,-167.08503942798808
V1,1.0,IS,2026-05-27,-167.08503942798808
V1,1.0,IS,2026-05-28,-167.08503942798808
V1,1.0,IS,2026-05-29,-167.08503942798808
V1,1.0,IS,2026-06-01,-248.21555990300516
V1,1.0,IS,2026-06-02,-248.21555990300516
V1,1.0,IS,2026-06-03,-248.21555990300516
V1,1.0,IS,2026-06-04,-248.21555990300516
V1,1.0,IS,2026-06-05,-248.21555990300516
V1,1.0,IS,2026-06-08,-248.21555990300516
V1,1.0,IS,2026-06-09,-248.21555990300516
V1,1.0,IS,2026-06-10,-248.21555990300516
V1,1.0,IS,2026-06-11,-376.40449344211805
V1,1.0,IS,2026-06-12,-376.40449344211805
V1,1.0,IS,2026-06-15,-380.16780229054524
V1,1.0,IS,2026-06-16,-380.16780229054524
V1,1.0,IS,2026-06-17,-380.16780229054524
V1,1.0,IS,2026-06-18,-380.16780229054524
V1,1.0,IS,2026-06-22,-380.16780229054524
V1,1.0,IS,2026-06-23,-380.16780229054524
V1,1.0,IS,2026-06-24,-380.16780229054524
V1,1.0,IS,2026-06-25,-380.16780229054524
V1,1.0,IS,2026-06-26,-380.16780229054524
V1,1.0,IS,2026-06-29,-380.16780229054524
V1,1.0,IS,2026-06-30,-380.16780229054524
V1,1.0,IS,2026-07-01,-380.16780229054524
V1,1.0,IS,2026-07-02,-380.16780229054524
V1,1.0,IS,2026-07-06,-298.23653430066565
V1,1.0,IS,2026-07-07,-298.23653430066565
V1,1.0,IS,2026-07-08,-298.23653430066565
V1,1.0,IS,2026-07-09,-366.86966379436967
V1,1.0,IS,2026-07-10,-366.86966379436967
V1,1.0,IS,2026-07-13,-366.86966379436967
V1,1.0,IS,2026-07-14,-366.86966379436967
V1,1.0,IS,2026-07-15,-366.86966379436967
V1,1.0,IS,2026-07-16,-422.2391110830673
V1,1.0,IS,2026-07-17,-422.2391110830673
V1,1.0,IS,2026-07-20,-445.7971576867796
V1,1.0,IS,2026-07-21,-445.7971576867796
V1,1.0,IS,2026-07-22,-445.7971576867796
V1,1.0,IS,2026-07-23,-445.7971576867796
V1,1.0,IS,2026-07-24,-445.7971576867796
V1,1.0,IS,2026-07-27,-385.3071993855432
V1,1.0,IS,2026-07-28,-385.3071993855432
V1,1.0,IS,2026-07-29,-385.3071993855432
V1,1.0,IS,2026-07-30,-385.3071993855432
V1,1.0,IS,2026-07-31,-385.3071993855432
V1,1.0,IS,2026-08-03,-307.7270571081219
V1,1.0,IS,2026-08-04,-367.42803239289276
V1,1.0,IS,2026-08-05,-367.42803239289276
V1,1.0,IS,2026-08-06,-367.42803239289276
V1,1.0,IS,2026-08-07,-367.42803239289276
V1,1.0,IS,2026-08-10,-367.42803239289276
V1,1.0,OOS,2026-08-11,0.0
V1,1.0,OOS,2026-08-12,0.0
V1,1.0,OOS,2026-08-13,0.0
V1,1.0,OOS,2026-08-14,0.0
V1,1.0,OOS,2026-08-17,0.0
V1,1.0,OOS,2026-08-18,0.0
V1,1.0,OOS,2026-08-19,0.0
V1,1.0,OOS,2026-08-20,0.0
V1,1.0,OOS,2026-08-21,0.0
V1,1.0,OOS,2026-08-24,0.0
V1,1.0,OOS,2026-08-25,0.0
V1,1.0,OOS,2026-08-26,0.0
V1,1.0,OOS,2026-08-27,-48.852001031713115
V1,1.0,OOS,2026-08-28,-48.852001031713115
V1,1.0,OOS,2026-08-31,-48.852001031713115
V1,1.0,OOS,2026-09-01,-48.852001031713115
V1,1.0,OOS,2026-09-02,-48.852001031713115
V1,1.0,OOS,2026-09-03,-48.852001031713115
V1,1.0,OOS,2026-09-04,14.340497063951368
V1,1.0,OOS,2026-09-08,0.9546350751734529
V1,1.0,OOS,2026-09-09,0.9546350751734529
V1,1.0,OOS,2026-09-10,0.9546350751734529
V1,1.0,OOS,2026-09-11,0.9546350751734529
V1,1.0,OOS,2026-09-14,0.9546350751734529
V1,1.0,OOS,2026-09-15,0.9546350751734529
V1,1.0,OOS,2026-09-16,0.9546350751734529
V1,1.0,OOS,2026-09-17,0.9546350751734529
V1,1.0,OOS,2026-09-18,43.69134087934785
V1,1.0,OOS,2026-09-21,-4.805326188328884
V1,1.0,OOS,2026-09-22,-53.40983357605951
V1,1.0,OOS,2026-09-23,-53.40983357605951
V1,1.0,OOS,2026-09-24,-53.40983357605951
V1,1.0,OOS,2026-09-25,-87.83719114680898
V1,1.0,OOS,2026-09-28,-88.27184158042793
V1,1.0,OOS,2026-09-29,-88.27184158042793
V1,1.0,OOS,2026-09-30,-144.53624850922694
V1,1.0,OOS,2026-10-01,-144.53624850922694
V1,1.0,OOS,2026-10-02,-124.20316187433951
V1,2.0,IS,2026-01-02,0.0
V1,2.0,IS,2026-01-05,0.0
V1,2.0,IS,2026-01-06,0.0
V1,2.0,IS,2026-01-07,0.0
V1,2.0,IS,2026-01-08,0.0
V1,2.0,IS,2026-01-09,0.0
V1,2.0,IS,2026-01-12,0.0
V1,2.0,IS,2026-01-13,0.0
V1,2.0,IS,2026-01-14,0.0
V1,2.0,IS,2026-01-15,0.0
V1,2.0,IS,2026-01-16,0.0
V1,2.0,IS,2026-01-20,0.0
V1,2.0,IS,2026-01-21,0.0
V1,2.0,IS,2026-01-22,0.0
V1,2.0,IS,2026-01-23,0.0
V1,2.0,IS,2026-01-26,0.0
V1,2.0,IS,2026-01-27,0.0
V1,2.0,IS,2026-01-28,0.0
V1,2.0,IS,2026-01-29,0.0
V1,2.0,IS,2026-01-30,0.0
V1,2.0,IS,2026-02-02,0.0
V1,2.0,IS,2026-02-03,0.0
V1,2.0,IS,2026-02-04,0.0
V1,2.0,IS,2026-02-05,0.0
V1,2.0,IS,2026-02-06,0.0
V1,2.0,IS,2026-02-09,0.0
V1,2.0,IS,2026-02-10,0.0
V1,2.0,IS,2026-02-11,0.0
V1,2.0,IS,2026-02-12,0.0
V1,2.0,IS,2026-02-13,0.0
V1,2.0,IS,2026-02-17,0.0
V1,2.0,IS,2026-02-18,0.0
V1,2.0,IS,2026-02-19,0.0
V1,2.0,IS,2026-02-20,0.0
V1,2.0,IS,2026-02-23,0.0
V1,2.0,IS,2026-02-24,0.0
V1,2.0,IS,2026-02-25,0.0
V1,2.0,IS,2026-02-26,0.0
V1,2.0,IS,2026-02-27,0.0
V1,2.0,IS,2026-03-02,0.0
V1,2.0,IS,2026-03-03,0.0
V1,2.0,IS,2026-03-04,0.0
V1,2.0,IS,2026-03-05,0.0
V1,2.0,IS,2026-03-06,0.0
V1,2.0,IS,2026-03-09,0.0
V1,2.0,IS,2026-03-10,0.0
V1,2.0,IS,2026-03-11,0.0
V1,2.0,IS,2026-03-12,0.0
V1,2.0,IS,2026-03-13,0.0
V1,2.0,IS,2026-03-16,0.0
V1,2.0,IS,2026-03-17,0.0
V1,2.0,IS,2026-03-18,0.0
V1,2.0,IS,2026-03-19,0.0
V1,2.0,IS,2026-03-20,0.0
V1,2.0,IS,2026-03-23,0.0
V1,2.0,IS,2026-03-24,0.0
V1,2.0,IS,2026-03-25,0.0
V1,2.0,IS,2026-03-26,0.0
V1,2.0,IS,2026-03-27,0.0
V1,2.0,IS,2026-03-30,0.0
V1,2.0,IS,2026-03-31,0.0
V1,2.0,IS,2026-04-01,0.0
V1,2.0,IS,2026-04-02,0.0
V1,2.0,IS,2026-04-06,0.0
V1,2.0,IS,2026-04-07,0.0
V1,2.0,IS,2026-04-08,0.0
V1,2.0,IS,2026-04-09,0.0
V1,2.0,IS,2026-04-10,0.0
V1,2.0,IS,2026-04-13,0.0
V1,2.0,IS,2026-04-14,0.0
V1,2.0,IS,2026-04-15,0.0
V1,2.0,IS,2026-04-16,0.0
V1,2.0,IS,2026-04-17,0.0
V1,2.0,IS,2026-04-20,0.0
V1,2.0,IS,2026-04-21,0.0
V1,2.0,IS,2026-04-22,0.0
V1,2.0,IS,2026-04-23,0.0
V1,2.0,IS,2026-04-24,0.0
V1,2.0,IS,2026-04-27,0.0
V1,2.0,IS,2026-04-28,0.0
V1,2.0,IS,2026-04-29,0.0
V1,2.0,IS,2026-04-30,0.0
V1,2.0,IS,2026-05-01,0.0
V1,2.0,IS,2026-05-04,0.0
V1,2.0,IS,2026-05-05,0.0
V1,2.0,IS,2026-05-06,-140.56296669479232
V1,2.0,IS,2026-05-07,-140.56296669479232
V1,2.0,IS,2026-05-08,-140.56296669479232
V1,2.0,IS,2026-05-11,-15.730621215957967
V1,2.0,IS,2026-05-12,-15.730621215957967
V1,2.0,IS,2026-05-13,-15.730621215957967
V1,2.0,IS,2026-05-14,-15.730621215957967
V1,2.0,IS,2026-05-15,-15.730621215957967
V1,2.0,IS,2026-05-18,-185.3440348137471
V1,2.0,IS,2026-05-19,-185.3440348137471
V1,2.0,IS,2026-05-20,-185.3440348137471
V1,2.0,IS,2026-05-21,-185.3440348137471
V1,2.0,IS,2026-05-22,-319.34514057680894
V1,2.0,IS,2026-05-26,-205.91111547686182
V1,2.0,IS,2026-05-27,-205.91111547686182
V1,2.0,IS,2026-05-28,-205.91111547686182
V1,2.0,IS,2026-05-29,-205.91111547686182
V1,2.0,IS,2026-06-01,-295.0422231759618
V1,2.0,IS,2026-06-02,-295.0422231759618
V1,2.0,IS,2026-06-03,-295.0422231759618
V1,2.0,IS,2026-06-04,-295.0422231759618
V1,2.0,IS,2026-06-05,-295.0422231759618
V1,2.0,IS,2026-06-08,-295.0422231759618
V1,2.0,IS,2026-06-09,-295.0422231759618
V1,2.0,IS,2026-06-10,-295.0422231759618
V1,2.0,IS,2026-06-11,-430.6065051345829
V1,2.0,IS,2026-06-12,-430.6065051345829
V1,2.0,IS,2026-06-15,-441.9752025514636
V1,2.0,IS,2026-06-16,-441.9752025514636
V1,2.0,IS,2026-06-17,-441.9752025514636
V1,2.0,IS,2026-06-18,-441.9752025514636
V1,2.0,IS,2026-06-22,-441.9752025514636
V1,2.0,IS,2026-06-23,-441.9752025514636
V1,2.0,IS,2026-06-24,-441.9752025514636
V1,2.0,IS,2026-06-25,-441.9752025514636
V1,2.0,IS,2026-06-26,-441.9752025514636
V1,2.0,IS,2026-06-29,-441.9752025514636
V1,2.0,IS,2026-06-30,-441.9752025514636
V1,2.0,IS,2026-07-01,-441.9752025514636
V1,2.0,IS,2026-07-02,-441.9752025514636
V1,2.0,IS,2026-07-06,-367.108820608707
V1,2.0,IS,2026-07-07,-367.108820608707
V1,2.0,IS,2026-07-08,-367.108820608707
V1,2.0,IS,2026-07-09,-442.7110167235378
V1,2.0,IS,2026-07-10,-442.7110167235378
V1,2.0,IS,2026-07-13,-442.7110167235378
V1,2.0,IS,2026-07-14,-442.7110167235378
V1,2.0,IS,2026-07-15,-442.7110167235378
V1,2.0,IS,2026-07-16,-504.9324686447893
V1,2.0,IS,2026-07-17,-504.9324686447893
V1,2.0,IS,2026-07-20,-535.2917428182543
V1,2.0,IS,2026-07-21,-535.2917428182543
V1,2.0,IS,2026-07-22,-535.2917428182543
V1,2.0,IS,2026-07-23,-535.2917428182543
V1,2.0,IS,2026-07-24,-535.2917428182543
V1,2.0,IS,2026-07-27,-481.84126197890987
V1,2.0,IS,2026-07-28,-481.84126197890987
V1,2.0,IS,2026-07-29,-481.84126197890987
V1,2.0,IS,2026-07-30,-481.84126197890987
V1,2.0,IS,2026-07-31,-481.84126197890987
V1,2.0,IS,2026-08-03,-411.1756313818212
V1,2.0,IS,2026-08-04,-477.7863593923227
V1,2.0,IS,2026-08-05,-477.7863593923227
V1,2.0,IS,2026-08-06,-477.7863593923227
V1,2.0,IS,2026-08-07,-477.7863593923227
V1,2.0,IS,2026-08-10,-477.7863593923227
V1,2.0,OOS,2026-08-11,0.0
V1,2.0,OOS,2026-08-12,0.0
V1,2.0,OOS,2026-08-13,0.0
V1,2.0,OOS,2026-08-14,0.0
V1,2.0,OOS,2026-08-17,0.0
V1,2.0,OOS,2026-08-18,0.0
V1,2.0,OOS,2026-08-19,0.0
V1,2.0,OOS,2026-08-20,0.0
V1,2.0,OOS,2026-08-21,0.0
V1,2.0,OOS,2026-08-24,0.0
V1,2.0,OOS,2026-08-25,0.0
V1,2.0,OOS,2026-08-26,0.0
V1,2.0,OOS,2026-08-27,-55.57729110644091
V1,2.0,OOS,2026-08-28,-55.57729110644091
V1,2.0,OOS,2026-08-31,-55.57729110644091
V1,2.0,OOS,2026-09-01,-55.57729110644091
V1,2.0,OOS,2026-09-02,-55.57729110644091
V1,2.0,OOS,2026-09-03,-55.57729110644091
V1,2.0,OOS,2026-09-04,-5.733722276812841
V1,2.0,OOS,2026-09-08,-24.853421686418404
V1,2.0,OOS,2026-09-09,-24.853421686418404
V1,2.0,OOS,2026-09-10,-24.853421686418404
V1,2.0,OOS,2026-09-11,-24.853421686418404
V1,2.0,OOS,2026-09-14,-24.853421686418404
V1,2.0,OOS,2026-09-15,-24.853421686418404
V1,2.0,OOS,2026-09-16,-24.853421686418404
V1,2.0,OOS,2026-09-17,-24.853421686418404
V1,2.0,OOS,2026-09-18,12.18035066127442
V1,2.0,OOS,2026-09-21,-42.026986248323894
V1,2.0,OOS,2026-09-22,-97.48954756373539
V1,2.0,OOS,2026-09-23,-97.48954756373539
V1,2.0,OOS,2026-09-24,-97.48954756373539
V1,2.0,OOS,2026-09-25,-137.83660000326654
V1,2.0,OOS,2026-09-28,-144.1810143351055
V1,2.0,OOS,2026-09-29,-144.1810143351055
V1,2.0,OOS,2026-09-30,-206.35691889358316
V1,2.0,OOS,2026-10-01,-206.35691889358316
V1,2.0,OOS,2026-10-02,-196.78195431464945
V2,1.0,IS,2026-01-02,0.0
V2,1.0,IS,2026-01-05,162.6843505469272
V2,1.0,IS,2026-01-06,123.47990120664937
V2,1.0,IS,2026-01-07,123.47990120664937
V2,1.0,IS,2026-01-08,123.47990120664937
V2,1.0,IS,2026-01-09,116.74327669116863
V2,1.0,IS,2026-01-12,23.280550492697287
V2,1.0,IS,2026-01-13,-1324.9781868544437
V2,1.0,IS,2026-01-14,-1425.7883518926649
V2,1.0,IS,2026-01-15,-1685.595161124578
V2,1.0,IS,2026-01-16,-1049.4569125846344
V2,1.0,IS,2026-01-20,-1141.813314160917
V2,1.0,IS,2026-01-21,-1141.813314160917
V2,1.0,IS,2026-01-22,-2069.754237764276
V2,1.0,IS,2026-01-23,-1997.6336595902412
V2,1.0,IS,2026-01-26,-2160.094641181474
V2,1.0,IS,2026-01-27,-1974.9474181292687
V2,1.0,IS,2026-01-28,-1974.9474181292687
V2,1.0,IS,2026-01-29,-2607.1016656700044
V2,1.0,IS,2026-01-30,-1706.2459825576466
V2,1.0,IS,2026-02-02,-3421.2336757258054
V2,1.0,IS,2026-02-03,-2267.0686501856117
V2,1.0,IS,2026-02-04,-3286.859632719819
V2,1.0,IS,2026-02-05,-3376.8764058156526
V2,1.0,IS,2026-02-06,-3376.8764058156526
V2,1.0,IS,2026-02-09,-2656.906228417938
V2,1.0,IS,2026-02-10,-2617.4823164821496
V2,1.0,IS,2026-02-11,-2551.792509319491
V2,1.0,IS,2026-02-12,-3013.8453074239696
V2,1.0,IS,2026-02-13,-1305.677353605979
V2,1.0,IS,2026-02-17,-1305.677353605979
V2,1.0,IS,2026-02-18,-1670.9643384767219
V2,1.0,IS,2026-02-19,-1825.994333657545
V2,1.0,IS,2026-02-20,-1022.9547693113864
V2,1.0,IS,2026-02-23,-1181.8340842108198
V2,1.0,IS,2026-02-24,-1181.8340842108198
V2,1.0,IS,2026-02-25,-1181.8340842108198
V2,1.0,IS,2026-02-26,-474.2040682163105
V2,1.0,IS,2026-02-27,-474.2040682163105
V2,1.0,IS,2026-03-02,365.70149039866646
V2,1.0,IS,2026-03-03,-336.90918858052623
V2,1.0,IS,2026-03-04,1344.8127107494538
V2,1.0,IS,2026-03-05,851.5285990332136
V2,1.0,IS,2026-03-06,851.5285990332136
V2,1.0,IS,2026-03-09,524.1503329138243
V2,1.0,IS,2026-03-10,481.66474489254927
V2,1.0,IS,2026-03-11,507.9464886659612
V2,1.0,IS,2026-03-12,-15.558076004149541
V2,1.0,IS,2026-03-13,821.385737424215
V2,1.0,IS,2026-03-16,597.4373673711243
V2,1.0,IS,2026-03-17,597.4373673711243
V2,1.0,IS,2026-03-18,503.3143500451324
V2,1.0,IS,2026-03-19,369.0464365961173
V2,1.0,IS,2026-03-20,382.85634324665534
V2,1.0,IS,2026-03-23,424.7882052824156
V2,1.0,IS,2026-03-24,347.3039598579285
V2,1.0,IS,2026-03-25,274.5921984392635
V2,1.0,IS,2026-03-26,-408.7097611803456
V2,1.0,IS,2026-03-27,-418.35382852165094
V2,1.0,IS,2026-03-30,-775.4693613843372
V2,1.0,IS,2026-03-31,-375.6382108246135
V2,1.0,IS,2026-04-01,-311.8017645546713
V2,1.0,IS,2026-04-02,-837.946815288034
V2,1.0,IS,2026-04-06,-762.2728069145146
V2,1.0,IS,2026-04-07,-723.0862229463138
V2,1.0,IS,2026-04-08,684.92646497352
V2,1.0,IS,2026-04-09,632.1011707986453
V2,1.0,IS,2026-04-10,559.2895825198942
V2,1.0,IS,2026-04-13,561.023710227954
V2,1.0,IS,2026-04-14,561.023710227954
V2,1.0,IS,2026-04-15,1263.9771537694564
V2,1.0,IS,2026-04-16,806.0943948989051
V2,1.0,IS,2026-04-17,659.0481189505159
V2,1.0,IS,2026-04-20,-859.1032876701755
V2,1.0,IS,2026-04-21,-859.1032876701755
V2,1.0,IS,2026-04-22,-1302.9629399078024
V2,1.0,IS,2026-04-23,-1764.9639831583709
V2,1.0,IS,2026-04-24,-2739.4396842278466
V2,1.0,IS,2026-04-27,-1783.6851865090175
V2,1.0,IS,2026-04-28,-2832.9111832571207
V2,1.0,IS,2026-04-29,-2832.9111832571207
V2,1.0,IS,2026-04-30,-2798.616299245961
V2,1.0,IS,2026-05-01,-2798.616299245961
V2,1.0,IS,2026-05-04,-1852.9950851881194
V2,1.0,IS,2026-05-05,-1852.9950851881194
V2,1.0,IS,2026-05-06,-1920.7443251531136
V2,1.0,IS,2026-05-07,-1359.9302799899078
V2,1.0,IS,2026-05-08,-602.0991019375095
V2,1.0,IS,2026-05-11,-2001.315912069566
V2,1.0,IS,2026-05-12,-2360.869509789168
V2,1.0,IS,2026-05-13,-2360.869509789168
V2,1.0,IS,2026-05-14,-1428.5041758033838
V2,1.0,IS,2026-05-15,-1632.2090361050064
V2,1.0,IS,2026-05-18,-1761.996549607232
V2,1.0,IS,2026-05-19,-1761.996549607232
V2,1.0,IS,2026-05-20,-1065.0558772918207
V2,1.0,IS,2026-05-21,-1112.5001699292627
V2,1.0,IS,2026-05-22,-120.19805533709791
V2,1.0,IS,2026-05-26,-252.3281356842042
V2,1.0,IS,2026-05-27,-652.117529110415
V2,1.0,IS,2026-05-28,-756.9154667619581
V2,1.0,IS,2026-05-29,-756.9154667619581
V2,1.0,IS,2026-06-01,-867.5328585613512
V2,1.0,IS,2026-06-02,-764.3675914425523
V2,1.0,IS,2026-06-03,-1214.6935099952627
V2,1.0,IS,2026-06-04,-1981.7948493119939
V2,1.0,IS,2026-06-05,-2073.8411825968383
V2,1.0,IS,2026-06-08,-4549.089388988587
V2,1.0,IS,2026-06-09,-5649.752898969338
V2,1.0,IS,2026-06-10,-5728.391224324702
V2,1.0,IS,2026-06-11,-6445.209364050325
V2,1.0,IS,2026-06-12,-6445.209364050325
V2,1.0,IS,2026-06-15,-7225.631959266118
V2,1.0,IS,2026-06-16,-7180.148205323556
V2,1.0,IS,2026-06-17,-7180.148205323556
V2,1.0,IS,2026-06-18,-7084.304427003518
V2,1.0,IS,2026-06-22,-6970.906527694937
V2,1.0,IS,2026-06-23,-6970.906527694937
V2,1.0,IS,2026-06-24,-6970.906527694937
V2,1.0,IS,2026-06-25,-6996.953409599672
V2,1.0,IS,2026-06-26,-6996.953409599672
V2,1.0,IS,2026-06-29,-7504.597032315701
V2,1.0,IS,2026-06-30,-6684.252066488154
V2,1.0,IS,2026-07-01,-6684.252066488154
V2,1.0,IS,2026-07-02,-6808.298677548348
V2,1.0,IS,2026-07-06,-6163.23708450326
V2,1.0,IS,2026-07-07,-6163.23708450326
V2,1.0,IS,2026-07-08,-6525.546301009192
V2,1.0,IS,2026-07-09,-6327.036900865129
V2,1.0,IS,2026-07-10,-4587.650068597777
V2,1.0,IS,2026-07-13,-4753.134387953948
V2,1.0,IS,2026-07-14,-5106.700253245137
V2,1.0,IS,2026-07-15,-5217.156916956036
V2,1.0,IS,2026-07-16,-5526.506285800111
V2,1.0,IS,2026-07-17,-5724.81849651656
V2,1.0,IS,2026-07-20,-5755.96903906509
V2,1.0,IS,2026-07-21,-4746.966943272573
V2,1.0,IS,2026-07-22,-4498.570766715648
V2,1.0,IS,2026-07-23,-4190.88879918331
V2,1.0,IS,2026-07-24,-4190.88879918331
V2,1.0,IS,2026-07-27,-3304.9784984867943
V2,1.0,IS,2026-07-28,-3215.550928031102
V2,1.0,IS,2026-07-29,-2044.5685537181182
V2,1.0,IS,2026-07-30,-2028.7467855117584
V2,1.0,IS,2026-07-31,-783.8483036697464
V2,1.0,IS,2026-08-03,-850.6195095047897
V2,1.0,IS,2026-08-04,-987.8134506902009
V2,1.0,IS,2026-08-05,-755.119307377086
V2,1.0,IS,2026-08-06,-971.8687256985307
V2,1.0,IS,2026-08-07,-1116.5024033206369
V2,1.0,IS,2026-08-10,-1292.0945643009627
V2,1.0,OOS,2026-08-11,-179.97215634639105
V2,1.0,OOS,2026-08-12,121.52326808026237
V2,1.0,OOS,2026-08-13,107.21639871954983
V2,1.0,OOS,2026-08-14,87.44761850957161
V2,1.0,OOS,2026-08-17,152.7329708408288
V2,1.0,OOS,2026-08-18,54.640977476244274
V2,1.0,OOS,2026-08-19,-84.45368857452465
V2,1.0,OOS,2026-08-20,-342.4392582813181
V2,1.0,OOS,2026-08-21,515.9195826783986
V2,1.0,OOS,2026-08-24,1402.7588099945315
V2,1.0,OOS,2026-08-25,-1018.1552771646038
V2,1.0,OOS,2026-08-26,-964.4718930033935
V2,1.0,OOS,2026-08-27,-654.8373439451708
V2,1.0,OOS,2026-08-28,-654.8373439451708
V2,1.0,OOS,2026-08-31,-393.29273652038177
V2,1.0,OOS,2026-09-01,-281.7164001707531
V2,1.0,OOS,2026-09-02,-281.7164001707531
V2,1.0,OOS,2026-09-03,-281.7164001707531
V2,1.0,OOS,2026-09-04,-202.88920107462525
V2,1.0,OOS,2026-09-08,-260.69359333772167
V2,1.0,OOS,2026-09-09,-329.28727799807905
V2,1.0,OOS,2026-09-10,-101.70197374075988
V2,1.0,OOS,2026-09-11,-205.4964161152966
V2,1.0,OOS,2026-09-14,673.5403127942399
V2,1.0,OOS,2026-09-15,1338.2058062711653
V2,1.0,OOS,2026-09-16,1338.2058062711653
V2,1.0,OOS,2026-09-17,1338.2058062711653
V2,1.0,OOS,2026-09-18,1350.3614919505528
V2,1.0,OOS,2026-09-21,1380.4691552496884
V2,1.0,OOS,2026-09-22,1203.8559627195139
V2,1.0,OOS,2026-09-23,1712.2541666549928
V2,1.0,OOS,2026-09-24,1625.2519750905099
V2,1.0,OOS,2026-09-25,2222.5476008825453
V2,1.0,OOS,2026-09-28,2049.2784659168756
V2,1.0,OOS,2026-09-29,2033.6666307065752
V2,1.0,OOS,2026-09-30,1722.2682969235757
V2,1.0,OOS,2026-10-01,2454.1099684292485
V2,1.0,OOS,2026-10-02,2166.769395791105
V2,2.0,IS,2026-01-02,0.0
V2,2.0,IS,2026-01-05,139.655331544136
V2,2.0,IS,2026-01-06,93.94138508534648
V2,2.0,IS,2026-01-07,93.94138508534648
V2,2.0,IS,2026-01-08,93.94138508534648
V2,2.0,IS,2026-01-09,80.5415571464899
V2,2.0,IS,2026-01-12,-19.648285237314838
V2,2.0,IS,2026-01-13,-1422.1737235886526
V2,2.0,IS,2026-01-14,-1529.3690574645993
V2,2.0,IS,2026-01-15,-1843.029735867479
V2,2.0,IS,2026-01-16,-1260.640930999777
V2,2.0,IS,2026-01-20,-1359.3492912838276
V2,2.0,IS,2026-01-21,-1359.3492912838276
V2,2.0,IS,2026-01-22,-2338.2405760909114
V2,2.0,IS,2026-01-23,-2316.295740544273
V2,2.0,IS,2026-01-26,-2551.208308094811
V2,2.0,IS,2026-01-27,-2372.897951020835
V2,2.0,IS,2026-01-28,-2372.897951020835
V2,2.0,IS,2026-01-29,-3055.06480700241
V2,2.0,IS,2026-01-30,-2217.133676451676
V2,2.0,IS,2026-02-02,-3988.4628378659654
V2,2.0,IS,2026-02-03,-2882.7646179362187
V2,2.0,IS,2026-02-04,-3951.71414385351
V2,2.0,IS,2026-02-05,-4047.9287360057233
V2,2.0,IS,2026-02-06,-4047.9287360057233
V2,2.0,IS,2026-02-09,-3382.7410703331325
V2,2.0,IS,2026-02-10,-3349.7046967054293
V2,2.0,IS,2026-02-11,-3290.413282788886
V2,2.0,IS,2026-02-12,-3807.0842387683497
V2,2.0,IS,2026-02-13,-2153.1826124847394
V2,2.0,IS,2026-02-17,-2153.1826124847394
V2,2.0,IS,2026-02-18,-2573.2642686387303
V2,2.0,IS,2026-02-19,-2789.9191762115415
V2,2.0,IS,2026-02-20,-2041.0237823212674
V2,2.0,IS,2026-02-23,-2254.5316424208236
V2,2.0,IS,2026-02-24,-2254.5316424208236
V2,2.0,IS,2026-02-25,-2254.5316424208236
V2,2.0,IS,2026-02-26,-1602.3793405644728
V2,2.0,IS,2026-02-27,-1602.3793405644728
V2,2.0,IS,2026-03-02,-817.6580451476756
V2,2.0,IS,2026-03-03,-1581.363351879922
V2,2.0,IS,2026-03-04,38.86275856779048
V2,2.0,IS,2026-03-05,-467.27087406801286
V2,2.0,IS,2026-03-06,-467.27087406801286
V2,2.0,IS,2026-03-09,-807.6721322539198
V2,2.0,IS,2026-03-10,-863.1260467022668
V2,2.0,IS,2026-03-11,-842.776604359806
V2,2.0,IS,2026-03-12,-1423.5522878559564
V2,2.0,IS,2026-03-13,-649.0212770698412
V2,2.0,IS,2026-03-16,-942.0897862331926
V2,2.0,IS,2026-03-17,-942.0897862331926
V2,2.0,IS,2026-03-18,-1049.7703007292882
V2,2.0,IS,2026-03-19,-1191.4060021714577
V2,2.0,IS,2026-03-20,-1184.9580793756854
V2,2.0,IS,2026-03-23,-1156.290976062346
V2,2.0,IS,2026-03-24,-1241.2485255829638
V2,2.0,IS,2026-03-25,-1369.0340891514836
V2,2.0,IS,2026-03-26,-2114.9066664323905
V2,2.0,IS,2026-03-27,-2130.614850530509
V2,2.0,IS,2026-03-30,-2549.626322256494
V2,2.0,IS,2026-03-31,-2211.8490009450616
V2,2.0,IS,2026-04-01,-2155.3617549462965
V2,2.0,IS,2026-04-02,-2739.624310447415
V2,2.0,IS,2026-04-06,-2670.0688749680266
V2,2.0,IS,2026-04-07,-2638.2278120175656
V2,2.0,IS,2026-04-08,-1289.80402092975
V2,2.0,IS,2026-04-09,-1400.5174780852515
V2,2.0,IS,2026-04-10,-1479.4924176456975
V2,2.0,IS,2026-04-13,-1485.1979431340978
V2,2.0,IS,2026-04-14,-1485.1979431340978
V2,2.0,IS,2026-04-15,-840.9253856066408
V2,2.0,IS,2026-04-16,-1350.3457925969647
V2,2.0,IS,2026-04-17,-1504.8949614548012
V2,2.0,IS,2026-04-20,-3083.321233060465
V2,2.0,IS,2026-04-21,-3083.321233060465
V2,2.0,IS,2026-04-22,-3534.84994249223
V2,2.0,IS,2026-04-23,-4050.1945313305855
V2,2.0,IS,2026-04-24,-5078.118963979416
V2,2.0,IS,2026-04-27,-4189.253819436528
V2,2.0,IS,2026-04-28,-5291.616225188199
V2,2.0,IS,2026-04-29,-5291.616225188199
V2,2.0,IS,2026-04-30,-5264.827742319849
V2,2.0,IS,2026-05-01,-5264.827742319849
V2,2.0,IS,2026-05-04,-4378.064894735405
V2,2.0,IS,2026-05-05,-4378.064894735405
V2,2.0,IS,2026-05-06,-4459.561703668422
V2,2.0,IS,2026-05-07,-3910.6744468285883
V2,2.0,IS,2026-05-08,-3213.666249868468
V2,2.0,IS,2026-05-11,-4687.557930386445
V2,2.0,IS,2026-05-12,-5107.773529380162
V2,2.0,IS,2026-05-13,-5107.773529380162
V2,2.0,IS,2026-05-14,-4223.929870856658
V2,2.0,IS,2026-05-15,-4433.980714436564
V2,2.0,IS,2026-05-18,-4632.695300325969
V2,2.0,IS,2026-05-19,-4632.695300325969
V2,2.0,IS,2026-05-20,-3984.785607320018
V2,2.0,IS,2026-05-21,-4044.0820148737816
V2,2.0,IS,2026-05-22,-3107.8838895307954
V2,2.0,IS,2026-05-26,-3302.7494728266884
V2,2.0,IS,2026-05-27,-3750.407617038283
V2,2.0,IS,2026-05-28,-3863.141666992805
V2,2.0,IS,2026-05-29,-3863.141666992805
V2,2.0,IS,2026-06-01,-4039.4070022438104
V2,2.0,IS,2026-06-02,-3942.837620939282
V2,2.0,IS,2026-06-03,-4440.019032347637
V2,2.0,IS,2026-06-04,-5265.720694951395
V2,2.0,IS,2026-06-05,-5369.334944853718
V2,2.0,IS,2026-06-08,-7903.326999792613
V2,2.0,IS,2026-06-09,-9051.68474876236
V2,2.0,IS,2026-06-10,-9141.59151585509
V2,2.0,IS,2026-06-11,-9872.226336959757
V2,2.0,IS,2026-06-12,-9872.226336959757
V2,2.0,IS,2026-06-15,-10719.12854985028
V2,2.0,IS,2026-06-16,-10684.679971346455
V2,2.0,IS,2026-06-17,-10684.679971346455
V2,2.0,IS,2026-06-18,-10635.666637485356
V2,2.0,IS,2026-06-22,-10594.569804288187
V2,2.0,IS,2026-06-23,-10594.569804288187
V2,2.0,IS,2026-06-24,-10594.569804288187
V2,2.0,IS,2026-06-25,-10631.518736824159
V2,2.0,IS,2026-06-26,-10631.518736824159
V2,2.0,IS,2026-06-29,-11197.99518193487
V2,2.0,IS,2026-06-30,-10422.64160004337
V2,2.0,IS,2026-07-01,-10422.64160004337
V2,2.0,IS,2026-07-02,-10552.713607978789
V2,2.0,IS,2026-07-06,-9983.939289089938
V2,2.0,IS,2026-07-07,-9983.939289089938
V2,2.0,IS,2026-07-08,-10399.342181382786
V2,2.0,IS,2026-07-09,-10211.462802906666
V2,2.0,IS,2026-07-10,-8517.908242007006
V2,2.0,IS,2026-07-13,-8745.974904756638
V2,2.0,IS,2026-07-14,-9163.19693198399
V2,2.0,IS,2026-07-15,-9284.230313148815
V2,2.0,IS,2026-07-16,-9617.031233517624
V2,2.0,IS,2026-07-17,-9860.706322961189
V2,2.0,IS,2026-07-20,-9911.647037652281
V2,2.0,IS,2026-07-21,-8947.081926499744
V2,2.0,IS,2026-07-22,-8761.217786780562
V2,2.0,IS,2026-07-23,-8509.372915571916
V2,2.0,IS,2026-07-24,-8509.372915571916
V2,2.0,IS,2026-07-27,-7704.147733541448
V2,2.0,IS,2026-07-28,-7659.828204183523
V2,2.0,IS,2026-07-29,-6556.6800874768205
V2,2.0,IS,2026-07-30,-6553.8508778026835
V2,2.0,IS,2026-07-31,-5354.900070420995
V2,2.0,IS,2026-08-03,-5434.41529387354
V2,2.0,IS,2026-08-04,-5583.019323768414
V2,2.0,IS,2026-08-05,-5395.488890233035
V2,2.0,IS,2026-08-06,-5622.749886427652
V2,2.0,IS,2026-08-07,-5818.272893001044
V2,2.0,IS,2026-08-10,-6056.590883537501
V2,2.0,OOS,2026-08-11,-236.0000449430556
V2,2.0,OOS,2026-08-12,15.908870160608615
V2,2.0,OOS,2026-08-13,-2.8549412036887603
V2,2.0,OOS,2026-08-14,-29.335316600074723
V2,2.0,OOS,2026-08-17,24.61679277156477
V2,2.0,OOS,2026-08-18,-79.97005680798719
V2,2.0,OOS,2026-08-19,-236.38100524978756
V2,2.0,OOS,2026-08-20,-499.89438211852234
V2,2.0,OOS,2026-08-21,308.2485385612657
V2,2.0,OOS,2026-08-24,1150.158721391335
V2,2.0,OOS,2026-08-25,-1315.534422487291
V2,2.0,OOS,2026-08-26,-1271.8581208152007
V2,2.0,OOS,2026-08-27,-978.8153211807755
V2,2.0,OOS,2026-08-28,-978.8153211807755
V2,2.0,OOS,2026-08-31,-735.8626532440715
V2,2.0,OOS,2026-09-01,-635.1031293611202
V2,2.0,OOS,2026-09-02,-635.1031293611202
V2,2.0,OOS,2026-09-03,-635.1031293611202
V2,2.0,OOS,2026-09-04,-569.6248595310287
V2,2.0,OOS,2026-09-08,-652.9157413563667
V2,2.0,OOS,2026-09-09,-728.1209668945083
V2,2.0,OOS,2026-09-10,-535.799658733753
V2,2.0,OOS,2026-09-11,-651.4110084049962
V2,2.0,OOS,2026-09-14,123.29443476752544
V2,2.0,OOS,2026-09-15,731.0797283030805
V2,2.0,OOS,2026-09-16,731.0797283030805
V2,2.0,OOS,2026-09-17,731.0797283030805
V2,2.0,OOS,2026-09-18,736.4851051940394
V2,2.0,OOS,2026-09-21,739.548766144463
V2,2.0,OOS,2026-09-22,556.0775196866075
V2,2.0,OOS,2026-09-23,1024.49307161568
V2,2.0,OOS,2026-09-24,898.4258926817706
V2,2.0,OOS,2026-09-25,1453.177760561435
V2,2.0,OOS,2026-09-28,1240.7919723732605
V2,2.0,OOS,2026-09-29,1219.583889551607
V2,2.0,OOS,2026-09-30,821.4580687037042
V2,2.0,OOS,2026-10-01,1472.0146501221966
V2,2.0,OOS,2026-10-02,1119.8294444460787
V3,1.0,IS,2026-01-02,0.0
V3,1.0,IS,2026-01-05,0.0
V3,1.0,IS,2026-01-06,0.0
V3,1.0,IS,2026-01-07,0.0
V3,1.0,IS,2026-01-08,0.0
V3,1.0,IS,2026-01-09,0.0
V3,1.0,IS,2026-01-12,0.0
V3,1.0,IS,2026-01-13,0.0
V3,1.0,IS,2026-01-14,0.0
V3,1.0,IS,2026-01-15,0.0
V3,1.0,IS,2026-01-16,0.0
V3,1.0,IS,2026-01-20,0.0
V3,1.0,IS,2026-01-21,0.0
V3,1.0,IS,2026-01-22,0.0
V3,1.0,IS,2026-01-23,218.27751897806723
V3,1.0,IS,2026-01-26,746.8536575928943
V3,1.0,IS,2026-01-27,746.8536575928943
V3,1.0,IS,2026-01-28,73.4267784273286
V3,1.0,IS,2026-01-29,73.4267784273286
V3,1.0,IS,2026-01-30,-563.952543544006
V3,1.0,IS,2026-02-02,-53.23881025578203
V3,1.0,IS,2026-02-03,-247.49490734992526
V3,1.0,IS,2026-02-04,-247.49490734992526
V3,1.0,IS,2026-02-05,2468.8855843727083
V3,1.0,IS,2026-02-06,4995.431058198947
V3,1.0,IS,2026-02-09,5259.201636231069
V3,1.0,IS,2026-02-10,5313.0495812207155
V3,1.0,IS,2026-02-11,5313.0495812207155
V3,1.0,IS,2026-02-12,5313.0495812207155
V3,1.0,IS,2026-02-13,5313.0495812207155
V3,1.0,IS,2026-02-17,5313.0495812207155
V3,1.0,IS,2026-02-18,5313.0495812207155
V3,1.0,IS,2026-02-19,3977.7706778693664
V3,1.0,IS,2026-02-20,3977.7706778693664
V3,1.0,IS,2026-02-23,3977.7706778693664
V3,1.0,IS,2026-02-24,4014.408383575421
V3,1.0,IS,2026-02-25,4545.274005686155
V3,1.0,IS,2026-02-26,4545.274005686155
V3,1.0,IS,2026-02-27,4545.274005686155
V3,1.0,IS,2026-03-02,3443.0803420699785
V3,1.0,IS,2026-03-03,4150.8029218613465
V3,1.0,IS,2026-03-04,4125.00457042694
V3,1.0,IS,2026-03-05,4125.00457042694
V3,1.0,IS,2026-03-06,4125.00457042694
V3,1.0,IS,2026-03-09,4693.877106204271
V3,1.0,IS,2026-03-10,4627.89086717328
V3,1.0,IS,2026-03-11,4627.89086717328
V3,1.0,IS,2026-03-12,4627.89086717328
V3,1.0,IS,2026-03-13,5408.996766853794
V3,1.0,IS,2026-03-16,5058.860046358887
V3,1.0,IS,2026-03-17,5143.436374133601
V3,1.0,IS,2026-03-18,4995.725860952356
V3,1.0,IS,2026-03-19,4985.869220954743
V3,1.0,IS,2026-03-20,5747.477268891938
V3,1.0,IS,2026-03-23,5747.477268891938
V3,1.0,IS,2026-03-24,5747.477268891938
V3,1.0,IS,2026-03-25,5747.477268891938
V3,1.0,IS,2026-03-26,5360.969462154915
V3,1.0,IS,2026-03-27,4657.957541413134
V3,1.0,IS,2026-03-30,4713.079295479984
V3,1.0,IS,2026-03-31,3792.7258515256453
V3,1.0,IS,2026-04-01,3792.7258515256453
V3,1.0,IS,2026-04-02,3792.7258515256453
V3,1.0,IS,2026-04-06,3792.7258515256453
V3,1.0,IS,2026-04-07,3792.7258515256453
V3,1.0,IS,2026-04-08,3042.0938342423797
V3,1.0,IS,2026-04-09,3042.0938342423797
V3,1.0,IS,2026-04-10,3042.0938342423797
V3,1.0,IS,2026-04-13,2208.9476645933405
V3,1.0,IS,2026-04-14,1086.0591901328387
V3,1.0,IS,2026-04-15,1086.0591901328387
V3,1.0,IS,2026-04-16,1086.0591901328387
V3,1.0,IS,2026-04-17,812.6489220080532
V3,1.0,IS,2026-04-20,414.79165761600194
V3,1.0,IS,2026-04-21,414.79165761600194
V3,1.0,IS,2026-04-22,249.37752085670124
V3,1.0,IS,2026-04-23,249.37752085670124
V3,1.0,IS,2026-04-24,249.37752085670124
V3,1.0,IS,2026-04-27,249.37752085670124
V3,1.0,IS,2026-04-28,442.5468261676267
V3,1.0,IS,2026-04-29,442.5468261676267
V3,1.0,IS,2026-04-30,442.5468261676267
V3,1.0,IS,2026-05-01,442.5468261676267
V3,1.0,IS,2026-05-04,1042.1431192714058
V3,1.0,IS,2026-05-05,877.7815167066426
V3,1.0,IS,2026-05-06,733.3028966708337
V3,1.0,IS,2026-05-07,733.3028966708337
V3,1.0,IS,2026-05-08,733.3028966708337
V3,1.0,IS,2026-05-11,994.7076376595146
V3,1.0,IS,2026-05-12,1022.1859916096186
V3,1.0,IS,2026-05-13,1022.1859916096186
V3,1.0,IS,2026-05-14,1284.8509722949186
V3,1.0,IS,2026-05-15,874.8644630188606
V3,1.0,IS,2026-05-18,916.0857483717514
V3,1.0,IS,2026-05-19,1503.2244103977628
V3,1.0,IS,2026-05-20,1503.2244103977628
V3,1.0,IS,2026-05-21,1503.2244103977628
V3,1.0,IS,2026-05-22,1493.791433856056
V3,1.0,IS,2026-05-26,1363.1070868320126
V3,1.0,IS,2026-05-27,1363.1070868320126
V3,1.0,IS,2026-05-28,1436.851551877463
V3,1.0,IS,2026-05-29,1436.851551877463
V3,1.0,IS,2026-06-01,965.3570395513709
V3,1.0,IS,2026-06-02,2033.748079108492
V3,1.0,IS,2026-06-03,2033.748079108492
V3,1.0,IS,2026-06-04,1857.524388881057
V3,1.0,IS,2026-06-05,1857.524388881057
V3,1.0,IS,2026-06-08,1857.524388881057
V3,1.0,IS,2026-06-09,1857.524388881057
V3,1.0,IS,2026-06-10,1857.524388881057
V3,1.0,IS,2026-06-11,1409.2101239520841
V3,1.0,IS,2026-06-12,1409.2101239520841
V3,1.0,IS,2026-06-15,571.3095632412779
V3,1.0,IS,2026-06-16,784.54949265975
V3,1.0,IS,2026-06-17,792.3811699323344
V3,1.0,IS,2026-06-18,792.3811699323344
V3,1.0,IS,2026-06-22,792.3811699323344
V3,1.0,IS,2026-06-23,729.9276149740128
V3,1.0,IS,2026-06-24,729.9276149740128
V3,1.0,IS,2026-06-25,729.9276149740128
V3,1.0,IS,2026-06-26,729.9276149740128
V3,1.0,IS,2026-06-29,1404.1638970396275
V3,1.0,IS,2026-06-30,1404.1638970396275
V3,1.0,IS,2026-07-01,1404.1638970396275
V3,1.0,IS,2026-07-02,1404.1638970396275
V3,1.0,IS,2026-07-06,1349.2081026658882
V3,1.0,IS,2026-07-07,1349.2081026658882
V3,1.0,IS,2026-07-08,1349.2081026658882
V3,1.0,IS,2026-07-09,1253.2558160152298
V3,1.0,IS,2026-07-10,1253.2558160152298
V3,1.0,IS,2026-07-13,1253.2558160152298
V3,1.0,IS,2026-07-14,1253.2558160152298
V3,1.0,IS,2026-07-15,1253.2558160152298
V3,1.0,IS,2026-07-16,1105.0905224453204
V3,1.0,IS,2026-07-17,1105.0905224453204
V3,1.0,IS,2026-07-20,1174.9572154922487
V3,1.0,IS,2026-07-21,1174.9572154922487
V3,1.0,IS,2026-07-22,1174.9572154922487
V3,1.0,IS,2026-07-23,1174.9572154922487
V3,1.0,IS,2026-07-24,1174.9572154922487
V3,1.0,IS,2026-07-27,1432.0872633675351
V3,1.0,IS,2026-07-28,1432.0872633675351
V3,1.0,IS,2026-07-29,1432.0872633675351
V3,1.0,IS,2026-07-30,1432.0872633675351
V3,1.0,IS,2026-07-31,1432.0872633675351
V3,1.0,IS,2026-08-03,1445.941727472018
V3,1.0,IS,2026-08-04,1326.3982689778459
V3,1.0,IS,2026-08-05,1326.3982689778459
V3,1.0,IS,2026-08-06,1326.3982689778459
V3,1.0,IS,2026-08-07,1326.3982689778459
V3,1.0,IS,2026-08-10,1326.3982689778459
V3,1.0,OOS,2026-08-11,0.0
V3,1.0,OOS,2026-08-12,0.0
V3,1.0,OOS,2026-08-13,0.0
V3,1.0,OOS,2026-08-14,0.0
V3,1.0,OOS,2026-08-17,-702.6899942623572
V3,1.0,OOS,2026-08-18,-702.6899942623572
V3,1.0,OOS,2026-08-19,-702.6899942623572
V3,1.0,OOS,2026-08-20,742.1571907694465
V3,1.0,OOS,2026-08-21,457.97164265098877
V3,1.0,OOS,2026-08-24,576.6309081593753
V3,1.0,OOS,2026-08-25,-128.33111954488754
V3,1.0,OOS,2026-08-26,99.21579607246031
V3,1.0,OOS,2026-08-27,885.685865923326
V3,1.0,OOS,2026-08-28,1929.0575508440477
V3,1.0,OOS,2026-08-31,1929.0575508440477
V3,1.0,OOS,2026-09-01,1929.0575508440477
V3,1.0,OOS,2026-09-02,1929.0575508440477
V3,1.0,OOS,2026-09-03,2657.0546991580627
V3,1.0,OOS,2026-09-04,1979.126001251009
V3,1.0,OOS,2026-09-08,1077.3650587806997
V3,1.0,OOS,2026-09-09,395.1368534177027
V3,1.0,OOS,2026-09-10,513.7634730752204
V3,1.0,OOS,2026-09-11,513.7634730752204
V3,1.0,OOS,2026-09-14,384.9672316974944
V3,1.0,OOS,2026-09-15,387.23733311777147
V3,1.0,OOS,2026-09-16,387.23733311777147
V3,1.0,OOS,2026-09-17,387.23733311777147
V3,1.0,OOS,2026-09-18,2547.5292991462125
V3,1.0,OOS,2026-09-21,1709.7484745848606
V3,1.0,OOS,2026-09-22,1077.6996026065945
V3,1.0,OOS,2026-09-23,1133.0272505905223
V3,1.0,OOS,2026-09-24,1370.5679539320477
V3,1.0,OOS,2026-09-25,1319.3720866696638
V3,1.0,OOS,2026-09-28,1289.366449661729
V3,1.0,OOS,2026-09-29,1289.366449661729
V3,1.0,OOS,2026-09-30,151.0054076065021
V3,1.0,OOS,2026-10-01,151.0054076065021
V3,1.0,OOS,2026-10-02,-1143.5278872894564
V3,2.0,IS,2026-01-02,0.0
V3,2.0,IS,2026-01-05,0.0
V3,2.0,IS,2026-01-06,0.0
V3,2.0,IS,2026-01-07,0.0
V3,2.0,IS,2026-01-08,0.0
V3,2.0,IS,2026-01-09,0.0
V3,2.0,IS,2026-01-12,0.0
V3,2.0,IS,2026-01-13,0.0
V3,2.0,IS,2026-01-14,0.0
V3,2.0,IS,2026-01-15,0.0
V3,2.0,IS,2026-01-16,0.0
V3,2.0,IS,2026-01-20,0.0
V3,2.0,IS,2026-01-21,0.0
V3,2.0,IS,2026-01-22,0.0
V3,2.0,IS,2026-01-23,180.41892089646802
V3,2.0,IS,2026-01-26,671.1629472881599
V3,2.0,IS,2026-01-27,671.1629472881599
V3,2.0,IS,2026-01-28,-40.10366322089942
V3,2.0,IS,2026-01-29,-40.10366322089942
V3,2.0,IS,2026-01-30,-708.18639251541
V3,2.0,IS,2026-02-02,-228.2202203415291
V3,2.0,IS,2026-02-03,-431.314065020997
V3,2.0,IS,2026-02-04,-431.314065020997
V3,2.0,IS,2026-02-05,2256.6955520693455
V3,2.0,IS,2026-02-06,4744.504002305231
V3,2.0,IS,2026-02-09,4998.050510811619
V3,2.0,IS,2026-02-10,5006.518321926362
V3,2.0,IS,2026-02-11,5006.518321926362
V3,2.0,IS,2026-02-12,5006.518321926362
V3,2.0,IS,2026-02-13,5006.518321926362
V3,2.0,IS,2026-02-17,5006.518321926362
V3,2.0,IS,2026-02-18,5006.518321926362
V3,2.0,IS,2026-02-19,3625.225123460721
V3,2.0,IS,2026-02-20,3625.225123460721
V3,2.0,IS,2026-02-23,3625.225123460721
V3,2.0,IS,2026-02-24,3605.3348209539517
V3,2.0,IS,2026-02-25,4089.3586086961323
V3,2.0,IS,2026-02-26,4089.3586086961323
V3,2.0,IS,2026-02-27,4089.3586086961323
V3,2.0,IS,2026-03-02,2928.917805464523
V3,2.0,IS,2026-03-03,3617.8693472542714
V3,2.0,IS,2026-03-04,3564.061109998418
V3,2.0,IS,2026-03-05,3564.061109998418
V3,2.0,IS,2026-03-06,3564.061109998418
V3,2.0,IS,2026-03-09,4121.565555094388
V3,2.0,IS,2026-03-10,4044.159495234642
V3,2.0,IS,2026-03-11,4044.159495234642
V3,2.0,IS,2026-03-12,4044.159495234642
V3,2.0,IS,2026-03-13,4766.506120068273
V3,2.0,IS,2026-03-16,4358.446179362619
V3,2.0,IS,2026-03-17,4431.717180322454
V3,2.0,IS,2026-03-18,4272.728303399182
V3,2.0,IS,2026-03-19,4222.356389794765
V3,2.0,IS,2026-03-20,4925.369368435797
V3,2.0,IS,2026-03-23,4925.369368435797
V3,2.0,IS,2026-03-24,4925.369368435797
V3,2.0,IS,2026-03-25,4925.369368435797
V3,2.0,IS,2026-03-26,4510.820607943646
V3,2.0,IS,2026-03-27,3762.2337261178827
V3,2.0,IS,2026-03-30,3761.3699466605017
V3,2.0,IS,2026-03-31,2813.4988958261774
V3,2.0,IS,2026-04-01,2813.4988958261774
V3,2.0,IS,2026-04-02,2813.4988958261774
V3,2.0,IS,2026-04-06,2813.4988958261774
V3,2.0,IS,2026-04-07,2813.4988958261774
V3,2.0,IS,2026-04-08,2010.4683536516977
V3,2.0,IS,2026-04-09,2010.4683536516977
V3,2.0,IS,2026-04-10,2010.4683536516977
V3,2.0,IS,2026-04-13,1135.3916765075369
V3,2.0,IS,2026-04-14,-29.771215986722837
V3,2.0,IS,2026-04-15,-29.771215986722837
V3,2.0,IS,2026-04-16,-29.771215986722837
V3,2.0,IS,2026-04-17,-328.19974577463444
V3,2.0,IS,2026-04-20,-752.3826206230508
V3,2.0,IS,2026-04-21,-752.3826206230508
V3,2.0,IS,2026-04-22,-970.2063338903044
V3,2.0,IS,2026-04-23,-970.2063338903044
V3,2.0,IS,2026-04-24,-970.2063338903044
V3,2.0,IS,2026-04-27,-970.2063338903044
V3,2.0,IS,2026-04-28,-793.7261045378357
V3,2.0,IS,2026-04-29,-793.7261045378357
V3,2.0,IS,2026-04-30,-793.7261045378357
V3,2.0,IS,2026-05-01,-793.7261045378357
V3,2.0,IS,2026-05-04,-230.29395364619563
V3,2.0,IS,2026-05-05,-403.9334348882821
V3,2.0,IS,2026-05-06,-556.0467754090034
V3,2.0,IS,2026-05-07,-556.0467754090034
V3,2.0,IS,2026-05-08,-556.0467754090034
V3,2.0,IS,2026-05-11,-302.32512490161844
V3,2.0,IS,2026-05-12,-283.4924461015809
V3,2.0,IS,2026-05-13,-283.4924461015809
V3,2.0,IS,2026-05-14,-35.92678820221653
V3,2.0,IS,2026-05-15,-476.7955004021804
V3,2.0,IS,2026-05-18,-490.7917363061019
V3,2.0,IS,2026-05-19,64.87335563111463
V3,2.0,IS,2026-05-20,64.87335563111463
V3,2.0,IS,2026-05-21,64.87335563111463
V3,2.0,IS,2026-05-22,47.57681526079144
V3,2.0,IS,2026-05-26,-130.3511673905775
V3,2.0,IS,2026-05-27,-130.3511673905775
V3,2.0,IS,2026-05-28,-94.80661209498686
V3,2.0,IS,2026-05-29,-94.80661209498686
V3,2.0,IS,2026-06-01,-589.5443565869742
V3,2.0,IS,2026-06-02,441.784066165554
V3,2.0,IS,2026-06-03,441.784066165554
V3,2.0,IS,2026-06-04,228.97781596910608
V3,2.0,IS,2026-06-05,228.97781596910608
V3,2.0,IS,2026-06-08,228.97781596910608
V3,2.0,IS,2026-06-09,228.97781596910608
V3,2.0,IS,2026-06-10,228.97781596910608
V3,2.0,IS,2026-06-11,-226.71179737937496
V3,2.0,IS,2026-06-12,-226.71179737937496
V3,2.0,IS,2026-06-15,-1110.4830770831477
V3,2.0,IS,2026-06-16,-935.7078404593344
V3,2.0,IS,2026-06-17,-959.573763841702
V3,2.0,IS,2026-06-18,-959.573763841702
V3,2.0,IS,2026-06-22,-959.573763841702
V3,2.0,IS,2026-06-23,-1028.9762615169916
V3,2.0,IS,2026-06-24,-1028.9762615169916
V3,2.0,IS,2026-06-25,-1028.9762615169916
V3,2.0,IS,2026-06-26,-1028.9762615169916
V3,2.0,IS,2026-06-29,-371.0298741620437
V3,2.0,IS,2026-06-30,-371.0298741620437
V3,2.0,IS,2026-07-01,-371.0298741620437
V3,2.0,IS,2026-07-02,-371.0298741620437
V3,2.0,IS,2026-07-06,-433.0505545829061
V3,2.0,IS,2026-07-07,-433.0505545829061
V3,2.0,IS,2026-07-08,-433.0505545829061
V3,2.0,IS,2026-07-09,-535.9719078546914
V3,2.0,IS,2026-07-10,-535.9719078546914
V3,2.0,IS,2026-07-13,-535.9719078546914
V3,2.0,IS,2026-07-14,-535.9719078546914
V3,2.0,IS,2026-07-15,-535.9719078546914
V3,2.0,IS,2026-07-16,-690.9892060571547
V3,2.0,IS,2026-07-17,-690.9892060571547
V3,2.0,IS,2026-07-20,-627.923740579979
V3,2.0,IS,2026-07-21,-627.923740579979
V3,2.0,IS,2026-07-22,-627.923740579979
V3,2.0,IS,2026-07-23,-627.923740579979
V3,2.0,IS,2026-07-24,-627.923740579979
V3,2.0,IS,2026-07-27,-394.3246500493935
V3,2.0,IS,2026-07-28,-394.3246500493935
V3,2.0,IS,2026-07-29,-394.3246500493935
V3,2.0,IS,2026-07-30,-394.3246500493935
V3,2.0,IS,2026-07-31,-394.3246500493935
V3,2.0,IS,2026-08-03,-387.3846976252431
V3,2.0,IS,2026-08-04,-513.837908845146
V3,2.0,IS,2026-08-05,-513.837908845146
V3,2.0,IS,2026-08-06,-513.837908845146
V3,2.0,IS,2026-08-07,-513.837908845146
V3,2.0,IS,2026-08-10,-513.837908845146
V3,2.0,OOS,2026-08-11,0.0
V3,2.0,OOS,2026-08-12,0.0
V3,2.0,OOS,2026-08-13,0.0
V3,2.0,OOS,2026-08-14,0.0
V3,2.0,OOS,2026-08-17,-719.0770078972004
V3,2.0,OOS,2026-08-18,-719.0770078972004
V3,2.0,OOS,2026-08-19,-719.0770078972004
V3,2.0,OOS,2026-08-20,679.6468797501096
V3,2.0,OOS,2026-08-21,351.21723465632135
V3,2.0,OOS,2026-08-24,433.1126988163442
V3,2.0,OOS,2026-08-25,-287.38435817405485
V3,2.0,OOS,2026-08-26,-83.15821695773295
V3,2.0,OOS,2026-08-27,659.6078912714057
V3,2.0,OOS,2026-08-28,1671.698785522413
V3,2.0,OOS,2026-08-31,1671.698785522413
V3,2.0,OOS,2026-09-01,1671.698785522413
V3,2.0,OOS,2026-09-02,1671.698785522413
V3,2.0,OOS,2026-09-03,2384.344850156777
V3,2.0,OOS,2026-09-04,1655.2702738678054
V3,2.0,OOS,2026-09-08,709.5355548636618
V3,2.0,OOS,2026-09-09,-4.454138940640632
V3,2.0,OOS,2026-09-10,82.53366246390314
V3,2.0,OOS,2026-09-11,82.53366246390314
V3,2.0,OOS,2026-09-14,-52.454350454953016
V3,2.0,OOS,2026-09-15,-87.43949031141742
V3,2.0,OOS,2026-09-16,-87.43949031141742
V3,2.0,OOS,2026-09-17,-87.43949031141742
V3,2.0,OOS,2026-09-18,2034.5042684128446
V3,2.0,OOS,2026-09-21,1147.344289431318
V3,2.0,OOS,2026-09-22,476.26649147020703
V3,2.0,OOS,2026-09-23,525.4367400736629
V3,2.0,OOS,2026-09-24,746.2860346189327
V3,2.0,OOS,2026-09-25,689.1704724877671
V3,2.0,OOS,2026-09-28,653.2550715816122
V3,2.0,OOS,2026-09-29,653.2550715816122
V3,2.0,OOS,2026-09-30,-530.7846881885617
V3,2.0,OOS,2026-10-01,-530.7846881885617
V3,2.0,OOS,2026-10-02,-1881.8643006880352
V4,1.0,IS,2026-01-02,0.0
V4,1.0,IS,2026-01-05,774.1199206877019
V4,1.0,IS,2026-01-06,771.2422785551588
V4,1.0,IS,2026-01-07,590.8359930370666
V4,1.0,IS,2026-01-08,437.03054523141066
V4,1.0,IS,2026-01-09,682.9793675147145
V4,1.0,IS,2026-01-12,613.273229301946
V4,1.0,IS,2026-01-13,-473.82828921589567
V4,1.0,IS,2026-01-14,-544.6927479987472
V4,1.0,IS,2026-01-15,-1940.5017672003419
V4,1.0,IS,2026-01-16,-1128.3248052447855
V4,1.0,IS,2026-01-20,-1065.0520940106953
V4,1.0,IS,2026-01-21,-959.1528686586131
V4,1.0,IS,2026-01-22,-1948.7444704231132
V4,1.0,IS,2026-01-23,-1552.489345549137
V4,1.0,IS,2026-01-26,-1101.078568746941
V4,1.0,IS,2026-01-27,-1636.6013982635773
V4,1.0,IS,2026-01-28,-1636.6013982635773
V4,1.0,IS,2026-01-29,-2283.496372663391
V4,1.0,IS,2026-01-30,19.749681848479213
V4,1.0,IS,2026-02-02,-532.5102843046077
V4,1.0,IS,2026-02-03,457.4373295252526
V4,1.0,IS,2026-02-04,-606.2055026705023
V4,1.0,IS,2026-02-05,3884.7583331241194
V4,1.0,IS,2026-02-06,3884.7583331241194
V4,1.0,IS,2026-02-09,5762.19468048394
V4,1.0,IS,2026-02-10,5609.75927402252
V4,1.0,IS,2026-02-11,5504.054869713612
V4,1.0,IS,2026-02-12,4609.601697363723
V4,1.0,IS,2026-02-13,5896.246438366981
V4,1.0,IS,2026-02-17,5896.397194387384
V4,1.0,IS,2026-02-18,5793.573109756023
V4,1.0,IS,2026-02-19,5703.405601303827
V4,1.0,IS,2026-02-20,6775.605104500811
V4,1.0,IS,2026-02-23,6478.213366052925
V4,1.0,IS,2026-02-24,6598.46358242754
V4,1.0,IS,2026-02-25,6598.46358242754
V4,1.0,IS,2026-02-26,8967.605205418162
V4,1.0,IS,2026-02-27,8967.605205418162
V4,1.0,IS,2026-03-02,10640.239099815282
V4,1.0,IS,2026-03-03,10423.98385960379
V4,1.0,IS,2026-03-04,12003.965320252828
V4,1.0,IS,2026-03-05,11503.524792490733
V4,1.0,IS,2026-03-06,11503.524792490733
V4,1.0,IS,2026-03-09,11452.175066116399
V4,1.0,IS,2026-03-10,11462.76761182205
V4,1.0,IS,2026-03-11,11604.241775793409
V4,1.0,IS,2026-03-12,10821.580913165424
V4,1.0,IS,2026-03-13,11824.386792283423
V4,1.0,IS,2026-03-16,12635.390679487784
V4,1.0,IS,2026-03-17,12796.361525715973
V4,1.0,IS,2026-03-18,12520.88129284006
V4,1.0,IS,2026-03-19,12413.193995787238
V4,1.0,IS,2026-03-20,13285.96210837649
V4,1.0,IS,2026-03-23,13498.367255493438
V4,1.0,IS,2026-03-24,13420.883010068952
V4,1.0,IS,2026-03-25,13432.708640859879
V4,1.0,IS,2026-03-26,12907.717507337224
V4,1.0,IS,2026-03-27,12130.85768717264
V4,1.0,IS,2026-03-30,11710.088994440146
V4,1.0,IS,2026-03-31,12366.400502218348
V4,1.0,IS,2026-04-01,12283.022833423593
V4,1.0,IS,2026-04-02,11548.014375139861
V4,1.0,IS,2026-04-06,11622.880073537695
V4,1.0,IS,2026-04-07,11736.739414217343
V4,1.0,IS,2026-04-08,12380.542186625838
V4,1.0,IS,2026-04-09,12781.350623204065
V4,1.0,IS,2026-04-10,12729.795301248661
V4,1.0,IS,2026-04-13,12626.368350147175
V4,1.0,IS,2026-04-14,11417.868305637148
V4,1.0,IS,2026-04-15,11383.799486027285
V4,1.0,IS,2026-04-16,10855.018110437812
V4,1.0,IS,2026-04-17,10920.23027804543
V4,1.0,IS,2026-04-20,8621.420355050968
V4,1.0,IS,2026-04-21,8308.622823119209
V4,1.0,IS,2026-04-22,8120.0162245058345
V4,1.0,IS,2026-04-23,7749.063598329366
V4,1.0,IS,2026-04-24,6653.615150707208
V4,1.0,IS,2026-04-27,7800.8320792841605
V4,1.0,IS,2026-04-28,6757.789346159901
V4,1.0,IS,2026-04-29,6561.604672891272
V4,1.0,IS,2026-04-30,6718.013754623959
V4,1.0,IS,2026-05-01,6919.6805543217315
V4,1.0,IS,2026-05-04,10191.060537648733
V4,1.0,IS,2026-05-05,9863.59102908352
V4,1.0,IS,2026-05-06,9628.969742596506
V4,1.0,IS,2026-05-07,9973.961490524054
V4,1.0,IS,2026-05-08,9887.999468909875
V4,1.0,IS,2026-05-11,8288.52841554321
V4,1.0,IS,2026-05-12,8086.959387655063
V4,1.0,IS,2026-05-13,8086.959387655063
V4,1.0,IS,2026-05-14,9248.691296035926
V4,1.0,IS,2026-05-15,8899.944944109237
V4,1.0,IS,2026-05-18,9092.302508019537
V4,1.0,IS,2026-05-19,9092.302508019537
V4,1.0,IS,2026-05-20,9629.949146579214
V4,1.0,IS,2026-05-21,9474.642483110183
V4,1.0,IS,2026-05-22,10136.800982752413
V4,1.0,IS,2026-05-26,9590.506218428505
V4,1.0,IS,2026-05-27,8969.89656062542
V4,1.0,IS,2026-05-28,8333.606561698653
V4,1.0,IS,2026-05-29,8333.606561698653
V4,1.0,IS,2026-06-01,9412.510853356474
V4,1.0,IS,2026-06-02,10629.988926005484
V4,1.0,IS,2026-06-03,9828.700210621453
V4,1.0,IS,2026-06-04,8821.413808252319
V4,1.0,IS,2026-06-05,8739.29805170097
V4,1.0,IS,2026-06-08,6927.535561447769
V4,1.0,IS,2026-06-09,5724.510634519941
V4,1.0,IS,2026-06-10,5858.219314182647
V4,1.0,IS,2026-06-11,6117.792779678225
V4,1.0,IS,2026-06-12,6005.486702436539
V4,1.0,IS,2026-06-15,4889.857541818594
V4,1.0,IS,2026-06-16,4983.245256161518
V4,1.0,IS,2026-06-17,4978.097356925927
V4,1.0,IS,2026-06-18,4815.2213374309895
V4,1.0,IS,2026-06-22,4879.4997810585255
V4,1.0,IS,2026-06-23,4879.4997810585255
V4,1.0,IS,2026-06-24,4752.508036238935
V4,1.0,IS,2026-06-25,4964.443917145774
V4,1.0,IS,2026-06-26,5237.338095787844
V4,1.0,IS,2026-06-29,4662.613023478723
V4,1.0,IS,2026-06-30,6693.518094067946
V4,1.0,IS,2026-07-01,6764.917722578706
V4,1.0,IS,2026-07-02,6255.612362035155
V4,1.0,IS,2026-07-06,6892.208586131331
V4,1.0,IS,2026-07-07,7206.136934969383
V4,1.0,IS,2026-07-08,6951.952502244314
V4,1.0,IS,2026-07-09,7150.461902388377
V4,1.0,IS,2026-07-10,9049.753622731352
V4,1.0,IS,2026-07-13,8908.060133165316
V4,1.0,IS,2026-07-14,8395.685243597882
V4,1.0,IS,2026-07-15,8313.101661359386
V4,1.0,IS,2026-07-16,7794.476295656211
V4,1.0,IS,2026-07-17,7392.379536757588
V4,1.0,IS,2026-07-20,7562.218637330513
V4,1.0,IS,2026-07-21,8836.178310301491
V4,1.0,IS,2026-07-22,8988.435779593243
V4,1.0,IS,2026-07-23,8992.121167405552
V4,1.0,IS,2026-07-24,8992.121167405552
V4,1.0,IS,2026-07-27,10225.19862750601
V4,1.0,IS,2026-07-28,10768.619707604723
V4,1.0,IS,2026-07-29,11408.916213158096
V4,1.0,IS,2026-07-30,11585.546638440044
V4,1.0,IS,2026-07-31,12408.992633412374
V4,1.0,IS,2026-08-03,12014.589310008445
V4,1.0,IS,2026-08-04,11250.154289082187
V4,1.0,IS,2026-08-05,11156.152257576287
V4,1.0,IS,2026-08-06,10939.402839254843
V4,1.0,IS,2026-08-07,11090.671724699108
V4,1.0,IS,2026-08-10,12730.884427684075
V4,1.0,OOS,2026-08-11,-532.837693895208
V4,1.0,OOS,2026-08-12,-249.49242849288675
V4,1.0,OOS,2026-08-13,-263.7992978535993
V4,1.0,OOS,2026-08-14,-288.4677742268347
V4,1.0,OOS,2026-08-17,-106.00161306905125
V4,1.0,OOS,2026-08-18,-32.94060293569339
V4,1.0,OOS,2026-08-19,2.952513110613168
V4,1.0,OOS,2026-08-20,986.0580487444638
V4,1.0,OOS,2026-08-21,1648.5778271281704
V4,1.0,OOS,2026-08-24,2348.8757687881225
V4,1.0,OOS,2026-08-25,-191.72345230497103
V4,1.0,OOS,2026-08-26,-427.40081483727556
V4,1.0,OOS,2026-08-27,897.0780362874601
V4,1.0,OOS,2026-08-28,1065.3996730392682
V4,1.0,OOS,2026-08-31,1546.3669867441358
V4,1.0,OOS,2026-09-01,1597.1684275444454
V4,1.0,OOS,2026-09-02,1597.1684275444454
V4,1.0,OOS,2026-09-03,1597.1684275444454
V4,1.0,OOS,2026-09-04,1672.2672637770245
V4,1.0,OOS,2026-09-08,808.0706023714047
V4,1.0,OOS,2026-09-09,647.8033417056979
V4,1.0,OOS,2026-09-10,728.6301497956496
V4,1.0,OOS,2026-09-11,631.5991729994483
V4,1.0,OOS,2026-09-14,1143.9280635154778
V4,1.0,OOS,2026-09-15,2399.9379551961374
V4,1.0,OOS,2026-09-16,2399.9379551961374
V4,1.0,OOS,2026-09-17,2399.9379551961374
V4,1.0,OOS,2026-09-18,2508.941475581494
V4,1.0,OOS,2026-09-21,1426.0878812742765
V4,1.0,OOS,2026-09-22,1099.7617444608034
V4,1.0,OOS,2026-09-23,1875.6278491639268
V4,1.0,OOS,2026-09-24,1647.819575224
V4,1.0,OOS,2026-09-25,2003.650969560503
V4,1.0,OOS,2026-09-28,2064.577016526584
V4,1.0,OOS,2026-09-29,694.6380878347622
V4,1.0,OOS,2026-09-30,-1333.8015244329922
V4,1.0,OOS,2026-10-01,862.9089927326745
V4,1.0,OOS,2026-10-02,-1962.5142541471782
V4,2.0,IS,2026-01-02,0.0
V4,2.0,IS,2026-01-05,721.5493547861112
V4,2.0,IS,2026-01-06,689.5120314084181
V4,2.0,IS,2026-01-07,502.9651623772703
V4,2.0,IS,2026-01-08,336.52689892750595
V4,2.0,IS,2026-01-09,558.8310539445017
V4,2.0,IS,2026-01-12,446.3954382864538
V4,2.0,IS,2026-01-13,-694.7993549626815
V4,2.0,IS,2026-01-14,-831.9161287041577
V4,2.0,IS,2026-01-15,-2317.5734552782706
V4,2.0,IS,2026-01-16,-1558.8447134504345
V4,2.0,IS,2026-01-20,-1589.9895388949612
V4,2.0,IS,2026-01-21,-1514.5099816693287
V4,2.0,IS,2026-01-22,-2554.9711955631533
V4,2.0,IS,2026-01-23,-2208.822102742199
V4,2.0,IS,2026-01-26,-1867.006640002041
V4,2.0,IS,2026-01-27,-2438.8555562727743
V4,2.0,IS,2026-01-28,-2438.8555562727743
V4,2.0,IS,2026-01-29,-3135.7606020884214
V4,2.0,IS,2026-01-30,-960.4618268838367
V4,2.0,IS,2026-02-02,-1651.0396945444068
V4,2.0,IS,2026-02-03,-737.8570046316016
V4,2.0,IS,2026-02-04,-1866.152251819236
V4,2.0,IS,2026-02-05,2547.8739837278417
V4,2.0,IS,2026-02-06,2547.8739837278417
V4,2.0,IS,2026-02-09,4339.548539546085
V4,2.0,IS,2026-02-10,4119.120525306883
V4,2.0,IS,2026-02-11,4007.8141455932573
V4,2.0,IS,2026-02-12,3058.7821559436015
V4,2.0,IS,2026-02-13,4291.723526566086
V4,2.0,IS,2026-02-17,4286.392858434421
V4,2.0,IS,2026-02-18,4129.356260183475
V4,2.0,IS,2026-02-19,3960.644182755381
V4,2.0,IS,2026-02-20,4978.627148133341
V4,2.0,IS,2026-02-23,4609.738480044141
V4,2.0,IS,2026-02-24,4622.794845068314
V4,2.0,IS,2026-02-25,4622.794845068314
V4,2.0,IS,2026-02-26,6864.57836601415
V4,2.0,IS,2026-02-27,6864.57836601415
V4,2.0,IS,2026-03-02,8400.193555810545
V4,2.0,IS,2026-03-03,8113.214540342811
V4,2.0,IS,2026-03-04,9607.186763303018
V4,2.0,IS,2026-03-05,9094.820408689113
V4,2.0,IS,2026-03-06,9094.820408689113
V4,2.0,IS,2026-03-09,8968.723051017396
V4,2.0,IS,2026-03-10,8931.025876387275
V4,2.0,IS,2026-03-11,9062.894544463306
V4,2.0,IS,2026-03-12,8222.505287330354
V4,2.0,IS,2026-03-13,9118.936685009914
V4,2.0,IS,2026-03-16,9809.433299120428
V4,2.0,IS,2026-03-17,9924.16232255315
V4,2.0,IS,2026-03-18,9590.132648391984
V4,2.0,IS,2026-03-19,9438.59881557618
V4,2.0,IS,2026-03-20,10253.248004396755
V4,2.0,IS,2026-03-23,10434.232184112885
V4,2.0,IS,2026-03-24,10349.274634592268
V4,2.0,IS,2026-03-25,10306.254924710425
V4,2.0,IS,2026-03-26,9718.851721826992
V4,2.0,IS,2026-03-27,8859.440220992872
V4,2.0,IS,2026-03-30,8291.853533337122
V4,2.0,IS,2026-03-31,8881.30680534602
V4,2.0,IS,2026-04-01,8785.861835533085
V4,2.0,IS,2026-04-02,7979.357264538916
V4,2.0,IS,2026-04-06,8034.40219980762
V4,2.0,IS,2026-04-07,8134.790402489236
V4,2.0,IS,2026-04-08,8660.173787047646
V4,2.0,IS,2026-04-09,9003.599758917557
V4,2.0,IS,2026-04-10,8946.984952980134
V4,2.0,IS,2026-04-13,8795.962738965487
V4,2.0,IS,2026-04-14,7528.782840318832
V4,2.0,IS,2026-04-15,7436.403462564298
V4,2.0,IS,2026-04-16,6856.638055793436
V4,2.0,IS,2026-04-17,6910.024562382038
V4,2.0,IS,2026-04-20,4487.7824224048545
V4,2.0,IS,2026-04-21,4159.457786206387
V4,2.0,IS,2026-04-22,3888.6043713438416
V4,2.0,IS,2026-04-23,3465.112475784167
V4,2.0,IS,2026-04-24,2316.992324618692
V4,2.0,IS,2026-04-27,3383.971970884243
V4,2.0,IS,2026-04-28,2288.6512875464705
V4,2.0,IS,2026-04-29,2076.9213593948803
V4,2.0,IS,2026-04-30,2221.7002351883048
V4,2.0,IS,2026-05-01,2406.1389307926547
V4,2.0,IS,2026-05-04,5543.603542966761
V4,2.0,IS,2026-05-05,5189.345784475902
V4,2.0,IS,2026-05-06,4920.162262364082
V4,2.0,IS,2026-05-07,5221.008129625233
V4,2.0,IS,2026-05-08,5061.440995978742
V4,2.0,IS,2026-05-11,3357.516595852234
V4,2.0,IS,2026-05-12,3037.719829673317
V4,2.0,IS,2026-05-13,3037.719829673317
V4,2.0,IS,2026-05-14,4116.45455387943
V4,2.0,IS,2026-05-15,3742.876067559784
V4,2.0,IS,2026-05-18,3804.5870130623116
V4,2.0,IS,2026-05-19,3804.5870130623116
V4,2.0,IS,2026-05-20,4293.772201481537
V4,2.0,IS,2026-05-21,4077.6048333548233
V4,2.0,IS,2026-05-22,4661.126085322121
V4,2.0,IS,2026-05-26,3993.7613710206997
V4,2.0,IS,2026-05-27,3306.8365141043155
V4,2.0,IS,2026-05-28,2580.007315938315
V4,2.0,IS,2026-05-29,2580.007315938315
V4,2.0,IS,2026-06-01,3557.647613115424
V4,2.0,IS,2026-06-02,4711.777109379326
V4,2.0,IS,2026-06-03,3857.998544884118
V4,2.0,IS,2026-06-04,2727.6221955697956
V4,2.0,IS,2026-06-05,2613.994451863019
V4,2.0,IS,2026-06-08,715.220767781314
V4,2.0,IS,2026-06-09,-535.5540198315687
V4,2.0,IS,2026-06-10,-447.13654834518115
V4,2.0,IS,2026-06-11,-219.52716874742703
V4,2.0,IS,2026-06-12,-337.7594903356303
V4,2.0,IS,2026-06-15,-1572.3129162339956
V4,2.0,IS,2026-06-16,-1525.035833150186
V4,2.0,IS,2026-06-17,-1545.5867026797607
V4,2.0,IS,2026-06-18,-1755.4846142091478
V4,2.0,IS,2026-06-22,-1791.5967341724863
V4,2.0,IS,2026-06-23,-1791.5967341724863
V4,2.0,IS,2026-06-24,-1940.4133593609922
V4,2.0,IS,2026-06-25,-1765.0275402231441
V4,2.0,IS,2026-06-26,-1507.8649021783644
V4,2.0,IS,2026-06-29,-2172.1520634677363
V4,2.0,IS,2026-06-30,-186.72844089207388
V4,2.0,IS,2026-07-01,-133.63107311272006
V4,2.0,IS,2026-07-02,-662.5301871327997
V4,2.0,IS,2026-07-06,-122.40926306866152
V4,2.0,IS,2026-07-07,150.71094394782654
V4,2.0,IS,2026-07-08,-195.93192105177297
V4,2.0,IS,2026-07-09,-8.05254257565332
V4,2.0,IS,2026-07-10,1840.620892243941
V4,2.0,IS,2026-07-13,1596.2883136045996
V4,2.0,IS,2026-07-14,1017.253249775424
V4,2.0,IS,2026-07-15,918.0553697129029
V4,2.0,IS,2026-07-16,369.09773990717235
V4,2.0,IS,2026-07-17,-93.60650374542064
V4,2.0,IS,2026-07-20,58.5780334626009
V4,2.0,IS,2026-07-21,1259.3521530272897
V4,2.0,IS,2026-07-22,1348.6886797298112
V4,2.0,IS,2026-07-23,1296.0961402111293
V4,2.0,IS,2026-07-24,1296.0961402111293
V4,2.0,IS,2026-07-27,2416.8801265963875
V4,2.0,IS,2026-07-28,2881.6727333401786
V4,2.0,IS,2026-07-29,3427.588021732256
V4,2.0,IS,2026-07-30,3574.3790020978395
V4,2.0,IS,2026-07-31,4350.593661720101
V4,2.0,IS,2026-08-03,3882.3230679358758
V4,2.0,IS,2026-08-04,3060.3903669465594
V4,2.0,IS,2026-08-05,2920.2043765221083
V4,2.0,IS,2026-08-06,2692.9433803274915
V4,2.0,IS,2026-08-07,2793.93313989292
V4,2.0,IS,2026-08-10,4321.289850690797
V4,2.0,OOS,2026-08-11,-644.8158743697774
V4,2.0,OOS,2026-08-12,-412.05689974274196
V4,2.0,OOS,2026-08-13,-430.82071110703936
V4,2.0,OOS,2026-08-14,-504.45608224696275
V4,2.0,OOS,2026-08-17,-373.69767902991885
V4,2.0,OOS,2026-08-18,-348.767620835161
V4,2.0,OOS,2026-08-19,-346.5717289415504
V4,2.0,OOS,2026-08-20,541.9133896485009
V4,2.0,OOS,2026-08-21,1101.736426038228
V4,2.0,OOS,2026-08-24,1676.4741657342656
V4,2.0,OOS,2026-08-25,-928.590981020453
V4,2.0,OOS,2026-08-26,-1201.7184952764194
V4,2.0,OOS,2026-08-27,48.277128259616575
V4,2.0,OOS,2026-08-28,203.25944904390064
V4,2.0,OOS,2026-08-31,624.2145650556328
V4,2.0,OOS,2026-09-01,658.7300640763697
V4,2.0,OOS,2026-09-02,658.7300640763697
V4,2.0,OOS,2026-09-03,658.7300640763697
V4,2.0,OOS,2026-09-04,714.6426527470695
V4,2.0,OOS,2026-09-08,-223.54673993952872
V4,2.0,OOS,2026-09-09,-402.50253282453605
V4,2.0,OOS,2026-09-10,-377.9992924927097
V4,2.0,OOS,2026-09-11,-529.2549767260452
V4,2.0,OOS,2026-09-14,-124.6076853703733
V4,2.0,OOS,2026-09-15,1023.6145480542368
V4,2.0,OOS,2026-09-16,1023.6145480542368
V4,2.0,OOS,2026-09-17,1023.6145480542368
V4,2.0,OOS,2026-09-18,1118.997054368903
V4,2.0,OOS,2026-09-21,-73.57076258148868
V4,2.0,OOS,2026-09-22,-438.68260568514165
V4,2.0,OOS,2026-09-23,255.05875949792312
V4,2.0,OOS,2026-09-24,-32.68564789513965
V4,2.0,OOS,2026-09-25,266.8903174924698
V4,2.0,OOS,2026-09-28,240.40784113117041
V4,2.0,OOS,2026-09-29,-1213.5942763619987
V4,2.0,OOS,2026-09-30,-3359.7601151895446
V4,2.0,OOS,2026-10-01,-1257.1129575915634
V4,2.0,OOS,2026-10-02,-4195.082457415916
