variant,cost_multiplier,entry_day,reconciliation_error,short_sign_correct
V0,1.0,2025-10-03,-2.4936649967166602e-18,True
V0,1.0,2025-10-10,-5.724587470723463e-17,True
V0,1.0,2025-10-17,-1.734723475976807e-18,True
V0,1.0,2025-10-24,1.448494102440634e-16,True
V0,1.0,2025-10-31,4.8138576458356397e-17,True
V0,1.0,2025-11-07,-4.683753385137379e-17,True
V0,1.0,2025-11-14,-2.6617163334519134e-17,True
V0,1.0,2025-11-21,1.5525775109992423e-16,True
V0,1.0,2025-11-26,-8.44593492366208e-17,True
V0,1.0,2025-12-05,2.7863995832877464e-17,True
V0,1.0,2025-12-12,9.69276742202041e-17,True
V0,1.0,2025-12-19,-8.174884380540703e-17,True
V0,1.0,2025-12-26,-8.456776945386935e-18,True
V0,1.0,2025-12-31,4.7704895589362195e-17,True
V0,1.0,2026-01-02,1.5525775109992423e-16,True
V0,1.0,2026-01-09,-1.951563910473908e-18,True
V0,1.0,2026-01-16,-6.765421556309548e-17,True
V0,1.0,2026-01-23,5.074066167232161e-17,True
V0,1.0,2026-01-30,-1.8821749714348357e-16,True
V0,1.0,2026-02-06,1.0023449084628488e-16,True
V0,1.0,2026-02-13,7.35089072945172e-17,True
V0,1.0,2026-02-20,-1.2793585635328952e-17,True
V0,1.0,2026-02-27,9.107298248878237e-17,True
V0,1.0,2026-03-06,-9.80118763926896e-17,True
V0,1.0,2026-03-13,1.0408340855860843e-16,True
V0,1.0,2026-03-20,7.28583859910259e-17,True
V0,1.0,2026-03-27,7.806255641895632e-18,True
V0,1.0,2026-04-02,-1.951563910473908e-17,True
V0,1.0,2026-04-10,2.883977778811442e-17,True
V0,1.0,2026-04-17,1.1058862159352145e-17,True
V0,1.0,2026-04-24,1.2262326570811055e-16,True
V0,1.0,2026-05-01,-4.8138576458356397e-17,True
V0,1.0,2026-05-08,1.2880321809127793e-16,True
V0,1.0,2026-05-15,-9.947554932554503e-17,True
V0,1.0,2026-05-22,-1.0885389811754465e-16,True
V0,1.0,2026-05-29,1.08528637465799e-16,True
V0,1.0,2026-06-05,2.0383000842727483e-17,True
V0,1.0,2026-06-12,-2.5153490401663703e-17,True
V0,1.0,2026-06-18,8.955509944730267e-17,True
V0,1.0,2026-06-26,-5.681219383824043e-17,True
V0,1.0,2026-07-02,5.724587470723463e-17,True
V0,1.0,2026-07-10,4.96564594998361e-17,True
V0,1.0,2026-07-17,5.334274688628682e-17,True
V0,1.0,2026-07-24,5.854691731421724e-17,True
V0,1.0,2026-07-31,1.9081958235744878e-16,True
V0,1.0,2026-08-07,-1.030534164947472e-16,True
V0,1.0,2026-08-14,-2.5045070184415152e-17,True
V0,1.0,2026-08-21,-2.2551405187698492e-17,True
V1,1.0,2025-10-03,1.0977546996415732e-16,True
V1,1.0,2025-10-10,-5.724587470723463e-17,True
V1,1.0,2025-10-17,-8.673617379884035e-19,True
V1,1.0,2025-10-24,-3.859759734048396e-17,True
V1,1.0,2025-10-31,4.8138576458356397e-17,True
V1,1.0,2025-11-07,-2.3418766925686896e-17,True
V1,1.0,2025-11-14,-2.6617163334519134e-17,True
V1,1.0,2025-11-21,1.5525775109992423e-16,True
V1,1.0,2025-11-26,-8.44593492366208e-17,True
V1,1.0,2025-12-05,2.7863995832877464e-17,True
V1,1.0,2025-12-12,9.69276742202041e-17,True
V1,1.0,2025-12-19,-8.174884380540703e-17,True
V1,1.0,2025-12-26,-8.456776945386935e-18,True
V1,1.0,2025-12-31,4.7704895589362195e-17,True
V1,1.0,2026-01-02,-1.444157293750692e-16,True
V1,1.0,2026-01-09,-9.75781955236954e-19,True
V1,1.0,2026-01-16,-3.382710778154774e-17,True
V1,1.0,2026-01-23,1.3639263329867646e-16,True
V1,1.0,2026-01-30,-9.410874857174178e-17,True
V1,1.0,2026-02-06,-1.1641620827063104e-16,True
V1,1.0,2026-02-13,-7.426784881525705e-17,True
V1,1.0,2026-02-20,-6.396792817664476e-18,True
V1,1.0,2026-02-27,-6.548581121812447e-17,True
V1,1.0,2026-03-06,1.1752751549742868e-16,True
V1,1.0,2026-03-13,-1.700029006457271e-16,True
V1,1.0,2026-03-20,1.474514954580286e-16,True
V1,1.0,2026-03-27,-1.0711917464156784e-16,True
V1,1.0,2026-04-02,1.0126448291014611e-16,True
V1,1.0,2026-04-10,-4.109126233720062e-17,True
V1,1.0,2026-04-17,-4.9981720151581754e-17,True
V1,1.0,2026-04-24,-4.971066960846038e-17,True
V1,1.0,2026-05-01,3.144186300207963e-17,True
V1,1.0,2026-05-08,1.7542391150815462e-16,True
V1,1.0,2026-05-15,-4.9737774662772516e-17,True
V1,1.0,2026-05-22,-1.0885389811754465e-16,True
V1,1.0,2026-05-29,-1.2468324983583301e-18,True
V1,1.0,2026-06-05,1.0191500421363742e-17,True
V1,1.0,2026-06-12,9.84455572616838e-17,True
V1,1.0,2026-06-18,-6.624475273886432e-17,True
V1,1.0,2026-06-26,1.936385080059111e-16,True
V1,1.0,2026-07-02,2.862293735361732e-17,True
V1,1.0,2026-07-10,4.96564594998361e-17,True
V1,1.0,2026-07-17,5.334274688628682e-17,True
V1,1.0,2026-07-24,5.854691731421724e-17,True
V1,1.0,2026-07-31,1.9081958235744878e-16,True
V1,1.0,2026-08-07,5.949559421514206e-17,True
V1,1.0,2026-08-14,-2.5045070184415152e-17,True
V1,1.0,2026-08-21,-2.2551405187698492e-17,True
STATIC_IS_MATCH,1.0,2025-10-03,-7.567731163948821e-17,True
STATIC_IS_MATCH,1.0,2025-10-10,3.642919299551295e-17,True
STATIC_IS_MATCH,1.0,2025-10-17,1.470178145890344e-16,True
STATIC_IS_MATCH,1.0,2025-10-24,-5.117434254131581e-17,True
STATIC_IS_MATCH,1.0,2025-10-31,-1.8995222061946038e-16,True
STATIC_IS_MATCH,1.0,2025-11-07,-1.0495077029659683e-16,True
STATIC_IS_MATCH,1.0,2025-11-14,-2.397713104451693e-16,True
STATIC_IS_MATCH,1.0,2025-11-21,-1.1839487723541708e-16,True
STATIC_IS_MATCH,1.0,2025-11-26,-1.6733305279598154e-16,True
STATIC_IS_MATCH,1.0,2025-12-05,1.6664187391102203e-16,True
STATIC_IS_MATCH,1.0,2025-12-12,-9.324138683375338e-18,True
STATIC_IS_MATCH,1.0,2025-12-19,1.6761765586625899e-16,True
STATIC_IS_MATCH,1.0,2025-12-26,-5.637851296924623e-18,True
STATIC_IS_MATCH,1.0,2025-12-31,-1.1622647289044608e-16,True
STATIC_IS_MATCH,1.0,2026-01-02,1.0364972768961422e-16,True
STATIC_IS_MATCH,1.0,2026-01-09,-1.3010426069826053e-18,True
STATIC_IS_MATCH,1.0,2026-01-16,-8.673617379884035e-18,True
STATIC_IS_MATCH,1.0,2026-01-23,1.0798653637955624e-16,True
STATIC_IS_MATCH,1.0,2026-01-30,2.2551405187698492e-17,True
STATIC_IS_MATCH,1.0,2026-02-06,-4.420156731951841e-17,True
STATIC_IS_MATCH,1.0,2026-02-13,1.2302984152279262e-16,True
STATIC_IS_MATCH,1.0,2026-02-20,2.846030702774449e-17,True
STATIC_IS_MATCH,1.0,2026-02-27,-5.0306980803327406e-17,True
STATIC_IS_MATCH,1.0,2026-03-06,1.196959198423997e-16,True
STATIC_IS_MATCH,1.0,2026-03-13,-4.336808689942018e-18,True
STATIC_IS_MATCH,1.0,2026-03-20,1.231653667943533e-16,True
STATIC_IS_MATCH,1.0,2026-03-27,5.204170427930421e-18,True
STATIC_IS_MATCH,1.0,2026-04-02,-1.6089560239684886e-16,True
STATIC_IS_MATCH,1.0,2026-04-10,-1.7780915628762273e-17,True
STATIC_IS_MATCH,1.0,2026-04-17,8.131516293641283e-17,True
STATIC_IS_MATCH,1.0,2026-04-24,7.752045533271357e-18,True
STATIC_IS_MATCH,1.0,2026-05-01,7.892991815694472e-17,True
STATIC_IS_MATCH,1.0,2026-05-08,1.1926223897340549e-17,True
STATIC_IS_MATCH,1.0,2026-05-15,7.697835424647081e-18,True
STATIC_IS_MATCH,1.0,2026-05-22,-7.24247051220317e-17,True
STATIC_IS_MATCH,1.0,2026-05-29,-1.666960840196463e-18,True
STATIC_IS_MATCH,1.0,2026-06-05,1.3877787807814457e-17,True
STATIC_IS_MATCH,1.0,2026-06-12,1.3183898417423734e-16,True
STATIC_IS_MATCH,1.0,2026-06-18,-8.825405684032006e-17,True
STATIC_IS_MATCH,1.0,2026-06-26,-3.7730235602495554e-17,True
STATIC_IS_MATCH,1.0,2026-07-02,1.1232334506949826e-16,True
STATIC_IS_MATCH,1.0,2026-07-10,7.003946034256359e-17,True
STATIC_IS_MATCH,1.0,2026-07-17,-3.8163916471489756e-17,True
STATIC_IS_MATCH,1.0,2026-07-24,-3.469446951953614e-17,True
STATIC_IS_MATCH,1.0,2026-07-31,-9.475926987523309e-17,True
STATIC_IS_MATCH,1.0,2026-08-07,7.936359902593892e-17,True
STATIC_IS_MATCH,1.0,2026-08-14,-1.647241913184383e-16,True
STATIC_IS_MATCH,1.0,2026-08-21,5.898059818321144e-17,True
V0,2.0,2025-10-03,1.0245710529988017e-16,True
V0,2.0,2025-10-10,8.239936510889834e-17,True
V0,2.0,2025-10-17,-7.806255641895632e-18,True
V0,2.0,2025-10-24,-2.2985086056692694e-17,True
V0,2.0,2025-10-31,5.299038118022903e-18,True
V0,2.0,2025-11-07,-4.2500725161431774e-17,True
V0,2.0,2025-11-14,-5.3830637863905295e-17,True
V0,2.0,2025-11-21,-1.691355389077387e-17,True
V0,2.0,2025-11-26,3.664603343001005e-17,True
V0,2.0,2025-12-05,-5.925164872633282e-17,True
V0,2.0,2025-12-12,-1.251169307048272e-16,True
V0,2.0,2025-12-19,-8.890457814381136e-18,True
V0,2.0,2025-12-26,-9.75781955236954e-17,True
V0,2.0,2025-12-31,1.5525775109992423e-16,True
V0,2.0,2026-01-02,-9.75781955236954e-17,True
V0,2.0,2026-01-09,1.0863705768304754e-16,True
V0,2.0,2026-01-16,-1.0408340855860843e-17,True
V0,2.0,2026-01-23,1.5308934675495323e-16,True
V0,2.0,2026-01-30,-2.667137344314341e-17,True
V0,2.0,2026-02-06,4.762358042642578e-17,True
V0,2.0,2026-02-13,-1.463672932855431e-18,True
V0,2.0,2026-02-20,3.133344278483108e-17,True
V0,2.0,2026-02-27,6.722053469410127e-17,True
V0,2.0,2026-03-06,-1.205632815803881e-16,True
V0,2.0,2026-03-13,6.938893903907228e-17,True
V0,2.0,2026-03-20,-4.7704895589362195e-17,True
V0,2.0,2026-03-27,3.9898639947466563e-17,True
V0,2.0,2026-04-02,3.252606517456513e-17,True
V0,2.0,2026-04-10,1.0625181290357943e-17,True
V0,2.0,2026-04-17,5.746271514173174e-17,True
V0,2.0,2026-04-24,6.928051882182373e-17,True
V0,2.0,2026-05-01,-9.71445146547012e-17,True
V0,2.0,2026-05-08,1.0625181290357943e-16,True
V0,2.0,2026-05-15,-6.512666924848864e-17,True
V0,2.0,2026-05-22,1.3964523981613297e-16,True
V0,2.0,2026-05-29,2.8297676701871666e-17,True
V0,2.0,2026-06-05,-5.637851296924623e-18,True
V0,2.0,2026-06-12,-7.19910242530375e-17,True
V0,2.0,2026-06-18,3.8272336688738307e-17,True
V0,2.0,2026-06-26,1.734723475976807e-18,True
V0,2.0,2026-07-02,3.903127820947816e-18,True
V0,2.0,2026-07-10,1.1557595158695477e-16,True
V0,2.0,2026-07-17,-1.1882855810441129e-16,True
V0,2.0,2026-07-24,-3.0357660829594124e-18,True
V0,2.0,2026-07-31,-9.237402509576498e-17,True
V0,2.0,2026-08-07,1.1888276821303556e-16,True
V0,2.0,2026-08-14,-1.574973062124646e-17,True
V0,2.0,2026-08-21,-6.852157730108388e-17,True
V1,2.0,2025-10-03,-5.979374981257557e-17,True
V1,2.0,2025-10-10,8.239936510889834e-17,True
V1,2.0,2025-10-17,-2.259477327459791e-16,True
V1,2.0,2025-10-24,2.1055206189668496e-16,True
V1,2.0,2025-10-31,5.299038118022903e-18,True
V1,2.0,2025-11-07,2.0079424234431542e-16,True
V1,2.0,2025-11-14,-5.3830637863905295e-17,True
V1,2.0,2025-11-21,-1.691355389077387e-17,True
V1,2.0,2025-11-26,3.664603343001005e-17,True
V1,2.0,2025-12-05,-5.925164872633282e-17,True
V1,2.0,2025-12-12,-1.251169307048272e-16,True
V1,2.0,2025-12-19,-8.890457814381136e-18,True
V1,2.0,2025-12-26,-9.75781955236954e-17,True
V1,2.0,2025-12-31,1.5525775109992423e-16,True
V1,2.0,2026-01-02,6.223320470066795e-17,True
V1,2.0,2026-01-09,-5.670377362099188e-17,True
V1,2.0,2026-01-16,-5.204170427930421e-18,True
V1,2.0,2026-01-23,1.8756697583999227e-16,True
V1,2.0,2026-01-30,-1.3335686721571705e-17,True
V1,2.0,2026-02-06,7.932294144447072e-17,True
V1,2.0,2026-02-13,1.1029046599608794e-16,True
V1,2.0,2026-02-20,1.566672139241554e-17,True
V1,2.0,2026-02-27,3.361026734705064e-17,True
V1,2.0,2026-03-06,-6.028164079019405e-17,True
V1,2.0,2026-03-13,3.469446951953614e-17,True
V1,2.0,2026-03-20,1.981921571303502e-16,True
V1,2.0,2026-03-27,-9.107298248878237e-17,True
V1,2.0,2026-04-02,-9.475926987523309e-17,True
V1,2.0,2026-04-10,6.08237418764368e-17,True
V1,2.0,2026-04-17,-2.677979366039196e-17,True
V1,2.0,2026-04-24,1.4566256187342752e-16,True
V1,2.0,2026-05-01,6.938893903907228e-18,True
V1,2.0,2026-05-08,5.312590645178972e-17,True
V1,2.0,2026-05-15,2.2947816607013505e-17,True
V1,2.0,2026-05-22,1.3964523981613297e-16,True
V1,2.0,2026-05-29,-4.1362312880321994e-17,True
V1,2.0,2026-06-05,-2.8189256484623115e-18,True
V1,2.0,2026-06-12,-3.599551212651875e-17,True
V1,2.0,2026-06-18,2.4118077326940046e-16,True
V1,2.0,2026-06-26,8.673617379884035e-19,True
V1,2.0,2026-07-02,1.951563910473908e-18,True
V1,2.0,2026-07-10,1.1557595158695477e-16,True
V1,2.0,2026-07-17,-1.1882855810441129e-16,True
V1,2.0,2026-07-24,-3.0357660829594124e-18,True
V1,2.0,2026-07-31,-9.237402509576498e-17,True
V1,2.0,2026-08-07,-5.1580918355997873e-17,True
V1,2.0,2026-08-14,-1.574973062124646e-17,True
V1,2.0,2026-08-21,-6.852157730108388e-17,True
STATIC_IS_MATCH,2.0,2025-10-03,1.4235574524734673e-16,True
STATIC_IS_MATCH,2.0,2025-10-10,-1.9081958235744878e-17,True
STATIC_IS_MATCH,2.0,2025-10-17,-7.892991815694472e-17,True
STATIC_IS_MATCH,2.0,2025-10-24,2.0686577451023425e-16,True
STATIC_IS_MATCH,2.0,2025-10-31,-1.444970445380056e-16,True
STATIC_IS_MATCH,2.0,2025-11-07,4.597017211338539e-17,True
STATIC_IS_MATCH,2.0,2025-11-14,-3.5887091909270197e-17,True
STATIC_IS_MATCH,2.0,2025-11-21,6.288372600415926e-17,True
STATIC_IS_MATCH,2.0,2025-11-26,-8.66277535815918e-17,True
STATIC_IS_MATCH,2.0,2025-12-05,3.4531839193663316e-17,True
STATIC_IS_MATCH,2.0,2025-12-12,6.461844948013606e-17,True
STATIC_IS_MATCH,2.0,2025-12-19,6.808789643208968e-17,True
STATIC_IS_MATCH,2.0,2025-12-26,8.890457814381136e-18,True
STATIC_IS_MATCH,2.0,2025-12-31,1.0364972768961422e-16,True
STATIC_IS_MATCH,2.0,2026-01-02,2.3115190317390955e-16,True
STATIC_IS_MATCH,2.0,2026-01-09,-1.6263032587282567e-18,True
STATIC_IS_MATCH,2.0,2026-01-16,-6.938893903907228e-18,True
STATIC_IS_MATCH,2.0,2026-01-23,2.8189256484623115e-17,True
STATIC_IS_MATCH,2.0,2026-01-30,5.637851296924623e-17,True
STATIC_IS_MATCH,2.0,2026-02-06,1.0576392192596096e-16,True
STATIC_IS_MATCH,2.0,2026-02-13,-1.4899648355382045e-16,True
STATIC_IS_MATCH,2.0,2026-02-20,5.789639601072594e-17,True
STATIC_IS_MATCH,2.0,2026-02-27,4.466912950640278e-17,True
STATIC_IS_MATCH,2.0,2026-03-06,-4.336808689942018e-17,True
STATIC_IS_MATCH,2.0,2026-03-13,-2.7755575615628914e-17,True
STATIC_IS_MATCH,2.0,2026-03-20,1.1622647289044608e-16,True
STATIC_IS_MATCH,2.0,2026-03-27,2.688821387764051e-17,True
STATIC_IS_MATCH,2.0,2026-04-02,2.168404344971009e-17,True
STATIC_IS_MATCH,2.0,2026-04-10,7.047314121155779e-18,True
STATIC_IS_MATCH,2.0,2026-04-17,-3.5778671692021646e-17,True
STATIC_IS_MATCH,2.0,2026-04-24,-2.780978572425319e-17,True
STATIC_IS_MATCH,2.0,2026-05-01,1.2023802092864244e-16,True
STATIC_IS_MATCH,2.0,2026-05-08,-7.719519468096792e-17,True
STATIC_IS_MATCH,2.0,2026-05-15,-1.174326478073362e-16,True
STATIC_IS_MATCH,2.0,2026-05-22,1.9081958235744878e-17,True
STATIC_IS_MATCH,2.0,2026-05-29,1.8865117801247777e-17,True
STATIC_IS_MATCH,2.0,2026-06-05,-7.762887554996212e-17,True
STATIC_IS_MATCH,2.0,2026-06-12,-4.7704895589362195e-17,True
STATIC_IS_MATCH,2.0,2026-06-18,-4.846383711010205e-17,True
STATIC_IS_MATCH,2.0,2026-06-26,-1.465841337200402e-16,True
STATIC_IS_MATCH,2.0,2026-07-02,2.6020852139652106e-18,True
STATIC_IS_MATCH,2.0,2026-07-10,3.9898639947466563e-17,True
STATIC_IS_MATCH,2.0,2026-07-17,6.895525817007808e-17,True
STATIC_IS_MATCH,2.0,2026-07-24,-1.734723475976807e-18,True
STATIC_IS_MATCH,2.0,2026-07-31,-1.3552527156068805e-16,True
STATIC_IS_MATCH,2.0,2026-08-07,7.925517880869037e-17,True
STATIC_IS_MATCH,2.0,2026-08-14,-8.451355934524507e-17,True
STATIC_IS_MATCH,2.0,2026-08-21,6.526897078362737e-17,True
