cost_mult,segment,hypothetical_share,minimum_total_pool_dollars,observed_pool
1.0,ALL,0.01,0.0,False
1.0,ALL,0.05,0.0,False
1.0,ALL,0.1,0.0,False
1.0,IS,0.01,0.0,False
1.0,IS,0.05,0.0,False
1.0,IS,0.1,0.0,False
1.0,OOS,0.01,14126.418257827654,False
1.0,OOS,0.05,2825.283651565531,False
1.0,OOS,0.1,1412.6418257827654,False
2.0,ALL,0.01,10862.81851331884,False
2.0,ALL,0.05,2172.563702663768,False
2.0,ALL,0.1,1086.281851331884,False
2.0,IS,0.01,0.0,False
2.0,IS,0.05,0.0,False
2.0,IS,0.1,0.0,False
2.0,OOS,0.01,12728.472642935634,False
2.0,OOS,0.05,2545.6945285871266,False
2.0,OOS,0.1,1272.8472642935633,False
