market_id,tk,k,res_date,tau,ts,side,px,size,tx,p_mid,p_lo,p_hi,k1,k2
1804734,AAPL,250.0,2026-04-01,0.03,1774972833,BUY,0.4,10.0,0x3689649aece56061c65ced72f0fa781912d2727737d3ccfbc7324223788276ce,0.44405675216554014,0.4320552183232283,0.45605828600785203,247.5,252.5
1804736,AAPL,255.0,2026-04-01,0.03,1774974295,BUY,0.1,13.0,0x2d75ecdd60ff6b975644e80be04b9ec51c59f8fb711e5bfc47bfd289a8a2107e,0.1710215401122501,0.16802116221554397,0.17402191800895622,252.5,257.5
1805047,GOOGL,285.0,2026-04-01,0.03,1774975199,BUY,0.35,10.0,0xb4b6b212d40b9337bde3369348e41e828a3134efb79d95c73e5b010db58db38c,0.41205142534512945,0.3980496778819454,0.42605317280831345,282.5,287.5
1805075,META,560.0,2026-04-01,0.03,1774977705,BUY,0.78,59.09,0x50902ba32d881fc5ceb921d689480250d4d9615fdda48016b4840f0114365d14,0.8100985282522676,0.7400900134650347,0.8801070430395002,557.5,562.5
1804877,MSFT,380.0,2026-04-01,0.03,1774977309,BUY,0.035,5.0,0xaa952f8f706ff8f11ec6e7ce9bfa767bf2f4ae3b39c07d3510510c92afb94961,0.0770094049464696,0.070008549951336,0.0840102599416032,377.5,382.5
1805137,NVDA,175.0,2026-04-01,0.03,1774973665,BUY,0.09,5.0,0x4d4c8816f56ce53364b9ef8a823480903fbee55ea6c4dacc8a2b9864b2e5a7db,0.15501964853724953,0.1520192682429802,0.1580200288315189,172.5,177.5
1805105,TSLA,360.0,2026-04-01,0.03,1774975147,BUY,0.74,5.0,0x75ef4f48e6d5707589543515db2db20c5cba4b1d1ae7a8536f795d0aec4d288f,0.800099907810768,0.7800974101154987,0.8201024055060373,357.5,362.5
1815601,AAPL,255.0,2026-04-02,0.03,1775071129,BUY,0.48,10.69,0xb49b36c76e6f336812032d6183da7687c4f72853f6979122a7c06c0f1bb9f411,0.5580629031114647,0.5400608739788367,0.5760649322440926,252.5,257.5
1815662,AMZN,210.0,2026-04-02,0.03,1775069561,BUY,0.49,11.09,0x1f2fc4cdc603ec6a2278f7489eaa15981a5eeb363cb7b6ec630e709095208df8,0.54506252166685,0.5320610303243379,0.5580640130093619,207.5,212.5
1815678,META,570.0,2026-04-02,0.03,1775058821,BUY,0.83,5.88,0x55fa740a480b6840639f78e18f7b04ba00a6ecd5d63bb40512aa42d98cf46572,0.8701116582681575,0.8001026742695695,0.9401206422667447,567.5,572.5
1815691,NVDA,170.0,2026-04-02,0.03,1775055703,BUY,0.92,11.76,0x0964443b77fff862a923ef9e0347b1422a6346c3320244ed8510517b0d0145b3,0.9551263447787234,0.930123037323783,0.9801296522336636,167.5,172.5
1815693,NVDA,180.0,2026-04-02,0.03,1775052137,BUY,0.12,5.0,0x9ef7633319f5c729dc503cebfa8283fb75b817775d4bc78bbad9ae5924ad4b6c,0.16402243879011924,0.1620221651463373,0.16602271243390118,177.5,182.5
1815685,TSLA,370.0,2026-04-02,0.03,1775057407,SELL,0.87,5.0,0x4931326b7d30c9f2fe8996a203ff7d73966afdbcf65b1f35514d02b01f7e87a1,0.8351086640397821,0.7701002051624336,0.9001171229171303,367.5,372.5
1815686,TSLA,380.0,2026-04-02,0.03,1775055933,BUY,0.55,36.0,0xac467e0125bc41ad5384ec6aa28f3b912e6cee8783c2fd9e1b919ddb42238b5c,0.6050798638895309,0.5900778837930964,0.6200818439859656,377.5,382.5
1815687,TSLA,390.0,2026-04-02,0.03,1775055149,BUY,0.13,5.0,0x5712f2166d08a9aff370c73dec4ee089ff23b4858c9a9a5e431aef456657c0a7,0.17702354117342775,0.1740231421704883,0.1800239401763672,387.5,392.5
1906107,AAPL,250.0,2026-04-08,0.03,1775574689,BUY,0.25,100.0,0x5a743fc04122265911a4adac10fc9994a9d459e3a9c8515374ccecb1294a2adc,0.31604157132376276,0.31004078199483054,0.3220423606526949,247.5,252.5
1906109,AAPL,260.0,2026-04-08,0.03,1775581255,BUY,0.03,5.15,0x21270337f7ba855dec3076d20e3d69c95157b9aa369af6ce5fd3740fc3505251,0.08100998126560766,0.06400788643208505,0.09801207609913025,257.5,262.5
1906307,TSLA,330.0,2026-04-08,0.03,1775588117,SELL,0.87,5.0,0x07ef7d1ca325199ea40958af28bc19bfa7553e7c080c405872e572ccb98f43a8,0.8300950522332804,0.8100927618180206,0.8500973426485404,327.5,332.5
1926946,AMZN,230.0,2026-04-10,0.03,1775746097,BUY,0.21,126.58,0xf33df3f2ff237993b39f57f0bdaf3d924072bff71f57f0496c1fb0153b3d4988,0.2830377297459547,0.2780370631426693,0.2880383963492401,227.5,232.5
1926964,GOOGL,315.0,2026-04-10,0.03,1775749689,BUY,0.659999856,1.666664,0x4337705a55eba7fe8063dd657f1bb00a2c539c80202c8d71ab39da5a423fcdf7,0.6900888471580227,0.6700862718780799,0.7100914224379654,312.5,317.5
1926965,GOOGL,320.0,2026-04-10,0.03,1775750589,BUY,0.34,10.0,0x427915a0996252b05e1efb5c43893294b283354805d759a3703e857f5630dbfa,0.40905219751999805,0.40005104891931353,0.4180533461206826,317.5,322.5
1926980,TSLA,330.0,2026-04-10,0.03,1775750161,BUY,0.9,10.01,0x43ab52b2bb229d117905bc697ec306ab45ad9cc86a2c5f7bf7f6db1c82b8c588,0.9351198344987949,0.8201050954962694,1.0,327.5,332.5
1926981,TSLA,340.0,2026-04-10,0.03,1775755883,SELL,0.8,5.0,0xc1dcab0bb813992ea55937523cc09f87003d2a1047efb96829a0423a0556797e,0.7650924935477107,0.7400894708827525,0.7900955162126684,337.5,342.5
1926982,TSLA,350.0,2026-04-10,0.03,1775750859,BUY,0.38,20.04,0x322132392c34afba0f7cdd5bf46b4a445e7a26af9ba62ed9d7ba5a0e2e1cd176,0.4190533302315416,0.4120524392730196,0.4260542211900639,347.5,352.5
1979854,AAPL,260.0,2026-04-15,0.03,1776175711,BUY,0.5,67.2,0xb737a47ce59a2dfc482cce285e5d0fa89c8de94a5bf7816752a2981f53532d15,0.5350729458845143,0.5220711733676943,0.5480747184013343,257.5,262.5
1979916,AMZN,245.0,2026-04-15,0.03,1776176769,SELL,0.5700000000000001,4.772,0x517a57e0c280f8d37ff09b22fb0e12f73711f97f6fca697c91d60ff868529a39,0.524070742780984,0.5120691227172973,0.5360723628446707,242.5,247.5
1979917,AMZN,250.0,2026-04-15,0.03,1776177131,BUY,0.19,46.76,0x837a28e2f1a677949baf28f6487cc72410cc0c732f13d5ff8afa73c96b5122f0,0.2250302728696988,0.2220298692314361,0.22803067650796147,247.5,252.5
1979941,GOOGL,325.0,2026-04-15,0.03,1776178377,BUY,0.69,68.264,0x8982592ae8ed881285e11184689a4f59cc19133b3bd432b6a44bd0c01d6c1716,0.7230961340276725,0.6600877572036845,0.7861045108516606,322.5,327.5
1979966,META,650.0,2026-04-15,0.03,1776176903,BUY,0.54,67.424,0x0d9ef118e22248e64db6a47b5c408d984991d50c94b80b287bf77f534db800b3,0.5900795528386845,0.5500741594258924,0.6300849462514767,647.5,652.5
1979989,NVDA,195.0,2026-04-15,0.03,1776180317,BUY,0.32,27.4224,0x919f6b9a807ee64acfc20ba8b7a9140429fecce40656abee5b149a56218bab85,0.37404880866658596,0.37004828664876155,0.37804933068441043,192.5,197.5
1979981,TSLA,350.0,2026-04-15,0.03,1776176615,BUY,0.86,69.216,0x8b004ecfc3b6008835eaf4355996653e63af2b123574f6a0d40f3d5c20c960ec,0.8951210045960072,0.8001081605327439,0.9901338486592708,347.5,352.5
1979982,TSLA,360.0,2026-04-15,0.03,1776176453,BUY,0.49,67.144,0xe89461e5c0ff5d64ed7bf526951161947a30926b48b2b83fca32e58e41b1fc12,0.5270713590532681,0.5140695987730166,0.5400731193335194,357.5,362.5
1998548,AAPL,265.0,2026-04-17,0.03,1776352174,BUY,0.26,4.704,0xba15332665a0ad0d1d4339be01e8588bcbd3cb38b58f17a7ca78f071f26f7085,0.30404003701470816,0.300039510211883,0.30804056381753325,262.5,267.5
1998631,AMZN,250.0,2026-04-17,0.03,1776360248,BUY,0.36,4.8294,0x7edc5a305953c946b7d6ea890cb2220063a393d6066105a7f0e31d8a00ba5cac,0.4080495550335474,0.3980483404493918,0.41805076961770304,247.5,252.5
2042766,AAPL,270.0,2026-04-22,0.03,1776796598,BUY,0.22,42.61392,0x00016aa92ba32f83d7dbd13315b75c57bd635e9e8fbb77f19f3e0ce8ef8e2fb9,0.27403176763037085,0.26603084010831624,0.28203269515242546,267.5,272.5
2043077,NVDA,205.0,2026-04-22,0.03,1776796798,BUY,0.08,6.04014,0x602464381c1aa3afa8c0df6cf39f0b8544ab6dd399eeabf0818c222d0f4f19b6,0.12001388238589358,0.11801365101279535,0.12201411375899181,202.5,207.5
2059480,TSLA,370.0,2026-04-24,0.03,1776956200,BUY,0.64,9.712,0x888541e759cf8a823f2d3340f07e1c68fce8a0c352b2e4d2c4cd963e94d0f745,0.6750895607355694,0.6400849168455769,0.7100942046255616,367.5,372.5
2124578,SPY,710.0,2026-05-01,0.03,1777570258,BUY,0.8399999955,17.857137,0x9de2293bdccad0bbe740c268e7358c77dcc86e26a9266b152a176d53b8a70f44,0.8751058210229481,0.8301003787989113,0.9201112632469853,709.0,711.0
2165251,GOOGL,395.0,2026-05-06,0.03,1778008994,BUY,0.08,10.0,0xa097eded12ccd01971212e2253833c64fc472f79201a86035375229bf8334acb,0.11801326242459945,0.10801213849031135,0.12801438635888754,392.5,397.5
2165321,NVDA,190.0,2026-05-06,0.03,1778007198,SELL,0.9299999999999999,25.68,0xdc27e3d641da03066453d7221ea9cf67d8e118efe0c60996ec3467de752ba302,0.8801009111126283,0.8100928840923055,0.9501089381329507,187.5,192.5
2165323,NVDA,200.0,2026-05-06,0.03,1777997526,BUY,0.26,3490.91,0x5003dab2b8664344bedd0f1a181fc81ed91516708366423bae64dd1609149c75,0.31904049420619696,0.31604011338294125,0.3220408750294528,197.5,202.5
2164993,SPY,720.0,2026-05-06,0.03,1777994546,BUY,0.75,20.0,0xb2c4c06debd7772dac171876915767c39ced3005cead1be5f5d7af3dae1c5fa9,0.8101058843173295,0.7901032698897409,0.8301084987449177,719.0,721.0
2165316,TSLA,390.0,2026-05-06,0.03,1778004344,SELL,0.65,13.0,0xf81b8f89a9ce0b85b0fa5fe72f640f369326097e5f543c270d87334d76bb1cb1,0.6000709752782472,0.5700674265143347,0.6300745240421596,387.5,392.5
2174154,SPY,730.0,2026-05-07,0.03,1778095303,BUY,0.7899999989,18.987338,0x512b8ef36a8c6aa985e031c32662aaf7fe1c35e06048c88a0d761d5565ec6919,0.8400945074469619,0.8200922572696535,0.8600967576242707,729.0,731.0
2181244,AAPL,290.0,2026-05-08,0.03,1778165855,BUY,0.54,5.09,0xb92becfe147690deb85140c0bdfd7478e08cabb2d13c2c67faff97760dd9a9b0,0.5830773132626434,0.5560737327170321,0.6100808938082548,287.5,292.5
2181313,AMZN,265.0,2026-05-08,0.03,1778171031,SELL,0.94,411.21,0x266bc984ef3456903763efef00d36da817869bcf41d489bac3b2ba1b1f5bba69,0.9001134420804092,0.8101020978723684,0.99012478628845,262.5,267.5
2229813,SPY,730.0,2026-05-12,0.03,1778515037,BUY,0.93,169.99,0xc10cac5e4911be4010c382cdf5e04a0943a5581c0e775a57f98dfbe868b99cbb,0.9601229460760652,0.9051159022904576,1.0,729.0,731.0
2229812,SPY,735.0,2026-05-12,0.03,1778524992,BUY,0.78,9.96,0xee17b318431ad3a796f4327e2fd939590fc42f0f962e8bc199a3df24d079d95a,0.8625995673904455,0.84009696998026,0.885102164800631,734.0,736.0
2229809,SPY,745.0,2026-05-12,0.03,1778521130,BUY,0.1,200.0,0x5df4f19b9e41d142292b52fdbbc03dc8957e58bf930510efd06557dd3de26910,0.17002045772500343,0.16501985602720926,0.17502105942279766,744.0,746.0
2240327,AAPL,300.0,2026-05-13,0.03,1778610574,BUY,0.08,228.0,0x5fb5bad92016957516bf4b8bd3aefe3ed69b0890a1ad9ebed9df389d1d6f693d,0.11801374441785287,0.11401327850538327,0.12201421033032246,297.5,302.5
2240442,AMZN,270.0,2026-05-13,0.03,1778608390,BUY,0.07,5.38,0xc13b73db96e01d696d5001980a45e68bb3eb1afcc3590dd643690ef0dd04edc5,0.10401240185557792,0.10001192486113261,0.10801287885002323,267.5,272.5
2240472,GOOGL,390.0,2026-05-13,0.03,1778614839,BUY,0.27,15.06,0xc7780c0e62c79210ce94894354ef0bc602bbef0b579a67aea209285335d150fd,0.30203354247904524,0.28403154325843993,0.32003554169965054,387.5,392.5
2240497,NVDA,215.0,2026-05-13,0.03,1778597551,BUY,0.69,54.0,0x18e4a0825b52fa2d1f0a9067a4962ea7271b1cecb9ba5ac83fed242e01f1254f,0.7250964238709552,0.7100944288943148,0.7400984188475958,212.5,217.5
2240499,NVDA,225.0,2026-05-13,0.03,1778610664,BUY,0.12,400.0,0xef05549bf04a16fe3ed8d491c7678fc622165bdec06696bf4067b3392f2da4f8,0.1580183855039193,0.15601815277602155,0.16001861823181696,222.5,227.5
2249730,SPY,735.0,2026-05-14,0.03,1778690381,BUY,0.86,37.2093,0x6be110473737494f5bc8677a8617ca46a477dcb75c687db26b72bd068a982f11,0.9051129816776464,0.8601073638041723,0.95011859955112,734.0,736.0
2249729,SPY,740.0,2026-05-14,0.03,1778696566,BUY,0.76,15.0,0x3fcd2d0e199e35240217216fc56a7991d9f3b7dba6cc9d88bf097209714844b1,0.7900924265884749,0.7650895016964349,0.8150953514805156,739.0,741.0
2249728,SPY,745.0,2026-05-14,0.03,1778689468,BUY,0.22,8.23,0xc1cdca09cd286fc47a4a2f1c1fe496382aba567c235bbd05097cf2ed8f83b741,0.287536224948136,0.28003527994948907,0.2950371699467831,744.0,746.0
2259966,TSLA,440.0,2026-05-15,0.03,1778768960,SELL,0.55,12.8,0xc57c6ca444ba5a2d771b89b4251105795ba515a06ef0d849b0ed02edacdebb2d,0.5100687291359843,0.48006468624563203,0.5400727720263362,437.5,442.5
2292002,SPY,730.0,2026-05-19,0.03,1779128382,SELL,0.78,8.46,0x855f7f12c3ae377e6bd38a7a8c677cc0bcdf24e813068964145a7f0f1fc1b8e4,0.7425870426015636,0.7150838188015058,0.7700902664016218,729.0,731.0
2291999,SPY,745.0,2026-05-19,0.03,1779117654,SELL,0.18000001639999996,6.097555,0xb64e28b3ae05eddfa9c992e35d45323137fcfb35ca5f66e867e657db8ede74dc,0.10001308380867142,0.09501242961823785,0.105013737999105,744.0,746.0
2301799,SPY,730.0,2026-05-20,0.03,1779211526,BUY,0.76,14.99,0xca72aa379944357cba34c6f218a4ed491276465cfce0509a13259640a854dca2,0.8601043691433354,0.8351013351566102,0.8851074031300606,729.0,731.0
2301796,SPY,735.0,2026-05-20,0.03,1779199847,SELL,0.49,7.29,0xa49e1f68a8e392f0ca36babfc1042a2348a4663234afd95b85170e2369bd993c,0.4575623000272343,0.4450605978406979,0.47006400221377076,734.0,736.0
2302021,TSLA,400.0,2026-05-20,0.03,1779199341,SELL,0.43999999999999995,6.0,0x677504615f993b47f50a9780e033e75bde2ba6fb10f71d38b5da9c021dbf0b8c,0.3850526744744335,0.3700506222221829,0.4000547267266841,397.5,402.5
2320763,SPY,735.0,2026-05-22,0.03,1779376462,BUY,0.71,8.77,0xca3a71bda975122b78b5014c699aa96a189e6bb9696897052579fc5f11135786,0.7575994865362835,0.7250952181370369,0.7901037549355298,734.0,736.0
2320762,SPY,740.0,2026-05-22,0.03,1779379300,BUY,0.52,1.923075,0x782a74cc372088eca0f0b71606a28b53ac8f6171db2307219a7b8cb20d43a7b2,0.5550708930357541,0.5450696156837584,0.5650721703877496,739.0,741.0
2320761,SPY,745.0,2026-05-22,0.03,1779372148,BUY,0.22,7.96,0x01ca0381406fe8152a66195b99a971580173d08c8d40c39b2da9ba827932f3b1,0.31004241046039355,0.300041042381026,0.3200437785397611,744.0,746.0
2320760,SPY,750.0,2026-05-22,0.03,1779384116,BUY,0.08,500.0,0x77c66a3bd1285e923cf8f52af77bb4978a22e401924e207a50f5c34451f7f261,0.1425173316855642,0.13501641949158713,0.15001824387954127,749.0,751.0
2360740,AAPL,310.0,2026-05-27,0.03,1779823282,SELL,0.35,6.0,0x660e2c49c4d449bfa34f75b138c10663421398bfd48d9dc96eee6d8bea1c2e26,0.3180357862904798,0.31203511107745185,0.3240364615035077,307.5,312.5
2360872,AMZN,265.0,2026-05-27,0.03,1779815196,SELL,0.33999999999999997,6.0,0x5f5ba8c5899359077b8ee560854d7d89a5072a6037c0f0df19bb2afd6e4bd06b,0.3010369606708952,0.29203585553455613,0.31003806580723425,262.5,267.5
2360756,SPY,745.0,2026-05-27,0.03,1779821678,BUY,0.8,18.75,0xb81c4fc84df498d65fc42c1d4b7df49fe9d9b233657baa3d3d20573a7864c43b,0.8325953797214121,0.8050922290399237,0.8600985304029005,744.0,746.0
2369406,SPY,745.0,2026-05-28,0.03,1779901016,BUY,0.8099999919,18.518515,0xe2e6aeba79aad145ca57bf3a7ed507ccc92e788652f5970e76aed054b5bfc658,0.8451043817382687,0.8151006758777383,0.8751080875987989,744.0,746.0
2378165,META,640.0,2026-05-29,0.03,1779991988,BUY,0.22,15.0,0xf7e695ebb1deb9dd4eb9d2607b0f6432cd4a3ea574665981586db750f3e1f03e,0.2500294322245117,0.21802566489977415,0.2820331995492492,637.5,642.5
2418399,GOOGL,365.0,2026-06-03,0.03,1780430055,SELL,0.32999999999999996,7.55,0x1dae894c5f802943645b660d6760381b874647003306599b873ca9c70103d9b3,0.2950324596433665,0.24402684797620813,0.3460380713105247,362.5,367.5
2418400,GOOGL,370.0,2026-06-03,0.03,1780429172,SELL,0.18999999999999995,57.89,0x64f66f2eeb6b497b16fd60440c6cd191662d27d3e4b117e932bbe497d157b664,0.15501722868447945,0.14001556139243304,0.17001889597652586,367.5,372.5
2418401,GOOGL,375.0,2026-06-03,0.03,1780419051,BUY,0.17,68.75,0x99f0220c37ef76fa69a4d367fba1d374331abca757ec219be14dae253db104cb,0.20202504632432938,0.19002355842387417,0.21402653422478457,372.5,377.5
2418403,GOOGL,385.0,2026-06-03,0.03,1780411269,BUY,0.05,15.0,0xf0e30a3a0041cfd16aad692b93557acd55cd771ddf75a982813771a31f7f78c8,0.08301111067890343,0.07200963817928972,0.09401258317851713,382.5,387.5
2418335,MSFT,440.0,2026-06-03,0.03,1780421736,SELL,0.69,7.0,0x6ab9909fbbd2e710db539028173dc74c8060376050796366ce42fd36c7fe402d,0.6100735572504477,0.5200627045413652,0.7000844099595301,437.5,442.5
2418432,NVDA,230.0,2026-06-03,0.03,1780412195,SELL,0.30000000000000004,36.66,0x284d2cf67338b64788c3ab8fe39db245f5a222dda91000974f84b01bb846172f,0.25303357029524554,0.2480329068506754,0.2580342337398156,227.5,232.5
2418308,SPY,755.0,2026-06-03,0.03,1780429711,BUY,0.8299999967,6.024094,0xf8d9541b9febf9a010e05302fc5c4ad7f8f9aed69e84bc7f0b1d8e3c09ec359f,0.867595831913212,0.8400927940139457,0.8950988698124774,754.0,756.0
2418306,SPY,760.0,2026-06-03,0.03,1780428036,BUY,0.4599997608,2.173912,0xa56e65c78d3bdf6788a1c9adf56b795ebb3130025a992852ad09e1c49280739c,0.4900551709900468,0.4850546080207606,0.4950557339593329,759.0,761.0
2435470,AMZN,255.0,2026-06-05,0.03,1780601974,BUY,0.21,106.14,0x7f9fa93657a5875f9a85f5efe756996541f7293d737f9aae4e86d4101c9b329c,0.34603845799204563,0.3420380133909815,0.35003890259310977,252.5,257.5
2435546,NVDA,210.0,2026-06-05,0.03,1780584868,SELL,0.9,300.0,0x4ed7846df6bea773cbeb32feaeaa8592b1141b3be52bba5a09b74d206199da11,0.8151082727672327,0.790104951516704,0.8401115940177614,207.5,212.5
2435547,NVDA,215.0,2026-06-05,0.03,1780602609,SELL,0.89,35.1,0xb74f44d318bde2dba7bca134be35a990009d7e3c8f0821572e4598f730d4f333,0.8050888275222303,0.7300805516661218,0.8800971033783389,212.5,217.5
2435394,SPY,755.0,2026-06-05,0.03,1780602472,SELL,0.9,100.0,0x58c3a55059f0d821f6eda3817a403876f6a04e45ace0a6fcef59ab78aa03c2d5,0.7750856518661453,0.7500828889027216,0.8000884148295695,754.0,756.0
2469709,SPY,730.0,2026-06-09,0.03,1780940307,BUY,0.9199999985,27.173912,0x68ef54329c701bd4d48a2a893d18d002216762d6f6e8898df38d7bc6b8d837ad,0.9601155539859489,0.8451017115813819,1.0,729.0,731.0
2469708,SPY,735.0,2026-06-09,0.03,1780947171,BUY,0.7699999954,19.480517,0x43c4ef7367fa2dfba710035fdd29c45792cdd2623f516c75f7c816781934c2ae,0.8000893291878571,0.7750865376507363,0.8250921207249776,734.0,736.0
2478396,AAPL,295.0,2026-06-10,0.03,1781016103,BUY,0.39,17.68,0x792e28bce1cfed475cdfd28a20b52d0cb58d9f175180ddb0d5894660025348f7,0.427057141340757,0.4140554016746449,0.440058881006869,292.5,297.5
2478483,GOOGL,370.0,2026-06-10,0.03,1781034526,SELL,0.17000000000000004,52.94,0x07d4b26a9fcf2c6b4ff15624323ec903405b5d110a8a88b6afcd6e57dc4fc59a,0.13301468985482043,0.12201347490442173,0.1440159048052191,367.5,372.5
2478529,NVDA,200.0,2026-06-10,0.03,1781026845,BUY,0.8,50.0,0x1ccc51a3fc696b42dae0f853f0a491959eb447329a5c506246421ea658aacfa9,0.8300997607512942,0.8000961549410064,0.8601033665615818,197.5,202.5
2478531,NVDA,205.0,2026-06-10,0.03,1781022316,BUY,0.24,33.33,0xaf74273776b20afe32372cd7a1998941ac1df32061696916ac10c04b139e2dbe,0.29303690010623623,0.2880362704115906,0.2980375298008819,202.5,207.5
2478533,NVDA,210.0,2026-06-10,0.03,1781029422,BUY,0.2,83.33,0xc51e1d867c41ee480938dbf4cc404dc6c0c70e543fb9c557288a2d281dbe3dd4,0.24402852961298288,0.24202829576369614,0.24602876346226962,207.5,212.5
2478421,SPY,715.0,2026-06-10,0.03,1781021388,SELL,0.98,10.06,0x8dd736e966167e7f276aa7328313194427cd0661b13fdf00e239d8d478f14851,0.8901131333695335,0.8451074131429841,0.9351188535960838,714.0,716.0
2478513,TSLA,390.0,2026-06-10,0.03,1781029866,BUY,0.69,32.25,0x5306386d03c068596823c3e27108fd1d440db14996709a18f61ec849e20f0dcc,0.7300849438305974,0.6900802893741262,0.7700895982870685,387.5,392.5
2478514,TSLA,400.0,2026-06-10,0.03,1781021839,SELL,0.25,40.0,0xf1c73d77ba0a67c874f59012da792feaa0decaf59a6d1506da42ca9cba346bfc,0.21102670078998054,0.20202556189372545,0.22002783968623563,397.5,402.5
2505543,GOOGL,350.0,2026-06-12,0.03,1781199826,BUY,0.63,21.62,0xdfe5710dfcc2f0688e7b4ec29bc9b335114ed84d68ec69b777fd4d7f71f7c279,0.6850821753878106,0.6000719784418778,0.7700923723337432,347.5,352.5
2505544,GOOGL,355.0,2026-06-12,0.03,1781198955,BUY,0.21,59.52,0xbf51d3d4f8816cc796d67a9000e3688712bd3af205990baab5fcfec851bd1497,0.271032809691437,0.24803002510507885,0.294035594277795,352.5,357.5
2505545,GOOGL,360.0,2026-06-12,0.03,1781194515,BUY,0.08,2.85,0xbe4eed2fd4fdb9585a85b975e90da4942e3072fa204cb30180976f4f265c56cf,0.11801495075680161,0.11201419054882865,0.12401571096477458,357.5,362.5
2505570,NVDA,210.0,2026-06-12,0.03,1781199009,BUY,0.07,5.22,0xdc9e64ad391a07f4ada631771beb4789aa38f52605b8c574245b290a0e6548bf,0.1070129470503597,0.10001210004706514,0.11401379405365426,207.5,212.5
2505562,TSLA,390.0,2026-06-12,0.03,1781206258,BUY,0.68,10.0,0x00efeef1210bcb8a2ac70e311c5114537dbdbf4de12104387ae0116066203898,0.7200804994769486,0.690077145332076,0.7500838536218215,387.5,392.5
2551883,SPY,755.0,2026-06-16,0.03,1781549280,BUY,0.5199999896,3.846152,0x1488097bbafcdb5e120af59c2e73f605c320dbd366e18b4e1317ed1b0d15019b,0.5900678943171325,0.5750661681904256,0.6050696204438393,754.0,756.0
2564932,MSFT,390.0,2026-06-17,0.03,1781635028,SELL,0.69,40.0,0x5af0d5d70c68434d2d5d5244478d7aa4158313a6d3d11657127883279f37d819,0.6160713957556108,0.582067455080788,0.6500753364304334,387.5,392.5
2581113,AAPL,300.0,2026-06-18,0.03,1781722712,SELL,0.17000000000000004,52.94,0x9dd4d91aaf28fbbe5e5a32284f8606607c7d9804ebf115494e6cb0dc461ea6ef,0.13501542690877277,0.1260143984481879,0.14401645536935762,297.5,302.5
2581234,META,580.0,2026-06-18,0.03,1781724110,SELL,0.28,32.14,0x7d13e4a0020a7ac0a561c533a8d70088086e20950e8ccfab82d3c0a3d18c3605,0.24302733749652283,0.20802339999702366,0.278031274996022,577.5,582.5
2681215,MSFT,350.0,2026-06-26,0.03,1782406909,SELL,0.62,150.0,0x715ca9a0d810a135f05b71abb9d54e1b9a690d156e3eb53ecfcc0db7c6ec8ef8,0.5850720468448483,0.5500677363498573,0.6200763573398391,347.5,352.5
2742829,AAPL,285.0,2026-07-01,0.03,1782848887,SELL,0.77,100.0,0x12c03bb5e0bf9b7a97c173789a063112ed7ab73d7c49d97b56f837d72b9dad1a,0.7310807751410673,0.6780749186670912,0.7840866316150435,282.5,287.5
2742834,SPY,740.0,2026-07-01,0.03,1782842461,BUY,0.85,25.0,0xd27b31bb24078b628651eacc605edfb128eb56ab687cee9a5ffc66718d093825,0.8826047096202688,0.8601020399698938,0.9051073792706436,739.0,741.0
2830446,META,610.0,2026-07-08,0.03,1783442114,BUY,0.4,10.0,0xb7211a46a4f5152126b0ae39a5589ebbf5535fde426169ce370b65073c17a5e8,0.44005507934769605,0.40005007213426913,0.4800600865611229,607.5,612.5
2830449,META,620.0,2026-07-08,0.03,1783447325,BUY,0.29,9.85,0x4a58894a691d9853d10ff1c3719e43185f5ed1eb72fc50b108e0be0eb49b1790,0.3270387723707356,0.27003201388409354,0.3840455308573774,617.5,622.5
2921278,AMZN,255.0,2026-07-15,0.03,1784057258,BUY,0.037,36.72,0xc29f414e6fff8dee42ed4ec09a71e31358bbd7696beaa832eb80987b2c9d53f8,0.07900885262433023,0.07600851644872277,0.08200918879993771,252.5,257.5
3220739,SPY,730.0,2026-07-31,0.03,1785435299,BUY,0.83,31.3253,0x20801c2ddc7094e9e210159eb77b253fa22ffe9c3bf97f5693de2071eb588cdd,0.9101070051619048,0.8901046534001041,0.9301093569237053,729.0,731.0
1804736,AAPL,255.0,2026-04-01,0.05,1774974295,BUY,0.1,13.0,0x2d75ecdd60ff6b975644e80be04b9ec51c59f8fb711e5bfc47bfd289a8a2107e,0.1710215401122501,0.16802116221554397,0.17402191800895622,252.5,257.5
1805047,GOOGL,285.0,2026-04-01,0.05,1774975199,BUY,0.35,10.0,0xb4b6b212d40b9337bde3369348e41e828a3134efb79d95c73e5b010db58db38c,0.41205142534512945,0.3980496778819454,0.42605317280831345,282.5,287.5
1805137,NVDA,175.0,2026-04-01,0.05,1774973665,BUY,0.09,5.0,0x4d4c8816f56ce53364b9ef8a823480903fbee55ea6c4dacc8a2b9864b2e5a7db,0.15501964853724953,0.1520192682429802,0.1580200288315189,172.5,177.5
1805105,TSLA,360.0,2026-04-01,0.05,1774975147,BUY,0.74,5.0,0x75ef4f48e6d5707589543515db2db20c5cba4b1d1ae7a8536f795d0aec4d288f,0.800099907810768,0.7800974101154987,0.8201024055060373,357.5,362.5
1815601,AAPL,255.0,2026-04-02,0.05,1775071129,BUY,0.48,10.69,0xb49b36c76e6f336812032d6183da7687c4f72853f6979122a7c06c0f1bb9f411,0.5580629031114647,0.5400608739788367,0.5760649322440926,252.5,257.5
1815662,AMZN,210.0,2026-04-02,0.05,1775069561,BUY,0.49,11.09,0x1f2fc4cdc603ec6a2278f7489eaa15981a5eeb363cb7b6ec630e709095208df8,0.54506252166685,0.5320610303243379,0.5580640130093619,207.5,212.5
1815686,TSLA,380.0,2026-04-02,0.05,1775055933,BUY,0.55,36.0,0xac467e0125bc41ad5384ec6aa28f3b912e6cee8783c2fd9e1b919ddb42238b5c,0.6050798638895309,0.5900778837930964,0.6200818439859656,377.5,382.5
1906107,AAPL,250.0,2026-04-08,0.05,1775574689,BUY,0.25,100.0,0x5a743fc04122265911a4adac10fc9994a9d459e3a9c8515374ccecb1294a2adc,0.31604157132376276,0.31004078199483054,0.3220423606526949,247.5,252.5
1906109,AAPL,260.0,2026-04-08,0.05,1775581255,BUY,0.03,5.15,0x21270337f7ba855dec3076d20e3d69c95157b9aa369af6ce5fd3740fc3505251,0.08100998126560766,0.06400788643208505,0.09801207609913025,257.5,262.5
1926946,AMZN,230.0,2026-04-10,0.05,1775746097,BUY,0.21,126.58,0xf33df3f2ff237993b39f57f0bdaf3d924072bff71f57f0496c1fb0153b3d4988,0.2830377297459547,0.2780370631426693,0.2880383963492401,227.5,232.5
1926965,GOOGL,320.0,2026-04-10,0.05,1775750589,BUY,0.34,10.0,0x427915a0996252b05e1efb5c43893294b283354805d759a3703e857f5630dbfa,0.40905219751999805,0.40005104891931353,0.4180533461206826,317.5,322.5
1979966,META,650.0,2026-04-15,0.05,1776176903,BUY,0.54,67.424,0x0d9ef118e22248e64db6a47b5c408d984991d50c94b80b287bf77f534db800b3,0.5900795528386845,0.5500741594258924,0.6300849462514767,647.5,652.5
1979989,NVDA,195.0,2026-04-15,0.05,1776180317,BUY,0.32,27.4224,0x919f6b9a807ee64acfc20ba8b7a9140429fecce40656abee5b149a56218bab85,0.37404880866658596,0.37004828664876155,0.37804933068441043,192.5,197.5
2042766,AAPL,270.0,2026-04-22,0.05,1776796598,BUY,0.22,42.61392,0x00016aa92ba32f83d7dbd13315b75c57bd635e9e8fbb77f19f3e0ce8ef8e2fb9,0.27403176763037085,0.26603084010831624,0.28203269515242546,267.5,272.5
2059480,TSLA,370.0,2026-04-24,0.05,1776966130,SELL,0.5900000000000001,238.2,0x8f82a3b0aa73a7c3be245cea6752cc7ac47b7793e7d29404f900e32000cfded0,0.5350642459297567,0.5100612437835064,0.560067248076007,367.5,372.5
2165323,NVDA,200.0,2026-05-06,0.05,1777997526,BUY,0.26,3490.91,0x5003dab2b8664344bedd0f1a181fc81ed91516708366423bae64dd1609149c75,0.31904049420619696,0.31604011338294125,0.3220408750294528,197.5,202.5
2164993,SPY,720.0,2026-05-06,0.05,1777994546,BUY,0.75,20.0,0xb2c4c06debd7772dac171876915767c39ced3005cead1be5f5d7af3dae1c5fa9,0.8101058843173295,0.7901032698897409,0.8301084987449177,719.0,721.0
2174154,SPY,730.0,2026-05-07,0.05,1778095303,BUY,0.7899999989,18.987338,0x512b8ef36a8c6aa985e031c32662aaf7fe1c35e06048c88a0d761d5565ec6919,0.8400945074469619,0.8200922572696535,0.8600967576242707,729.0,731.0
2229812,SPY,735.0,2026-05-12,0.05,1778524992,BUY,0.78,9.96,0xee17b318431ad3a796f4327e2fd939590fc42f0f962e8bc199a3df24d079d95a,0.8625995673904455,0.84009696998026,0.885102164800631,734.0,736.0
2229809,SPY,745.0,2026-05-12,0.05,1778521130,BUY,0.1,200.0,0x5df4f19b9e41d142292b52fdbbc03dc8957e58bf930510efd06557dd3de26910,0.17002045772500343,0.16501985602720926,0.17502105942279766,744.0,746.0
2249728,SPY,745.0,2026-05-14,0.05,1778689468,BUY,0.22,8.23,0xc1cdca09cd286fc47a4a2f1c1fe496382aba567c235bbd05097cf2ed8f83b741,0.287536224948136,0.28003527994948907,0.2950371699467831,744.0,746.0
2291999,SPY,745.0,2026-05-19,0.05,1779117654,SELL,0.18000001639999996,6.097555,0xb64e28b3ae05eddfa9c992e35d45323137fcfb35ca5f66e867e657db8ede74dc,0.10001308380867142,0.09501242961823785,0.105013737999105,744.0,746.0
2301799,SPY,730.0,2026-05-20,0.05,1779211526,BUY,0.76,14.99,0xca72aa379944357cba34c6f218a4ed491276465cfce0509a13259640a854dca2,0.8601043691433354,0.8351013351566102,0.8851074031300606,729.0,731.0
2302021,TSLA,400.0,2026-05-20,0.05,1779199341,SELL,0.43999999999999995,6.0,0x677504615f993b47f50a9780e033e75bde2ba6fb10f71d38b5da9c021dbf0b8c,0.3850526744744335,0.3700506222221829,0.4000547267266841,397.5,402.5
2320763,SPY,735.0,2026-05-22,0.05,1779387058,BUY,0.8899999982,16.853927,0xdcac02baa8849920d5677201ff5197e0ca2d0be8250506f407a7b2088f2c4d00,0.9626134727905767,0.8551007992061748,1.0,734.0,736.0
2320762,SPY,740.0,2026-05-22,0.05,1779383822,BUY,0.55,5.0,0xb8301e6ba69fbe9088a8ef7036318fcbcac65706cf8d42a245f65c7455f3cb2e,0.6900841791831691,0.6600805192186835,0.7200878391476547,739.0,741.0
2320761,SPY,745.0,2026-05-22,0.05,1779372148,BUY,0.22,7.96,0x01ca0381406fe8152a66195b99a971580173d08c8d40c39b2da9ba827932f3b1,0.31004241046039355,0.300041042381026,0.3200437785397611,744.0,746.0
2320760,SPY,750.0,2026-05-22,0.05,1779384116,BUY,0.08,500.0,0x77c66a3bd1285e923cf8f52af77bb4978a22e401924e207a50f5c34451f7f261,0.1425173316855642,0.13501641949158713,0.15001824387954127,749.0,751.0
2418335,MSFT,440.0,2026-06-03,0.05,1780421736,SELL,0.69,7.0,0x6ab9909fbbd2e710db539028173dc74c8060376050796366ce42fd36c7fe402d,0.6100735572504477,0.5200627045413652,0.7000844099595301,437.5,442.5
2435470,AMZN,255.0,2026-06-05,0.05,1780601974,BUY,0.21,106.14,0x7f9fa93657a5875f9a85f5efe756996541f7293d737f9aae4e86d4101c9b329c,0.34603845799204563,0.3420380133909815,0.35003890259310977,252.5,257.5
2435546,NVDA,210.0,2026-06-05,0.05,1780584868,SELL,0.9,300.0,0x4ed7846df6bea773cbeb32feaeaa8592b1141b3be52bba5a09b74d206199da11,0.8151082727672327,0.790104951516704,0.8401115940177614,207.5,212.5
2435547,NVDA,215.0,2026-06-05,0.05,1780602609,SELL,0.89,35.1,0xb74f44d318bde2dba7bca134be35a990009d7e3c8f0821572e4598f730d4f333,0.8050888275222303,0.7300805516661218,0.8800971033783389,212.5,217.5
2435394,SPY,755.0,2026-06-05,0.05,1780602472,SELL,0.9,100.0,0x58c3a55059f0d821f6eda3817a403876f6a04e45ace0a6fcef59ab78aa03c2d5,0.7750856518661453,0.7500828889027216,0.8000884148295695,754.0,756.0
2478531,NVDA,205.0,2026-06-10,0.05,1781022316,BUY,0.24,33.33,0xaf74273776b20afe32372cd7a1998941ac1df32061696916ac10c04b139e2dbe,0.29303690010623623,0.2880362704115906,0.2980375298008819,202.5,207.5
2478421,SPY,715.0,2026-06-10,0.05,1781021388,SELL,0.98,10.06,0x8dd736e966167e7f276aa7328313194427cd0661b13fdf00e239d8d478f14851,0.8901131333695335,0.8451074131429841,0.9351188535960838,714.0,716.0
2505543,GOOGL,350.0,2026-06-12,0.05,1781199826,BUY,0.63,21.62,0xdfe5710dfcc2f0688e7b4ec29bc9b335114ed84d68ec69b777fd4d7f71f7c279,0.6850821753878106,0.6000719784418778,0.7700923723337432,347.5,352.5
2505544,GOOGL,355.0,2026-06-12,0.05,1781198955,BUY,0.21,59.52,0xbf51d3d4f8816cc796d67a9000e3688712bd3af205990baab5fcfec851bd1497,0.271032809691437,0.24803002510507885,0.294035594277795,352.5,357.5
2551883,SPY,755.0,2026-06-16,0.05,1781549280,BUY,0.5199999896,3.846152,0x1488097bbafcdb5e120af59c2e73f605c320dbd366e18b4e1317ed1b0d15019b,0.5900678943171325,0.5750661681904256,0.6050696204438393,754.0,756.0
2564932,MSFT,390.0,2026-06-17,0.05,1781635028,SELL,0.69,40.0,0x5af0d5d70c68434d2d5d5244478d7aa4158313a6d3d11657127883279f37d819,0.6160713957556108,0.582067455080788,0.6500753364304334,387.5,392.5
3220739,SPY,730.0,2026-07-31,0.05,1785435299,BUY,0.83,31.3253,0x20801c2ddc7094e9e210159eb77b253fa22ffe9c3bf97f5693de2071eb588cdd,0.9101070051619048,0.8901046534001041,0.9301093569237053,729.0,731.0
2301799,SPY,730.0,2026-05-20,0.1,1779211526,BUY,0.76,14.99,0xca72aa379944357cba34c6f218a4ed491276465cfce0509a13259640a854dca2,0.8601043691433354,0.8351013351566102,0.8851074031300606,729.0,731.0
2320762,SPY,740.0,2026-05-22,0.1,1779383822,BUY,0.55,5.0,0xb8301e6ba69fbe9088a8ef7036318fcbcac65706cf8d42a245f65c7455f3cb2e,0.6900841791831691,0.6600805192186835,0.7200878391476547,739.0,741.0
2320761,SPY,745.0,2026-05-22,0.1,1779384048,BUY,0.3,6.87,0xe0d7b1a2b46f0e6f0a30ebb56edd045a64e0fd6f9b14f43ca59e00880c122ceb,0.40004868484989464,0.38504685916802356,0.4150505105317658,744.0,746.0
2435470,AMZN,255.0,2026-06-05,0.1,1780601974,BUY,0.21,106.14,0x7f9fa93657a5875f9a85f5efe756996541f7293d737f9aae4e86d4101c9b329c,0.34603845799204563,0.3420380133909815,0.35003890259310977,252.5,257.5
2435394,SPY,755.0,2026-06-05,0.1,1780602472,SELL,0.9,100.0,0x58c3a55059f0d821f6eda3817a403876f6a04e45ace0a6fcef59ab78aa03c2d5,0.7750856518661453,0.7500828889027216,0.8000884148295695,754.0,756.0
