result_month,pnl,book
2024-10,192.7423421281214,buyers
2024-11,-8.623881736596488,buyers
2024-12,134.15946511255436,buyers
2025-01,-372.7195077588092,buyers
2025-02,-3.092065451720808,buyers
2025-03,37.84919807604404,buyers
2025-04,-54.24002985900316,buyers
2025-05,59.86271120898009,buyers
2025-06,-69.63445850311774,buyers
2025-07,-120.51541250390713,buyers
2025-08,491.3533998344099,buyers
2025-09,-820.8427338393658,buyers
2025-10,245.64533255737052,buyers
2025-11,319.69126714911977,buyers
2025-12,-428.90478754129964,buyers
2026-01,-11.977525499530941,buyers
2026-02,434.56205499040016,buyers
2026-03,-250.13360083468194,buyers
2026-04,-324.13882709509284,buyers
2026-05,-327.40106996254224,buyers
2026-06,-149.5467725711385,buyers
2026-07,-402.0553113634933,buyers
2026-08,-369.7027862873344,buyers
2026-09,-584.8073372666732,buyers
2026-10,-102.76842044679643,buyers
