meeting,outcomes_used,ticker,direction,days,nights_with_a_move,gap_bp_per_point,gap_t,intraday_bp_per_point,intraday_t,nights_10pt,gap_on_10pt_nights_bp,verdict
april 2026,+25 -25 -50,TLT,up_on_yes,113,109,-0.3614519403932115,-0.03905343022380948,0.08324365912360367,0.0397288647673643,0,,unproven
april 2026,+25 -25 -50,IEF,up_on_yes,113,109,0.9418138934578317,0.20236473474480132,-0.24772565526649773,-0.31432315944623374,0,,unproven
april 2026,+25 -25 -50,SHY,up_on_yes,113,109,-0.6734896226517505,-0.3576024296171081,-0.13317374141152202,-0.641947822450018,0,,unproven
december 2025,+25 -25 -50,TLT,up_on_yes,49,48,5.5382983671254875,3.0424191484324257,3.290945143002512,2.192119212296814,0,,confirmed
december 2025,+25 -25 -50,IEF,up_on_yes,49,48,3.861616833733025,4.975010927089056,2.6170631772830726,2.050951267782452,0,,confirmed
december 2025,+25 -25 -50,SHY,up_on_yes,49,48,1.0679506774897471,3.88362155173246,1.1441818536339288,2.771977689954179,0,,confirmed
january 2026,+25 -25 -50,TLT,up_on_yes,81,79,-0.22065409985620213,-0.04755308169823992,1.9228731552561864,1.224847005871623,0,,unproven
january 2026,+25 -25 -50,IEF,up_on_yes,81,79,2.142203075570296,0.9473440515530649,1.0517605297864852,1.760731449138399,0,,unproven
january 2026,+25 -25 -50,SHY,up_on_yes,81,79,0.7298741622775677,1.0429850902609197,0.03655067868111515,0.23001193515521073,0,,unproven
july 2026,+25 +50 -25 -50,TLT,up_on_yes,89,89,-0.4320329538730139,-0.14487713571311303,-1.589116619715789,-1.0383634915497866,0,,unproven
july 2026,+25 +50 -25 -50,IEF,up_on_yes,89,89,1.6068073060552999,0.7924973939406614,1.3333452286728782,2.291153271454518,0,,unproven
july 2026,+25 +50 -25 -50,SHY,up_on_yes,89,89,1.2791463524734787,1.7036044994500197,0.7412244934048007,1.8714984109839783,0,,unproven
june 2026,+25 +50 -25 -50,TLT,up_on_yes,128,125,-0.9860220818268276,-0.2260667504879203,0.4762725735793303,0.4305878160898109,0,,unproven
june 2026,+25 +50 -25 -50,IEF,up_on_yes,128,125,2.066212831676033,0.9000881671309695,0.5670082218909779,0.9699492651133316,0,,unproven
june 2026,+25 +50 -25 -50,SHY,up_on_yes,128,125,1.0202632675832146,1.133811450061597,0.2706858658727255,1.6816323637808361,0,,unproven
march 2026,+25 -25,TLT,up_on_yes,95,88,-4.188648919532629,-0.513481006370126,2.175644317212085,1.0132295875239243,0,,unproven
march 2026,+25 -25,IEF,up_on_yes,95,88,-0.3754684419611143,-0.09388186296533121,1.4692854546418619,1.4331649173029792,0,,unproven
march 2026,+25 -25,SHY,up_on_yes,95,88,-0.07297429115444934,-0.04279132978894997,0.5607925104231782,2.297927060285954,0,,unproven
