horizon,n,mean_ratio,ci_lo,ci_hi,median_ratio,share_above_1
1,7,2.3911007833262587,0.9696179668393704,3.8111917566029097,1.759743249930882,0.5714285714285714
2,7,2.5001035016367044,0.9781920852710473,3.9467451438402192,2.5386924170970864,0.5714285714285714
3,7,2.326583368162884,1.0660047937613828,3.7219035475747706,1.8097386371687982,0.5714285714285714
5,7,2.1550354115477193,1.2479243343474404,3.255023325491667,1.3383218609006053,0.7142857142857143
10,6,1.7978244253569677,0.7805499350074258,2.8612373355919374,1.6272048501303666,0.6666666666666666
21,6,1.5694485258929864,0.8498707962676345,2.3005065275650947,1.538892806788307,0.6666666666666666
42,7,1.1722571884377622,0.6666697016428571,1.6316697504465043,1.3297624114300544,0.5714285714285714
63,5,0.6243520243530435,0.1946968464560824,1.117306333656272,0.6501956556396701,0.2
exp,6,0.791513846113432,0.44779489696737335,1.189160857870301,0.6384171546559521,0.3333333333333333
