id,cond,tok,tk,k,kind,reopening,res_date,w0,w1,exp_close,fees_listing,listed,empty_window,n_strikes
5202990,0x0dbe23b0607d0aa1797e7355dd598a9fa35300e8b2ab0671fe1e2a16f8f9989e,1354264150335046350280677647894996102349193660768198283444349684027956318388,AAPL,320.0,daily,2026-10-05,2026-10-05,1791207900,1791230100,1791230400,True,2026-10-02T12:14:09Z,False,48
5202991,0x8de4b2d619cc0bd93b5503dc3a5d8a2abc082bc368f6faaf59f1a4374adfe75e,79051931873564605988090350156829717307177227246102840944372933469651275666715,AAPL,325.0,daily,2026-10-05,2026-10-05,1791207900,1791230100,1791230400,True,2026-10-02T12:14:09Z,False,48
5202992,0x88c5c8c41acb8e261486fbc2648ac64d2df93358bcf86940637fa5c1c22061e4,101274538886553422415545186973587602575769566370735883915013570326220735323304,AAPL,330.0,daily,2026-10-05,2026-10-05,1791207900,1791230100,1791230400,True,2026-10-02T12:14:09Z,False,48
5202993,0xe0492acc462724259637624d8e7dc2e66f06d96ec9c5757183d91e29aaedf1f0,90103643981525678021394211367841268370535034660112946294595846615271666374071,AAPL,335.0,daily,2026-10-05,2026-10-05,1791207900,1791230100,1791230400,True,2026-10-02T12:14:37Z,False,48
5202994,0x15ef26378df299031c2bfbd3173d9b34f36e3362e6c6a144bbc38aab8ecf0b29,30523882460952320213671301381916423976434040468164289066786263922734805576134,AAPL,340.0,daily,2026-10-05,2026-10-05,1791207900,1791230100,1791230400,True,2026-10-02T12:14:04Z,False,48
5203003,0xe6614be68f4c7285038290bc10e2fd2fdd99ab23297c992e4a7d6f4e0873dded,69981311261018547984522160426555126345960657423230344641192628406722629679451,AMZN,240.0,daily,2026-10-05,2026-10-05,1791207900,1791230100,1791230400,True,2026-10-02T12:14:09Z,False,45
5203004,0x5dc45b6b3999659c6654ddda2ad661141a22f755373661927c947b0025b3df59,53603853546681873840219740331124428852745301423427847077826759824051170131208,AMZN,245.0,daily,2026-10-05,2026-10-05,1791207900,1791230100,1791230400,True,2026-10-02T12:14:04Z,False,45
5203005,0x0b4e5f6f950a6ded77b2e43d9554c0713b81107d6e37c9a930567ae22075d83e,31099458182493486605212516561109790923883331350449421129602018026148649739591,AMZN,250.0,daily,2026-10-05,2026-10-05,1791207900,1791230100,1791230400,True,2026-10-02T12:14:04Z,False,45
5203006,0xa7938ebbfc4eb18db4f773986109af269aa2bfd5b9778e69035a5c3dc1e6acf1,59390595469331701639060660115676414443211218715421380362195737030632755904572,AMZN,255.0,daily,2026-10-05,2026-10-05,1791207900,1791230100,1791230400,True,2026-10-02T12:14:08Z,False,45
5203007,0x3ed594d230ad637b4d738c2741fb20dae3bddfda8d1bb204108db18f3304f2a8,62377114664026762561184897061366142925999520958297430249372844151773949403421,AMZN,260.0,daily,2026-10-05,2026-10-05,1791207900,1791230100,1791230400,True,2026-10-02T12:14:09Z,False,45
5203010,0x3ea11d8cf723ffd3356035637c797c5b6bc08e6b14ee90d508775b7783cdbe62,110712023981980735226710900767249965858216882472343888738620153750543606101759,GOOGL,330.0,daily,2026-10-05,2026-10-05,1791207900,1791230100,1791230400,True,2026-10-02T12:14:09Z,False,53
5203011,0x0b66482bb82fdde5aceaffee8ba422f8c371f52128b00be2869236c31fcc726e,100435480322915832144672304283242406583178294268039927272608858494822666137761,GOOGL,335.0,daily,2026-10-05,2026-10-05,1791207900,1791230100,1791230400,True,2026-10-02T12:14:04Z,False,53
5203012,0x0abb2347d129eb4d4be6b9c50ee0dcdc6e81367ece47635c87fea75725e63d7c,33942145808178512484747696631044155949804182845935173455930262006500036922551,GOOGL,340.0,daily,2026-10-05,2026-10-05,1791207900,1791230100,1791230400,True,2026-10-02T12:14:04Z,False,53
5203013,0xdd8512d77db9ca99a97b097c42f3bd0b30575c76f99a12f0cddcbb4c3a79daa9,54171164513357339828635904590725397685496311059562848577719064177557512940796,GOOGL,345.0,daily,2026-10-05,2026-10-05,1791207900,1791230100,1791230400,True,2026-10-02T12:14:09Z,False,53
5203014,0xc1d34f7ddb9b2ceda949056cb87006055d789f60b9baddea637f6af900c647ef,42994743046966738036496422156441858964125152549416092154436633557190124183829,GOOGL,350.0,daily,2026-10-05,2026-10-05,1791207900,1791230100,1791230400,True,2026-10-02T12:14:37Z,False,53
5203016,0x332dbfb8a4d46cbe8f306667f28f2c1247eac92b53dc916292bc2fd5fa44ad69,64124523475745154231479369000380240761511621514039959950988126408683764468619,META,710.0,daily,2026-10-05,2026-10-05,1791207900,1791230100,1791230400,True,2026-10-02T12:14:37Z,False,170
5203017,0x8b97ad9bdd2b88e6651913d13f916837f8e5ac6abca1bc7d8a12c6a53e31adf8,15564116503038217148360577107976348477718260872221974166488570450620545310584,META,720.0,daily,2026-10-05,2026-10-05,1791207900,1791230100,1791230400,True,2026-10-02T12:14:04Z,False,170
5203019,0x3c65db40f9941a5324ee1f01b24de2dd4e9a26bd72ca2d3d6816127f24819c37,40163713313946613325646731181786155332886118983469134356106817127715861172792,META,730.0,daily,2026-10-05,2026-10-05,1791207900,1791230100,1791230400,True,2026-10-02T12:14:47Z,False,170
5203020,0xd3277fb0f0766a9bfbe2c0f401ea4af87ab3f1e6caff7c817ff1ba7b1458e2cc,51408400146337814625119343049726106782070208588296876116638843631618987110878,META,740.0,daily,2026-10-05,2026-10-05,1791207900,1791230100,1791230400,True,2026-10-02T12:14:38Z,False,170
5203021,0xa4ac77b9a49eba82590a79760dfcd15375abe551f481e286c1ccdf8ae00b554c,90604461699862492903111540984117756266763386031976755392664654433122514106226,META,750.0,daily,2026-10-05,2026-10-05,1791207900,1791230100,1791230400,True,2026-10-02T12:14:04Z,False,170
5202997,0x634b0718be5e897697b343f0c215f1d8003577dd8523609ab7a238269eb32720,76656624490640771071902544851124785957913465516957529811663827369060664270983,MSFT,500.0,daily,2026-10-05,2026-10-05,1791207900,1791230100,1791230400,True,2026-10-02T12:14:04Z,False,56
5202998,0xfb220ce4a8553200cd4e345aa2fee799542e0e7f69fb280884df76c70b06e86b,82876030473848465312495828645137487536255123101096884556482766214535890048162,MSFT,510.0,daily,2026-10-05,2026-10-05,1791207900,1791230100,1791230400,True,2026-10-02T12:14:09Z,False,56
5202999,0x86be6116b5db335423054d97704730c5632fded0791674aca5c638b5897a1d21,5625725195178770441077481016376693924358194265942433910268463651393971852017,MSFT,520.0,daily,2026-10-05,2026-10-05,1791207900,1791230100,1791230400,True,2026-10-02T12:14:09Z,False,56
5203000,0x7012a0d45c73873fb9fddb94b07943f38ceb82193d5b3ec7d9b394fa2fd0b874,81544267525407589385359244468180433398877643341020367395408357140800623021953,MSFT,530.0,daily,2026-10-05,2026-10-05,1791207900,1791230100,1791230400,True,2026-10-02T12:14:04Z,False,56
5203001,0x1e16365c16fcfce6c1fdf16b8a2a2c9dd25ae5b7bff3100b551044e250d8225f,17510930460037186361423320509637186877739552589481956286231757922447122178390,MSFT,540.0,daily,2026-10-05,2026-10-05,1791207900,1791230100,1791230400,True,2026-10-02T12:14:09Z,False,56
5203029,0x702f0446845b8ab551d8286e4f868e9dd50fd27a7ebc270bfd6cd55c87345f0b,30949154928984113296221631814966302497400274346180035986354430683440110405010,NVDA,225.0,daily,2026-10-05,2026-10-05,1791207900,1791230100,1791230400,True,2026-10-02T12:14:38Z,False,49
5203031,0x18931b9ea8d9bd89f616f68ab698ed0c07c548ca21af4f26f9b4b5884908aee7,16850231016111816872782192071725799970158181171938256457346763808304344177525,NVDA,230.0,daily,2026-10-05,2026-10-05,1791207900,1791230100,1791230400,True,2026-10-02T12:14:38Z,False,49
5203032,0x3985bc3cdcead326b9b165fc95772d6df2dcaedc849ac8559643d0f834149f6d,64637389176753885893890624135044305483869780877291424521581235461250987523767,NVDA,235.0,daily,2026-10-05,2026-10-05,1791207900,1791230100,1791230400,True,2026-10-02T12:14:08Z,False,49
5203034,0xbb4a6b0a6893c15840c342b844798e5272adfc6fb3c76f6d921230970d0a1809,37738356305801313846932290400247635053615732353002293503625728169971372439543,NVDA,240.0,daily,2026-10-05,2026-10-05,1791207900,1791230100,1791230400,True,2026-10-02T12:14:09Z,False,49
5203035,0xbb2a543d6eabea3707cea4adf79c3be9b5c21c904e59de5e21bdecf0ce3c02ce,56878916553599811425999092417418962532244028486696116287188011560857693429052,NVDA,245.0,daily,2026-10-05,2026-10-05,1791207900,1791230100,1791230400,True,2026-10-02T12:14:38Z,False,49
5203064,0xa58dad7ad58c0c96022b655ea492b2e758161fc3d502ab4ef73c452a391abab3,24910870164789429119496943869736328837114401446432205062703288040131509364490,SPY,740.0,daily,2026-10-05,2026-10-05,1791207900,1791230100,1791230400,True,2026-10-02T12:14:04Z,False,151
5203063,0x38860098f4464d6d8d6081f053633720d932f097d622e1801acee6bf1f3c318b,19383765140442464398523943317010024668078131089011157856094925288609762230453,SPY,745.0,daily,2026-10-05,2026-10-05,1791207900,1791230100,1791230400,True,2026-10-02T12:14:09Z,False,151
5203062,0x8462ce640d423827238a3810907a8d041a11caea9dd61cdb8b892cb4f7e9ae2c,85835948576189020238896544195074422992847902665252217613326891769983728179800,SPY,750.0,daily,2026-10-05,2026-10-05,1791207900,1791230100,1791230400,True,2026-10-02T12:14:38Z,False,151
5203061,0xcba61acaa64494603afbc411903cbcb2245ccb01da7dd0af6d3e2aee5986b6cb,52745211576934863408970353129022313589866305444399785511277598769302750770656,SPY,755.0,daily,2026-10-05,2026-10-05,1791207900,1791230100,1791230400,True,2026-10-02T12:14:09Z,False,151
5203060,0xe986fc655e5fc13b906bdcb6580dbd439e9877ca1519e4acb0ac662f041b1e31,112824904924414735381828988312608125409239225650652696353607777979518330436997,SPY,760.0,daily,2026-10-05,2026-10-05,1791207900,1791230100,1791230400,True,2026-10-02T12:14:06Z,False,151
5203058,0xbebbebbcbce616bd2201da66f79dfe80782f8e92ca5258701d9f94583e4367bd,27995236630188400641610638765674843829697848228547801712776289906496257038193,SPY,765.0,daily,2026-10-05,2026-10-05,1791207900,1791230100,1791230400,True,2026-10-02T12:14:06Z,False,151
5203057,0x24567c8af7d7e80681ae97f40e303fef454372240b340a98b2e828f978218b5e,45087845983658009662462769787514643306353942390989398205461216320868625879282,SPY,770.0,daily,2026-10-05,2026-10-05,1791207900,1791230100,1791230400,True,2026-10-02T12:14:04Z,False,151
5203056,0x06a8108db813c7f7efe5e31baad9d4d4b950cc20a5fec35a1af77c4b7acd025d,115054885733620592643146585235891804620409271594532797867132916060987911498985,SPY,775.0,daily,2026-10-05,2026-10-05,1791207900,1791230100,1791230400,True,2026-10-02T12:14:06Z,False,151
5203055,0x147c8d8961b450590b87ae6734914e83c5fe774c79cef21496bdf84640baf637,96814848283714775214321267276801326914860993681777759872746624590430101632869,SPY,780.0,daily,2026-10-05,2026-10-05,1791207900,1791230100,1791230400,True,2026-10-02T12:14:37Z,False,151
5203054,0xfdd220fd16e484c652596be5698e61f818b6efcf932fad12b19854a2bc46dec6,90601448982945881015021807018423078818531034660338910228631514726714563697146,SPY,785.0,daily,2026-10-05,2026-10-05,1791207900,1791230100,1791230400,True,2026-10-02T12:14:04Z,False,151
5203053,0xef1befa44f1e143ae2c0e60c0e109ea3755fdbb571e7bafd99590a4f5517ceda,35513163304227699909969071541634494611851618026355745817927844007134813358844,SPY,790.0,daily,2026-10-05,2026-10-05,1791207900,1791230100,1791230400,True,2026-10-02T12:14:37Z,False,151
5203023,0x84cb5bcd9c64785286957c23d4fb3586ca59ca4d71ef9f0d33e0c8e9c614223a,64056358620263318196555455234486849101092150352800427217945251783140225070292,TSLA,340.0,daily,2026-10-05,2026-10-05,1791207900,1791230100,1791230400,True,2026-10-02T12:14:09Z,False,66
5203024,0xcf1a0fbc9e35af18a6ab6c9eb56278bcaa088ac2d631a3ea1167b52073e4f1ff,31457081827965269817134031363422345915577975834631203512481539700856881927587,TSLA,350.0,daily,2026-10-05,2026-10-05,1791207900,1791230100,1791230400,True,2026-10-02T12:14:09Z,False,66
5203025,0x015cf456c100503af4ff6ee50af8d9c356e45676881b2a76a8f5cfe66d68ed07,30002023696708019129344446476941320529365768250023248968812974193678729115463,TSLA,360.0,daily,2026-10-05,2026-10-05,1791207900,1791230100,1791230400,True,2026-10-02T12:14:08Z,False,66
5203026,0x7db6f3a757278736d643c6df4582f7ab0cce360989bcb5db2d0e1381310b71f3,67833944162748877399681623914795247459422768939102502523313589470753285951634,TSLA,370.0,daily,2026-10-05,2026-10-05,1791207900,1791230100,1791230400,True,2026-10-02T12:14:38Z,False,66
5203027,0x0b30b1900d2a93cfc0e84b23438967c9aa1181e34b3467d58c91b115a3bf1c04,33694707596029745954541968128282465452490292940776840797114751270916149560073,TSLA,380.0,daily,2026-10-05,2026-10-05,1791207900,1791230100,1791230400,True,2026-10-02T12:14:08Z,False,66
5218306,0xf8e4a877c53c3187dca970d7b98945c4f886289baa436ec2d9b2618364d1660a,31274061240647252675083363285919073933662765149568541598726094419642425521192,AAPL,305.0,weekly,2026-10-05,2026-10-09,1791207900,1791230100,1791576000,True,2026-10-02T22:00:11Z,False,74
5218308,0x585bd20048fccecabf94715a2836dbd0318e6df14d38be38c98c2e186904a378,99760651996658921532415921087679257502038634161181421992658086703997580185764,AAPL,310.0,weekly,2026-10-05,2026-10-09,1791207900,1791230100,1791576000,True,2026-10-02T22:00:12Z,False,74
5218310,0x05da01cec4bb2d003e68267b7ab75fb0f76d324628f530f0886e6231877d02d4,69233398905253301485476279631147619801588061227018259048436673051105026392430,AAPL,315.0,weekly,2026-10-05,2026-10-09,1791207900,1791230100,1791576000,True,2026-10-02T22:00:12Z,False,74
5218314,0xfa4ec6bfdf9e922bdc7efa7c690c5abce9922bca27297850d23d618b19ff357c,83268402977485058376637510230257780881420202191349840071507723609050277289241,AAPL,320.0,weekly,2026-10-05,2026-10-09,1791207900,1791230100,1791576000,True,2026-10-02T22:00:11Z,False,74
5218316,0x3679dabc67639499da67daeadb8be48e2b4fc4b8c5359f700bfc26a6371eaab4,30818238728843068778323011685258622318577369788747941377638631319610999331453,AAPL,325.0,weekly,2026-10-05,2026-10-09,1791207900,1791230100,1791576000,True,2026-10-02T22:00:12Z,False,74
5218319,0x0a6f9625a05274fe2d31c4606ba2243e3dfff56dcd0b19d03ba2f7f4f81b3615,57010141037631854589349669045155064291330600708422512105476072094106453732424,AAPL,330.0,weekly,2026-10-05,2026-10-09,1791207900,1791230100,1791576000,True,2026-10-02T22:00:11Z,False,74
5218322,0x3377215a376447fe849d7ca1b8005dbfb1b085ddc7bc6823d6141b98542e39c7,98351832776408105609617152797388024552128884654014497022084163733894155158350,AAPL,335.0,weekly,2026-10-05,2026-10-09,1791207900,1791230100,1791576000,True,2026-10-02T22:00:12Z,False,74
5218325,0x9455c00a11de55224a1f0edb191f879b0582687edb7849190766b58361b68066,67066326755853348912878387891214980616579391867407528007864292151156453908750,AAPL,340.0,weekly,2026-10-05,2026-10-09,1791207900,1791230100,1791576000,True,2026-10-02T22:00:12Z,False,74
5218328,0x2eda9b5ee23f668a5ba59bfc48863a825f90cd30eb51f009e38bd16f256c9b14,1186987805016571091707073767831664561155819324396165116647519764773135501122,AAPL,345.0,weekly,2026-10-05,2026-10-09,1791207900,1791230100,1791576000,True,2026-10-02T22:00:12Z,False,74
5218331,0xf0092f35d5989ea79291372a8eb427c9ecbb6df5265b9a2d2728b5964497acf0,22033282893366114074757684408172173354979745831724050260218752069346875689989,AAPL,350.0,weekly,2026-10-05,2026-10-09,1791207900,1791230100,1791576000,True,2026-10-02T22:00:11Z,False,74
5218334,0xfdaaf28705dfbf040321851de11ef97b8b772f823596f7fdf9e8a6f5d7acde4b,2835665463293867111974571008142242921630128230952533095014178749138764459344,AAPL,355.0,weekly,2026-10-05,2026-10-09,1791207900,1791230100,1791576000,True,2026-10-02T22:00:12Z,False,74
5218338,0x797bfacd30166c604ef451c3c63d8a308531d80d0444060268701a05904b52ca,16297198054412798579583706841688932856693667580302388114845703528630479874649,AAPL,360.0,weekly,2026-10-05,2026-10-09,1791207900,1791230100,1791576000,True,2026-10-02T22:00:11Z,False,74
5218340,0xe59f826210da9cf56fdddfcc3b7b5130f28af5c1e84681a410700143dd55418f,108157299601980088725646804765998420984397988837335869249619670767767308281847,AAPL,365.0,weekly,2026-10-05,2026-10-09,1791207900,1791230100,1791576000,True,2026-10-02T22:00:11Z,False,74
5218409,0x4ab6bb6e6d4f4a2a9819f84412f1316694a495051f03fccc2fca01de2a5144d4,113919179256586871288012488160265262538538323357620730750928649572978826787156,AMZN,220.0,weekly,2026-10-05,2026-10-09,1791207900,1791230100,1791576000,True,2026-10-02T22:00:18Z,False,54
5218412,0x5a97144be38ebb90c1182627a210a7abbd241d2ee7981f0356b3a530a95cc81f,46105535343583176850772185068180065706398955053538913298080862769612980904971,AMZN,225.0,weekly,2026-10-05,2026-10-09,1791207900,1791230100,1791576000,True,2026-10-02T22:00:18Z,False,54
5218415,0x95a2a4cdf15449a9ff5cfc556cba8ccf08f042fea5a295dccc46b5bee67f77c5,91708924270524464224227565057448847693019917151780724339147861584138837168607,AMZN,230.0,weekly,2026-10-05,2026-10-09,1791207900,1791230100,1791576000,True,2026-10-02T22:00:20Z,False,54
5218418,0xe3b645bc472c398ff59aab2e01ab0650fa3f4f70c383a07fd878d2fb075b1fab,35154652505211436791821083228230017956910582265285043037366514591061169943057,AMZN,235.0,weekly,2026-10-05,2026-10-09,1791207900,1791230100,1791576000,True,2026-10-02T22:00:21Z,False,54
5218421,0x5daa3abdd9de871bfdbd3c406bcbcddb0503bc469d2d95ccbdf13c2186e8bc39,48021829925853494103603670357968767250379665510141097953649697068729275636102,AMZN,240.0,weekly,2026-10-05,2026-10-09,1791207900,1791230100,1791576000,True,2026-10-02T22:00:21Z,False,54
5218424,0x4658e56cf7627745d649a70511ded3b0e53a74610014efa2f962aa953635f182,48303944661110475457287629962432631050349273550769958725095412530273725626730,AMZN,245.0,weekly,2026-10-05,2026-10-09,1791207900,1791230100,1791576000,True,2026-10-02T22:00:21Z,False,54
5218427,0x7d0b1601452f564f224c2873e027fa809c68d17917149ce5dd49065670d59b42,106692139725496679149802408034298968429976283269613131056211344912589555237796,AMZN,250.0,weekly,2026-10-05,2026-10-09,1791207900,1791230100,1791576000,True,2026-10-02T22:00:21Z,False,54
5218429,0xad344b6e31b5115e94fd81460f02612e15f5c9e8cbad6c02a981f48c00976fe4,69723126567598306886139408644298460072560690662167652127908681724431013162772,AMZN,255.0,weekly,2026-10-05,2026-10-09,1791207900,1791230100,1791576000,True,2026-10-02T22:00:21Z,False,54
5218431,0xc7a99bc476b490d8a5cf02a8686ca6882d53ef330afdba582076431345e1b1ed,83068758463344716233087083957678221089945238423638359796360395830151026779736,AMZN,260.0,weekly,2026-10-05,2026-10-09,1791207900,1791230100,1791576000,True,2026-10-02T22:00:20Z,False,54
5218433,0x507e9e81c8f7f20e911f4500310f24f822301a1aecd361bf2d6d70f856c383b9,62791148737129530070936610366808707243760491150504859733913466005965332139766,AMZN,265.0,weekly,2026-10-05,2026-10-09,1791207900,1791230100,1791576000,True,2026-10-02T22:00:20Z,False,54
5218436,0x7400718a0cddeb711741b99ccc3ecb338f9c781cfbe86ffdbe4b2527eed17a51,96206126733204006820430675924858027035851551989502376215640965242233180460499,AMZN,270.0,weekly,2026-10-05,2026-10-09,1791207900,1791230100,1791576000,True,2026-10-02T22:00:21Z,False,54
5218438,0xfbd24e4f81e1acd6b53ce578520bd737fcaab07ac6164fb67793121fbfad8428,71916068306056869859376425578029601468583921236380165112353138391468931044368,AMZN,275.0,weekly,2026-10-05,2026-10-09,1791207900,1791230100,1791576000,True,2026-10-02T22:00:21Z,False,54
5218440,0xb15de81236c5b9a7bad8d8423c187b961910b1f338ea22f8bbed0687e874e115,102222843953347712143632940090726549103813757100843194348126425364637272158894,AMZN,280.0,weekly,2026-10-05,2026-10-09,1791207900,1791230100,1791576000,True,2026-10-02T22:00:21Z,False,54
5218460,0xe5e90d67ad48d3be22718ca641dd8e00f5f66c357482d86b681636201d039c39,111861406119939225501637062256236532220431891231058107426161157665917921157544,GOOGL,315.0,weekly,2026-10-05,2026-10-09,1791207900,1791230100,1791576000,True,2026-10-02T22:00:24Z,False,107
5218463,0xaa197d50863d647b50d49c11fdcc8971bc9efe36c8d2bbafa0133abae8cfe9ab,46400549181033648805890216107827015124903034521244737158229671218945663761509,GOOGL,320.0,weekly,2026-10-05,2026-10-09,1791207900,1791230100,1791576000,True,2026-10-02T22:00:24Z,False,107
5218466,0x86827c1034dad0d186485c2454c7074b95173bc509e43bd631c1d08823db771b,18284738801279027087354256459142413901326555676932545227524621247427487699138,GOOGL,325.0,weekly,2026-10-05,2026-10-09,1791207900,1791230100,1791576000,True,2026-10-02T22:00:24Z,False,107
5218469,0x1662fea5c3b1584283db442c7c5638906d5e4a56d1e2cfbd57fa2d4ffb585749,33793319723869816081266666641802525453827378274355364713513764940681742355571,GOOGL,330.0,weekly,2026-10-05,2026-10-09,1791207900,1791230100,1791576000,True,2026-10-02T22:00:24Z,False,107
5218473,0x8ca88bc8c059e7ee2b732d387ae696bc5debc521cd3703a96bc74fb6ce7a9a79,101145500108544481724205148724293479260611871262331099253114189309203646756642,GOOGL,335.0,weekly,2026-10-05,2026-10-09,1791207900,1791230100,1791576000,True,2026-10-02T22:00:24Z,False,107
5218476,0xbc6109beccc57ef34f90b3fe110057733a30b1efb92425a095dbb36a4cbea613,98381659065172452728244253092179628774112139306629075031426425366345374152601,GOOGL,340.0,weekly,2026-10-05,2026-10-09,1791207900,1791230100,1791576000,True,2026-10-02T22:00:24Z,False,107
5218479,0xc92a52f070033b1f218251f5f68201717f6dca848a9d85fc60232f0f3731f7b6,88252182691691735594346977644884865246610619735906235385232469681156163197680,GOOGL,345.0,weekly,2026-10-05,2026-10-09,1791207900,1791230100,1791576000,True,2026-10-02T22:00:24Z,False,107
5218482,0xa161f73615b9753e70961760561d07164ab2786dc7176b3f3ac2c348e3553978,21016737925451776827625976537227768246578075388490092257543040283159397567680,GOOGL,350.0,weekly,2026-10-05,2026-10-09,1791207900,1791230100,1791576000,True,2026-10-02T22:00:24Z,False,107
5218485,0xa0e20f3d174b3a5841b1b93092006fd4c34b0ac509345419289dfe5679b6b86d,113592168838203572524313738531010165018547577623660276428500766365304549256438,GOOGL,355.0,weekly,2026-10-05,2026-10-09,1791207900,1791230100,1791576000,True,2026-10-02T22:00:24Z,False,107
5218488,0x5e0311174488ad9d0e33162987addc0980040b519534fbdf4a34807fbad75394,72803528189049187967378205640518239357996401836059984624120323054069452521052,GOOGL,360.0,weekly,2026-10-05,2026-10-09,1791207900,1791230100,1791576000,True,2026-10-02T22:00:24Z,False,107
5218491,0x4b700f2047869f1d8fa9c7b8e3a95400f5f8303c0f0cf600fa38d1242acaa386,54288500753619668662702952413162703074365065957778777378877827761851492932950,GOOGL,365.0,weekly,2026-10-05,2026-10-09,1791207900,1791230100,1791576000,True,2026-10-02T22:00:24Z,False,107
5218494,0x1680c75c8a34a89c339dd6193b2862ee9571e4bd934dc81dd8ed530330ad017e,15407831260597036439706377692351880663667087089892268455220534194161377227569,GOOGL,370.0,weekly,2026-10-05,2026-10-09,1791207900,1791230100,1791576000,True,2026-10-02T22:00:24Z,False,107
5218496,0xa7bc210ef0b101b17b68c5129255c6c3f2db10776b84d5d5e58e77fd3c31396c,45837725629659365495819321000046298454493998604468950753661705723555295885172,GOOGL,375.0,weekly,2026-10-05,2026-10-09,1791207900,1791230100,1791576000,True,2026-10-02T22:00:24Z,False,107
5218526,0x8e82bcfa897fb7e7277eaee84ac272215a190cf7eee89d56524244cda2b79264,45791522645160831877573402365845096919234430592406243233037754866203200412887,META,670.0,weekly,2026-10-05,2026-10-09,1791207900,1791230100,1791576000,True,2026-10-02T22:00:28Z,False,228
5218528,0x38d6e096af0e43d20828e814ef5699885e0a153bac27a207cbbac0ab3cf2b29a,59439008258102235510230065055778377487500136514312669654881705646327681438831,META,680.0,weekly,2026-10-05,2026-10-09,1791207900,1791230100,1791576000,True,2026-10-02T22:00:30Z,False,228
5218531,0xe3c83675080a9bc5dae97a6758f62ba5eed673d32ee1d3030b4a526998c66b10,32347332974951605012199233105936257822611542760674165910048865180002191312989,META,690.0,weekly,2026-10-05,2026-10-09,1791207900,1791230100,1791576000,True,2026-10-02T22:00:30Z,False,228
5218534,0xf73339a9c5ed5f9d3e7c38847befd2e3885a301aabaf3b91688585f00cadb793,4802954024352720105504807342170226407137820215528507006310573756155156123342,META,700.0,weekly,2026-10-05,2026-10-09,1791207900,1791230100,1791576000,True,2026-10-02T22:00:28Z,False,228
5218537,0x70e17f5056d7aa91415776cd9eff00dad27ba280642e291dcb1ac96001557664,58709516072666129685756557158050509111303255552067892336642095000506984574380,META,710.0,weekly,2026-10-05,2026-10-09,1791207900,1791230100,1791576000,True,2026-10-02T22:00:30Z,False,228
5218540,0x061b6cbb4cc47cd3a869f083c8252d3eb93b58fdbdef89534f6022465be25841,114183078139931543643431622528806740981283011431379834438004943331303096440210,META,720.0,weekly,2026-10-05,2026-10-09,1791207900,1791230100,1791576000,True,2026-10-02T22:00:30Z,False,228
5218543,0xbd72e57d40d1f12f57d99dd35e69e550c18e2d1d48a842aad6eb7d24b31e0a60,42824756601112825165415954256174281661366611823158411312904250290217905924030,META,730.0,weekly,2026-10-05,2026-10-09,1791207900,1791230100,1791576000,True,2026-10-02T22:00:30Z,False,228
5218545,0xb59c9b8e2fb82d06fa6acb49562a3c2352c781cc144385d91881f6476c0551fe,106769959221412248591058722017917440870349374454867937415835675461251947783864,META,740.0,weekly,2026-10-05,2026-10-09,1791207900,1791230100,1791576000,True,2026-10-02T22:00:30Z,False,228
5218547,0x0fd5a764b1964e638c5490c1e7efa6e47f19022d95b6b461f475ed2a8a263a25,102916471935062656839643218190594994998606379921714345654428865891123830915612,META,750.0,weekly,2026-10-05,2026-10-09,1791207900,1791230100,1791576000,True,2026-10-02T22:00:30Z,False,228
5218549,0x2fadd4a7dac1c814846b49ec8009ad68050a35bea62641421157d12b60c7fd9e,93041787358231208359951434474439874902540845244722038063331985252096784723901,META,760.0,weekly,2026-10-05,2026-10-09,1791207900,1791230100,1791576000,True,2026-10-02T22:00:28Z,False,228
5218551,0xb739ba21b97ddc68cbf80b2d049f8997513edc13d95d35598c488b2b07317c3b,41158005363447919283776337889175412696870347572978171260569206093533290355328,META,770.0,weekly,2026-10-05,2026-10-09,1791207900,1791230100,1791576000,True,2026-10-02T22:00:30Z,False,228
5218554,0x6e6ad4ea4c0d9ee42695da540ef246cb05fcffe6ff739564f517e41f59a0db59,78420606946780156317738174290183269732283709094715413207739738986597232106373,META,780.0,weekly,2026-10-05,2026-10-09,1791207900,1791230100,1791576000,True,2026-10-02T22:00:30Z,False,228
5218558,0x4154c29046a900a60427c54ff14a84332564c540232fabe3bc4798247c3557a2,19745512897664846956499463075355867518484925918774698898331021200852335946232,META,790.0,weekly,2026-10-05,2026-10-09,1791207900,1791230100,1791576000,True,2026-10-02T22:00:30Z,False,228
5218347,0xa8e2c74dedf389a85adf5479ec263e440da86b176a9a34e2f8452a3bbb676698,24533120310129685830979133085619128349324759306347412866961937759124223837292,MSFT,460.0,weekly,2026-10-05,2026-10-09,1791207900,1791230100,1791576000,True,2026-10-02T22:00:53Z,False,92
5218349,0xf97edf09a47480f3c7caa0f872c61f664c1f08cd504775628844d5cf8c776de2,42078410830329122265465486930687315650593084845550855492551669734247363495209,MSFT,470.0,weekly,2026-10-05,2026-10-09,1791207900,1791230100,1791576000,True,2026-10-02T22:00:16Z,False,92
5218352,0x09059edd60847220b1067950518381b1e0266d6a8b73e1d17406373c33e667fd,87233190518298043113207497340393982203950951818246292006007093313635939893148,MSFT,480.0,weekly,2026-10-05,2026-10-09,1791207900,1791230100,1791576000,True,2026-10-02T22:00:16Z,False,92
5218354,0xa2d4883cf60fccc00dc5d12ace7ffdc53f2a7a1f693d37449266b6f16c85b214,93024628325594948278385797811353161460547802303134528242896919838081403313496,MSFT,490.0,weekly,2026-10-05,2026-10-09,1791207900,1791230100,1791576000,True,2026-10-02T22:00:16Z,False,92
5218357,0x2a2dc41ecf371c26be086079f41e826e198b56efb9d8e849b51cfdddb2b09715,9803600871564221426312917999726142216306230768945628713867456983081325840668,MSFT,500.0,weekly,2026-10-05,2026-10-09,1791207900,1791230100,1791576000,True,2026-10-02T22:00:53Z,False,92
5218360,0x87973cc05e0f145147f0803d497fef669c0b35bc416d1c8ce1a5124988295454,85014296360554933523303776751897965333253955558494129694383391662624412699442,MSFT,510.0,weekly,2026-10-05,2026-10-09,1791207900,1791230100,1791576000,True,2026-10-02T22:00:16Z,False,92
5218365,0xb9940ea5b6a24504d1e90b3503c26ba66f911deb0470442a593eadbde2cd0c13,53216947274018649865381349102185391071554140111851452357458192219081227836405,MSFT,520.0,weekly,2026-10-05,2026-10-09,1791207900,1791230100,1791576000,True,2026-10-02T22:00:16Z,False,92
5218367,0x80d650144781b44903357ff633dfb480a1c50e7353949019c8fb37cae3e04605,12016440247528906236820502887745666833670904147309645347544860442558913144082,MSFT,530.0,weekly,2026-10-05,2026-10-09,1791207900,1791230100,1791576000,True,2026-10-02T22:00:53Z,False,92
5218370,0xe3c1754d9e6d3d9cfa2bc67182756e0d551715e88029ab6579de7c189d5210ae,4569707542452289045224792129780586415942075464399558508318661071534525547152,MSFT,540.0,weekly,2026-10-05,2026-10-09,1791207900,1791230100,1791576000,True,2026-10-02T22:00:16Z,False,92
5218374,0xb3f89eaa1c94ac839a2cd080da0f59a13d48635c50195dac83cf9a51b60f291f,55993833082367443901601009585507406269561767503282677869830285259134170118202,MSFT,550.0,weekly,2026-10-05,2026-10-09,1791207900,1791230100,1791576000,True,2026-10-02T22:00:16Z,False,92
5218377,0x9779ad9527cd8ee6d4b9503f189e75d2350116001572faf70f8e05e89efac354,61380378953253798977111763952520217447758572857970489903533967313991378739307,MSFT,560.0,weekly,2026-10-05,2026-10-09,1791207900,1791230100,1791576000,True,2026-10-02T22:00:16Z,False,92
5218380,0x326e3872d5affdeba26fd966185a53818f68b480ace8448621fd10fcd71d10d2,114084963732630532213070159006459108370175893864833159167977495659508953750484,MSFT,570.0,weekly,2026-10-05,2026-10-09,1791207900,1791230100,1791576000,True,2026-10-02T22:00:53Z,False,92
5218383,0xe19180165d2329a82fb9c8d80f871da64e33006db36dc89ba5dbe3716b9501e0,32129124607508428668032032829500256430226483039916574219143626594179207899266,MSFT,580.0,weekly,2026-10-05,2026-10-09,1791207900,1791230100,1791576000,True,2026-10-02T22:00:16Z,False,92
5218856,0x2302cf495ecb8781ddba2830bf79e25dc5d25217b11814be56700a1993a14c93,6608342951108031507944122968126432857177087149085364587201792234571831707248,MU,1010.0,weekly,2026-10-05,2026-10-09,1791207900,1791230100,1791576000,True,2026-10-02T22:01:31Z,False,319
5218859,0xbfb233e139557809642db6bdf064b574cbe26bdbb588852c285a56afc7c8b794,34986724404345092152067317128419699306401350040938175937576675819623170823927,MU,1020.0,weekly,2026-10-05,2026-10-09,1791207900,1791230100,1791576000,True,2026-10-02T22:01:31Z,False,319
5218862,0xd8500b93516f90af2fed06718a2716d6f9f2da17fb0a3764b05b34cf0be301a2,6997961341752146360636786710115923104569247601484158892429525941448020208724,MU,1030.0,weekly,2026-10-05,2026-10-09,1791207900,1791230100,1791576000,True,2026-10-02T22:00:53Z,False,319
5218865,0x3ff07843c42a0f05d18ddf679dbdcebd45c8fc3cafbd32abfd23756c6d5a4239,100369891593646889555473439458921021037754625478449517301690999209905141645317,MU,1040.0,weekly,2026-10-05,2026-10-09,1791207900,1791230100,1791576000,True,2026-10-02T22:00:51Z,False,319
5218868,0xf21b96754452dad4bfad112f03c097fa821d6d5f15909a386aa7b1883bb5205d,55867627301337124647227985938037422649308293593419892211876348825928854358700,MU,1050.0,weekly,2026-10-05,2026-10-09,1791207900,1791230100,1791576000,True,2026-10-02T22:00:53Z,False,319
5218871,0xa142d9efe24da37b354fe66bdd85227fa771f263989afbfbd68628d0041c2766,96665511744206300307664812495532762377218841769487120554794224923194311624572,MU,1060.0,weekly,2026-10-05,2026-10-09,1791207900,1791230100,1791576000,True,2026-10-02T22:01:31Z,False,319
5218874,0x2d1757a5b5d4e0ebdc222a13414b858b1b02a61a4efa283071d8252ee309d6d2,57146506118980135420405564327253048316540433786091347908079079033223179869487,MU,1070.0,weekly,2026-10-05,2026-10-09,1791207900,1791230100,1791576000,True,2026-10-02T22:00:53Z,False,319
5218877,0xcc584b693354e7eab5e5b303cc4f3ce9b443a5c2bd2a6798014b2609c4dfb81c,90328783302437518193440045407643650809039371728917477588200719159488198458290,MU,1080.0,weekly,2026-10-05,2026-10-09,1791207900,1791230100,1791576000,True,2026-10-02T22:00:53Z,False,319
5218880,0x2bed3e5950bc940560264d6efca5a083b5bbb220169e6776821d6ca5897aaf4c,97259727045744104123044893424129215300298829237669144194866785682520750717819,MU,1090.0,weekly,2026-10-05,2026-10-09,1791207900,1791230100,1791576000,True,2026-10-02T22:00:53Z,False,319
5218883,0x7c86d7a32aa023066a07cf9567f287dc561367931344613d56332dead33949c9,37295850495202106268694131169844912903805511572580903425256748923327057199255,MU,1100.0,weekly,2026-10-05,2026-10-09,1791207900,1791230100,1791576000,True,2026-10-02T22:00:53Z,False,319
5218886,0x572a4ba3a9f1d316fa69ce8c2bb72d7cf190d8542dbd98191194466de148c812,113162036822709027270972452910481268960648867936134246511296035533162930383175,MU,1110.0,weekly,2026-10-05,2026-10-09,1791207900,1791230100,1791576000,True,2026-10-02T22:00:53Z,False,319
5218889,0x29c58de4e236b72472dd3e261fb400be0cfbde799fbe044846f0b75d000cd11e,70813239418875146047523872214244400154132051453147819115812523725060428868530,MU,1120.0,weekly,2026-10-05,2026-10-09,1791207900,1791230100,1791576000,True,2026-10-02T22:00:53Z,False,319
5218892,0x167281c34b8b05c3fa542c9af70b6b4c087557e29a8df7dcafb5f68f1c30f99e,47993851694124369847810432551622817260500284671416453122088937965611422307993,MU,1130.0,weekly,2026-10-05,2026-10-09,1791207900,1791230100,1791576000,True,2026-10-02T22:01:31Z,False,319
5218692,0x68f18a172b96ed7f111ed32a8688a521a123243fe4da89c08c6cc14d7bcc496d,20724522036180708386423035701529601544617276731433471603232822164176651798006,NFLX,10.0,weekly,2026-10-05,2026-10-09,1791207900,1791230100,1791576000,True,2026-10-02T22:00:40Z,False,50
5218694,0xe830d6371f018f489c100c483626f67db6b03ae0ab2fec88f24aef2064d665b9,49203568226118615773727528701281782067388104049229147276941451330987703246859,NFLX,20.0,weekly,2026-10-05,2026-10-09,1791207900,1791230100,1791576000,True,2026-10-02T22:00:40Z,False,50
5218696,0x9359293d33a75cd0ce4b2c4d3153f153dec9a749d8a107c740c4204ae4cb5206,107296138517488393553010927222228644065153514608875532312592349256373589799026,NFLX,30.0,weekly,2026-10-05,2026-10-09,1791207900,1791230100,1791576000,True,2026-10-02T22:00:40Z,False,50
5218698,0x7a3e609c38b341c1e1fd2caedbd9567a28871fb23e46cdd2f1316bf67625c109,13203224752215595311898020861393133067216400016289754182017569524642169722335,NFLX,40.0,weekly,2026-10-05,2026-10-09,1791207900,1791230100,1791576000,True,2026-10-02T22:00:40Z,False,50
5218700,0x4a53b25629e3f926108b0a691a13c9b80879983b96c0edf5a2234a40ca51a163,95779047644839300131586042889895612457496681461732413380951277120080502350253,NFLX,50.0,weekly,2026-10-05,2026-10-09,1791207900,1791230100,1791576000,True,2026-10-02T22:00:40Z,False,50
5218702,0x7110a80bd4f235bf88ef645d58819f8ee8026d8df77e09079806d36a9f9ce647,54279512385160063300644783530693199695106862047578238848652901883620548396239,NFLX,60.0,weekly,2026-10-05,2026-10-09,1791207900,1791230100,1791576000,True,2026-10-02T22:00:40Z,False,50
5218704,0xd2d96405864d617bb46a5f0c74d165461970db1316d26d64e15254b97707bd6d,28359349479469908515757932601545839260661846617597865645614448443647258359269,NFLX,70.0,weekly,2026-10-05,2026-10-09,1791207900,1791230100,1791576000,True,2026-10-02T22:00:40Z,False,50
5218707,0xaeefc7ba02a1a544c041fd342c1cfc8bb54c1dd1658aa0a36c1bd040bdce8f6c,66203807238295569672619557597981670609018593648209441677151478803499030016247,NFLX,80.0,weekly,2026-10-05,2026-10-09,1791207900,1791230100,1791576000,True,2026-10-02T22:00:40Z,False,50
5218711,0xc17bd6d0a21f7f455bb41e30be346d1da5c1529b84b6c4e1cc6897f2263aeb5b,83339421933343845895049767055319266325984101351051707670540142745842512283413,NFLX,90.0,weekly,2026-10-05,2026-10-09,1791207900,1791230100,1791576000,True,2026-10-02T22:00:40Z,False,50
5218715,0x2a23bd71f5705ee0b54d25b5f2c37d57217be11ddc86654744dfe0ca4f8b9644,92673464357071960680699681642929078155137578965670098463783280472088356531380,NFLX,100.0,weekly,2026-10-05,2026-10-09,1791207900,1791230100,1791576000,True,2026-10-02T22:00:40Z,False,50
5218719,0xe5686b82cb96f41b6916028fe712a34a49c40e6bb9b8d30433dd3e7768375104,4039109258608535181122362692959648071534788409501874007419047521186663942149,NFLX,110.0,weekly,2026-10-05,2026-10-09,1791207900,1791230100,1791576000,True,2026-10-02T22:00:40Z,False,50
5218723,0xfa8b1b9ba88ec18e7d878445ec1829ee47e6897ec32b132a971a36199ea353be,2337338098332069351731011647110769447807616545777071106301047943545392001976,NFLX,120.0,weekly,2026-10-05,2026-10-09,1791207900,1791230100,1791576000,True,2026-10-02T22:00:40Z,False,50
5218726,0xb613e02add1f2ff3d84ecc2879dad66624367e22b13e94bab96770fa8f805b35,98127478803916075698743721501991685047900511501562980987998624030661719511791,NFLX,130.0,weekly,2026-10-05,2026-10-09,1791207900,1791230100,1791576000,True,2026-10-02T22:00:40Z,False,50
5218637,0x6a064612e7a9bfb4b389e9f0737ff5f75a6bfbba6e562c81516309609d4516f7,112243694946253413991119490364190931404010004337187804567841528998670746119462,NVDA,205.0,weekly,2026-10-05,2026-10-09,1791207900,1791230100,1791576000,True,2026-10-02T22:00:36Z,False,78
5218639,0xd3f27fae9a1f0c5a4a0dc745e6baad0f26cb62d015eafe05bff4360522d45699,38751427918809804616682589217510998941814044820069686455337605778901735278101,NVDA,210.0,weekly,2026-10-05,2026-10-09,1791207900,1791230100,1791576000,True,2026-10-02T22:00:36Z,False,78
5218641,0xe913a1ae18826c7548ed2e0a2902bec631b18a169217252632edd1e1f89bcb8e,100438496280587818915387851672418197916923603802503275319643905938305687246650,NVDA,215.0,weekly,2026-10-05,2026-10-09,1791207900,1791230100,1791576000,True,2026-10-02T22:00:36Z,False,78
5218643,0xbaf2ee14010d030dfb82eedaf140b7e9ac94c9505b29dbe91ab798f59fe38a16,103790011338255652065295963946423245159932180019284220909171332824803329191252,NVDA,220.0,weekly,2026-10-05,2026-10-09,1791207900,1791230100,1791576000,True,2026-10-02T22:00:36Z,False,78
5218645,0xcd2eecdfb07ada1074747095545d0053d71a2d3256dbbd1e5a3b8bee57d9e510,91921720487926173984155002291805730894014402589724327193245806134365031388289,NVDA,225.0,weekly,2026-10-05,2026-10-09,1791207900,1791230100,1791576000,True,2026-10-02T22:00:36Z,False,78
5218647,0xad56568119a3fe64b879b1bcb7b9712018553468ed930797b5294b1d433e8fe5,8582342819131013673018246083593767550761099271249738828448771120162303575852,NVDA,230.0,weekly,2026-10-05,2026-10-09,1791207900,1791230100,1791576000,True,2026-10-02T22:00:36Z,False,78
5218650,0xe6d98cff621714e2a42413f91440709544b630f3eb759983f3335131cf5898d5,112363957778477738589117588950653582298853113766041501870938307200009718413799,NVDA,235.0,weekly,2026-10-05,2026-10-09,1791207900,1791230100,1791576000,True,2026-10-02T22:00:36Z,False,78
5218653,0x3d82bbb5c426f83eb978c3be377af93ec9cad46a71c91813e025a9f0aa5da0e8,79118288089543208566483545268200513510943746783018894071975463476216156918634,NVDA,240.0,weekly,2026-10-05,2026-10-09,1791207900,1791230100,1791576000,True,2026-10-02T22:00:36Z,False,78
5218657,0x03f2cc5087e6b75d5ed3254fbd332efa1a147d7c71905e19bcfb65a5f109487c,83227787114272792096686227021986796361476163167277016619934613009979722041369,NVDA,245.0,weekly,2026-10-05,2026-10-09,1791207900,1791230100,1791576000,True,2026-10-02T22:00:36Z,False,78
5218661,0xb63e4d43835387b678a5971e63419ba370c0e0dd8e12e1dd1785000c2836159f,29702511393510077103913927421132314417352594092617731093573747023472611371199,NVDA,250.0,weekly,2026-10-05,2026-10-09,1791207900,1791230100,1791576000,True,2026-10-02T22:00:36Z,False,78
5218664,0x3f01d2b906d7a9e37710308e2781948ef6c1cc35e29583b618a846c32d242b0d,55430161961512224584457199134587074873717709776779982543627028737084864748444,NVDA,255.0,weekly,2026-10-05,2026-10-09,1791207900,1791230100,1791576000,True,2026-10-02T22:00:35Z,False,78
5218667,0x3d59b5ed2a59a91ed1f477290f90641b13ecdda43df1c599c1f700b45801e6dc,27020863370325223009315014102391877747178219683475849996319595450710032762098,NVDA,260.0,weekly,2026-10-05,2026-10-09,1791207900,1791230100,1791576000,True,2026-10-02T22:00:36Z,False,78
5218670,0x7fd3ef3eedb2b63fa615ea2f673364f48bb085bd4b782b0b29460e983408bd46,98378198953200691029593940082958636564116155056010287965708172814704757238556,NVDA,265.0,weekly,2026-10-05,2026-10-09,1791207900,1791230100,1791576000,True,2026-10-02T22:00:36Z,False,78
5218806,0x30a2a1dfc805fc699990e6c7f096555378134b8193a3ca7819785260bc6f4933,103189916280936371982035429152640554141245399742281809612178777822580929529798,OPEN,0.5,weekly,2026-10-05,2026-10-09,1791207900,1791230100,1791576000,True,2026-10-02T22:00:46Z,False,14
5218807,0x394ba383951a1f0234a5b382f851d3eda2ca396c751a0f73f2b6752e7c11c0a0,112207065736222857672166146416173386458632738747503263854031781231382388133910,OPEN,1.0,weekly,2026-10-05,2026-10-09,1791207900,1791230100,1791576000,True,2026-10-02T22:00:46Z,False,14
5218810,0x27294222233748bfff5679ba28f9bd30020e62a3ab981dd2265f4e06f3fe5c1f,73214271097879039371547997962356280353432626307157440661397158936557655703670,OPEN,1.5,weekly,2026-10-05,2026-10-09,1791207900,1791230100,1791576000,True,2026-10-02T22:00:46Z,False,14
5218813,0xd4d42f203b07d6234cae8d227165e435fd14e1b5643bec8bb7b55f7911e3ced6,68839636580958820164416277744189627453730098201264489568558121436481931727090,OPEN,2.0,weekly,2026-10-05,2026-10-09,1791207900,1791230100,1791576000,True,2026-10-02T22:00:46Z,False,14
5218816,0x79abafb8732e67f2c8c32c612c53eb35f8c5339d03494ddc40349b0975d772e5,101250720132078160758078749272157749793693433896289003059602239297392237972364,OPEN,2.5,weekly,2026-10-05,2026-10-09,1791207900,1791230100,1791576000,True,2026-10-02T22:00:46Z,False,14
5218819,0x3f4e2be05da30b8f689b2ab86b823efb56ae6b6b58394baa8d8a65513e48eee2,77657620227377052554024451417235878457019901893090642782130894270119302420300,OPEN,3.0,weekly,2026-10-05,2026-10-09,1791207900,1791230100,1791576000,True,2026-10-02T22:00:46Z,False,14
5218822,0x0c18b319105648f117b6303a46b242d05ac6f167e0462884172f5f8bce257e9c,55457708702582101770237091800342318672562540490268327531142569046668727009052,OPEN,3.5,weekly,2026-10-05,2026-10-09,1791207900,1791230100,1791576000,True,2026-10-02T22:00:46Z,False,14
5218825,0x10c2c419d69606c196f9bf7ea39dc81d1d55f67aa61de6298e7f6a80f9c9bc48,113277136128946174121415794012744679161845842649626842321532393183330537129635,OPEN,4.0,weekly,2026-10-05,2026-10-09,1791207900,1791230100,1791576000,True,2026-10-02T22:00:46Z,False,14
5218828,0x3d2573d6a109d479ab254ca495047cac02e4d997b56284d9e98a3b0fc21e13a7,96665547241211504655730749651040970032213328982372533246168072835808375991953,OPEN,4.5,weekly,2026-10-05,2026-10-09,1791207900,1791230100,1791576000,True,2026-10-02T22:00:46Z,False,14
5218831,0xc4d31056b323b29fb062f38697311dadced6cb19211cadbe48b0500c24d7202e,66093846094977510167621641553993160728384417441028622026644458740494975580159,OPEN,5.0,weekly,2026-10-05,2026-10-09,1791207900,1791230100,1791576000,True,2026-10-02T22:00:46Z,False,14
5218836,0x8e51eca4ca126a165f84c367eb8dfcb7734a9063befac13c2a9d6e017cdd3fbc,74290097484790757410950874871614925542670507030220339276772240114559253450830,OPEN,5.5,weekly,2026-10-05,2026-10-09,1791207900,1791230100,1791576000,True,2026-10-02T22:00:46Z,False,14
5218748,0x7ad53f3a261c25e3d9224666d8084d3d2a09361c807f55916d106effeed08a65,110879483950064543065717980196616007066605649500318404145681975982460840774963,PLTR,183.0,weekly,2026-10-05,2026-10-09,1791207900,1791230100,1791576000,True,2026-10-02T22:00:44Z,False,73
5218750,0x7cb708e3c9a89c1a0306ba86b8c2ef331ccd36a50674d5a5b972f656fd5124c3,59383559033639280780683550170469068129357114462925498856203727143545269488360,PLTR,184.0,weekly,2026-10-05,2026-10-09,1791207900,1791230100,1791576000,True,2026-10-02T22:00:45Z,False,73
5218752,0xaf4c9566718b8a4082eb5080d5ec0c96137822bb2de8fafce0739f9393a1309a,86955946589547830124974770892405670753887756776360017057163848857877861507933,PLTR,185.0,weekly,2026-10-05,2026-10-09,1791207900,1791230100,1791576000,True,2026-10-02T22:00:44Z,False,73
5218754,0x470ee8d7b2fd5ca61f09bfa7867693749ba4fcfc73096f951aa3af6661f7e8fd,88934754180712508762725055290873963308945056976223513708434571562573922541825,PLTR,186.0,weekly,2026-10-05,2026-10-09,1791207900,1791230100,1791576000,True,2026-10-02T22:00:45Z,False,73
5218756,0x9cc3d5c61bf40502f1dffd6e5dea9bf6ddd06dcb7294d0c4823973f608386672,71428780098563820427463099985642973144713943574504588046048697623338761475357,PLTR,187.0,weekly,2026-10-05,2026-10-09,1791207900,1791230100,1791576000,True,2026-10-02T22:00:44Z,False,73
5218759,0x32aae782012b4288b682355b2acc8227d81b3005a14d8038fc234f2e040345fa,91377831618249819666217074931063065093073376377817839409301031453930748626314,PLTR,188.0,weekly,2026-10-05,2026-10-09,1791207900,1791230100,1791576000,True,2026-10-02T22:00:45Z,False,73
5218762,0xc8a03e7d819df8d3aca330c5c69cfbb29c696f9826398e7006cdab035633aaa0,56132518181890074118250002088240781396564892464796294930206237775416053890891,PLTR,189.0,weekly,2026-10-05,2026-10-09,1791207900,1791230100,1791576000,True,2026-10-02T22:00:45Z,False,73
5218765,0xe110851b357b0a505b66bdcfd813a63e9e53870f8a7001ffcf739fee90329dd0,68869651776672291120514885135352331154756622226458596580193128669804405079802,PLTR,190.0,weekly,2026-10-05,2026-10-09,1791207900,1791230100,1791576000,True,2026-10-02T22:00:44Z,False,73
5218769,0xfbf97b280e314ad0fac7f2d2cec07c53066bae5f72500cebb21c5e183d5ad88b,108702229664393564938935008130894510517998332097744583882654400123397270830830,PLTR,191.0,weekly,2026-10-05,2026-10-09,1791207900,1791230100,1791576000,True,2026-10-02T22:00:44Z,False,73
5218773,0x7ac3749dc9ac72709064d1c43f4d4692027aa2b90fe35ee410e031e26aeb96b2,54577169522020836667938257859843893811444614065989877403517951576645169017761,PLTR,192.0,weekly,2026-10-05,2026-10-09,1791207900,1791230100,1791576000,True,2026-10-02T22:00:44Z,False,73
5218777,0xb249cca39a3199115d2fcf5bade8b75c98960276ef601b8f1d795dfb8ee3cc0e,15859542521697321467210510506603862094074816696050596222238485478748767086575,PLTR,193.0,weekly,2026-10-05,2026-10-09,1791207900,1791230100,1791576000,True,2026-10-02T22:00:44Z,False,73
5218781,0x0d35b308a2e3ebc13ab8810b3454d2ad46dd3ae46ea8b9497deb2bbfcdfff556,47549532144956157336104400790573881500553462133526957595827248665882567385400,PLTR,194.0,weekly,2026-10-05,2026-10-09,1791207900,1791230100,1791576000,True,2026-10-02T22:00:44Z,False,73
5218784,0x131f10bd5caf3abd0b746028f60257cc8124b95e6f7aefd614cc7011092a28c7,67434298466787934207037161722991773217666121109713640808653850491258567365694,PLTR,195.0,weekly,2026-10-05,2026-10-09,1791207900,1791230100,1791576000,True,2026-10-02T22:00:44Z,False,73
5218911,0xed40884762cfecc894bd31044ace1fdc812d1906ab0b9a5ee97bf6541c3385ea,32444340847302572693475532571022628430876852155277385715938138107515216683369,SPCX,130.0,weekly,2026-10-05,2026-10-09,1791207900,1791230100,1791576000,True,2026-10-02T22:00:55Z,False,73
5218914,0x5581f6586e2a589f2d9ccacc201d0a140be363465f373ed4cc09c07d0e24ed7f,43781693692715385726485871223716575925629872096811576250073892205399650036369,SPCX,135.0,weekly,2026-10-05,2026-10-09,1791207900,1791230100,1791576000,True,2026-10-02T22:00:54Z,False,73
5218917,0x4382fafd12b02dd924e5ca2107beb20a0951a74fb4767ca1092664b0dc45f8e4,52810655230746609792757985821710434259195081002132902874571154271807452553442,SPCX,140.0,weekly,2026-10-05,2026-10-09,1791207900,1791230100,1791576000,True,2026-10-02T22:00:54Z,False,73
5218920,0x841c1ff1eeec74f462f267f7db810c89dba7b51fcce3bf8a9fed416b037bcb88,15799681019090569658897954369506936985340160238245746633871307259868204945076,SPCX,145.0,weekly,2026-10-05,2026-10-09,1791207900,1791230100,1791576000,True,2026-10-02T22:00:56Z,False,73
5218923,0x45bc063bb420d47a342f75087e7c7cb836880746ca3f17f50f22015c9ff6dc60,67235949492875142941654109513928573136040911169551147380719248339686914801872,SPCX,150.0,weekly,2026-10-05,2026-10-09,1791207900,1791230100,1791576000,True,2026-10-02T22:00:56Z,False,73
5218926,0x38e2d1695f0a89234b379ae62d7bc19c74cdaed42053afbefe33cf649d4fbdc1,70596377847678651961946652848652297793608001767823619239493905918618887433249,SPCX,155.0,weekly,2026-10-05,2026-10-09,1791207900,1791230100,1791576000,True,2026-10-02T22:00:54Z,False,73
5218928,0x68970ebda0b652ec039ea9ee47cf778b545e40ac3d9b8aa3f3e5f7118bbf84af,115190745718778145658335643232613638412931776343264429367089873684830439624238,SPCX,160.0,weekly,2026-10-05,2026-10-09,1791207900,1791230100,1791576000,True,2026-10-02T22:00:54Z,False,73
5218930,0x32fa62e72dcce4f23d1f865297615f76562eb541c22f7788635853237567375a,15844643424345605103265898317820498179984018185989502596766352870272444171872,SPCX,165.0,weekly,2026-10-05,2026-10-09,1791207900,1791230100,1791576000,True,2026-10-02T22:00:55Z,False,73
5218932,0x32ff839da968d981972b5684685c1f401f96753914222ffa813f19aee0408e92,40278730458686072259770826155631838391955978864800227350839265193002080116649,SPCX,170.0,weekly,2026-10-05,2026-10-09,1791207900,1791230100,1791576000,True,2026-10-02T22:00:56Z,False,73
5218934,0x35a10eeaf084621b8418d232d0d8e4f3b906090b25b387d6f0a1a167b1265e37,41544567143102745618676344593929323484740501996516095758404125700323222109689,SPCX,175.0,weekly,2026-10-05,2026-10-09,1791207900,1791230100,1791576000,True,2026-10-02T22:00:54Z,False,73
5218936,0x67ad7495d90db39c65b1d93436ffd105634501d76ca855a4fddd1f2537540cf4,52596078235318240099525388777051207251358780952301817034479311726576280617720,SPCX,180.0,weekly,2026-10-05,2026-10-09,1791207900,1791230100,1791576000,True,2026-10-02T22:00:54Z,False,73
5218938,0x099eddbd0ae76dd623880d4fff4443fcc1dbf9e164666de7819296398267719b,48380797855304685494362676481258256354526210184715887584967390372483880918152,SPCX,185.0,weekly,2026-10-05,2026-10-09,1791207900,1791230100,1791576000,True,2026-10-02T22:00:54Z,False,73
5218940,0xdf6c97ffd94352362d982ceebae2000e3fc94a35631c42105f69cf40e88ce9a3,11540110650306367676740014057806578104513493605691813051894173521660089876115,SPCX,190.0,weekly,2026-10-05,2026-10-09,1791207900,1791230100,1791576000,True,2026-10-02T22:00:55Z,False,73
5218582,0x30b9841b7e79e9e759a608add4c23829e1e1ca2fe55f1b17e06df2280095cad9,108477379831119568282645408194331134678457281068861777858540026158762538928744,TSLA,340.0,weekly,2026-10-05,2026-10-09,1791207900,1791230100,1791576000,True,2026-10-02T22:00:33Z,False,121
5218584,0xe400ee39a1542471134d07c932fc97bde7770420256709bd4f3e6a67213cd816,11503803571970196956838958999003960761577683340013820633807491543666700692490,TSLA,345.0,weekly,2026-10-05,2026-10-09,1791207900,1791230100,1791576000,True,2026-10-02T22:00:33Z,False,121
5218586,0xad8cb874ee58fd5dc19f09f73629185eb9d3b13c636156f4509e95e0d807536d,112261743113895499451608980179838340242556904508936453222220721518351663872179,TSLA,350.0,weekly,2026-10-05,2026-10-09,1791207900,1791230100,1791576000,True,2026-10-02T22:00:33Z,False,121
5218588,0x6aeb9fb586204fd612e9731431315e72dfa56bb32ac1bda3146fbae281e3c28a,114251640134023555138333182456638385211902323276353989439438234238446700421616,TSLA,355.0,weekly,2026-10-05,2026-10-09,1791207900,1791230100,1791576000,True,2026-10-02T22:00:33Z,False,121
5218591,0x3c1dcfa1eb1ab4c91dd1cce31aa6ff7425388e13afd850c01ac5de5664bc7e14,35924772509454787719496070605475065316864098612813231036207405523546180204808,TSLA,360.0,weekly,2026-10-05,2026-10-09,1791207900,1791230100,1791576000,True,2026-10-02T22:00:33Z,False,121
5218594,0x4df3b8f5b86941ec6b3fc1b25492c3bae222f8b1ffb14b76a84880751ec979e2,108423808778752103360223749880315176447368459110668956931614823464188907618304,TSLA,365.0,weekly,2026-10-05,2026-10-09,1791207900,1791230100,1791576000,True,2026-10-02T22:00:33Z,False,121
5218597,0x777ebde364918102530e299de4afa778d52fa84c3f0040b26551f6b3a6a80d7d,65635678553456380706307866015921586104020215894750723617156522347972524219289,TSLA,370.0,weekly,2026-10-05,2026-10-09,1791207900,1791230100,1791576000,True,2026-10-02T22:00:33Z,False,121
5218600,0xfd0e1b953918c63902f65d2a11ec8a49237c9feb2d3765799bc34ee873debb4f,21707477329486624910219508942846486962372767886773657700064533712465022142823,TSLA,375.0,weekly,2026-10-05,2026-10-09,1791207900,1791230100,1791576000,True,2026-10-02T22:00:33Z,False,121
5218603,0x658c22a730f0cdbc948686b3bbd0b2c19d78521f02c1e1b62d2defe00354689c,28548440684730851483739710918312770272357878243044159132402683588474431264291,TSLA,380.0,weekly,2026-10-05,2026-10-09,1791207900,1791230100,1791576000,True,2026-10-02T22:00:30Z,False,121
5218606,0x679dc1a536348cb17a527b6a738d59fcd430c7df4cfe496fd9e50ee42c981f97,108807468337840725250286572761169243537041263538334235384335819060744778400127,TSLA,385.0,weekly,2026-10-05,2026-10-09,1791207900,1791230100,1791576000,True,2026-10-02T22:00:33Z,False,121
5218609,0x66b414dadf37537684de287244b7868390a0af38e6da8bab1b75666b31c8c9a3,114663974283896904214699228937479306830325420322759274909557327528830594255330,TSLA,390.0,weekly,2026-10-05,2026-10-09,1791207900,1791230100,1791576000,True,2026-10-02T22:00:33Z,False,121
5218612,0x1b8164d8bf5e2919728e33c339463b1c99f010b4030c217c5a7f12d387a52864,64669909272344136026196874261156735376816600518302637568231578832190952848841,TSLA,395.0,weekly,2026-10-05,2026-10-09,1791207900,1791230100,1791576000,True,2026-10-02T22:00:33Z,False,121
5218613,0x1cb304abea4560677cb7766b9e0ed4babaf089cd81f0b0a85b5f323707ac537e,73929896552390337716922199602917644677970875254813558405961944859640973970258,TSLA,400.0,weekly,2026-10-05,2026-10-09,1791207900,1791230100,1791576000,True,2026-10-02T22:00:33Z,False,121
