universe,market,prints,oldest,start,truncated,requests
fresh,520991,284,1738312698,1738264765.317,False,1
fresh,520992,870,1738271648,1738264805.776,False,1
fresh,521017,934,1738266708,1738263699.898,False,1
fresh,521025,2474,1738267242,1738263759.456,False,1
fresh,521018,1209,1738265337,1738263484.551,False,1
fresh,521019,5329,1738273350,1738263499.357,False,1
fresh,525127,920,1740535374,1740513550.407,False,1
fresh,898159,248,1766330177,1765240889.885279,False,1
fresh,550007,1455,1749145342,1749144496.585468,False,1
fresh,550008,3217,1749152860,1749144496.32,False,1
fresh,550008,3217,1749152860,1749144496.32,False,1
fresh,550009,1232,1749151436,1749144496.88,False,1
fresh,566502,1283,1753724415,1753721735.075,False,1
fresh,657348,402,1761865635,1761863439.254499,False,1
fresh,657348,402,1761865635,1761863439.254499,False,1
fresh,657352,869,1761865791,1761863439.508194,False,1
fresh,657352,869,1761865791,1761863439.508194,False,1
fresh,635802,1374,1760544113,1760460188.757,False,1
fresh,570269,1476,1754144358,1753983028.732869,False,1
fresh,570270,3414,1754094354,1753983022.901777,False,1
fresh,572863,608,1754445209,1754429443.599,False,1
fresh,657486,667,1761920524,1761865898.780063,False,1
fresh,573825,602,1754605091,1754598956.592,False,1
fresh,676828,2729,1764620142,1762985280.792249,False,1
fresh,676828,2729,1764620142,1762985280.792249,False,1
fresh,2853307,574,1783580828,1783559160.912892,False,1
fresh,2853307,574,1783580828,1783559160.912892,False,1
fresh,2853384,891,1783640678,1783559160.1642,False,1
fresh,2853384,891,1783640678,1783559160.1642,False,1
fresh,2853462,1077,1783602349,1783559163.977945,False,1
fresh,2853462,1077,1783602349,1783559163.977945,False,1
fresh,2850825,2360,1783550929,1783546155.148,False,1
fresh,2850825,2360,1783550929,1783546155.148,False,1
fresh,3584199,700,1786723861,1786721611.554181,False,1
fresh,3584199,700,1786723861,1786721611.554181,False,1
fresh,1333258,5155,1770485625,1770228687.891,False,1
fresh,1333258,5155,1770485625,1770228687.891,False,1
fresh,676829,2412,1764516000,1762985280.534,False,1
fresh,595711,993,1757748929,1757715863.775391,False,1
fresh,585601,4205,1756789017,1756778076.645,False,1
fresh,575196,794,1755020117,1755018668.094,False,1
fresh,635801,1715,1760517429,1760460186.916738,False,1
fresh,635801,1715,1760517429,1760460186.916738,False,1
fresh,898677,1680,1765242835,1765240666.903438,False,1
fresh,578519,2553,1755630417,1755628726.881,False,1
fresh,834278,3547,1764973491,1764968276.329,False,1
fresh,1007366,1204,1766542095,1766530923.756,False,1
fresh,1114183,968,1767650775,1767639369.802,False,1
fresh,579453,553,1755815299,1755811331.213,False,1
fresh,657365,1833,1761885642,1761863579.47,False,1
fresh,657365,1833,1761885642,1761863579.47,False,1
fresh,657366,2046,1761906320,1761863580.556,False,1
fresh,581646,270,1756231591,1756229553.033382,False,1
fresh,903822,3323,1765345469,1765314836.786885,False,1
fresh,581880,468,1756342993,1756328498.884265,False,1
fresh,581881,2204,1756334259,1756328506.998842,False,1
fresh,581881,2204,1756334259,1756328506.998842,False,1
fresh,635800,422,1760508569,1760460205.040345,False,1
fresh,1280208,12545,1770178462,1769559631.972,False,2
fresh,2587825,1639,1781846294,1781821380.865656,False,1
fresh,2906872,847,1783960558,1783957918.427797,False,1
fresh,2906873,189,1783959488,1783957955.254936,False,1
fresh,595945,374,1757780870,1757720289.044,False,1
fresh,657095,482,1761897554,1761863780.957111,False,1
fresh,603028,812,1758220064,1758217943.075083,False,1
fresh,603029,329,1758222512,1758217944.027125,False,1
fresh,612704,1733,1758829093,1758823829.966,False,1
fresh,654268,1195,1761705043,1761695993.190425,False,1
fresh,628057,703,1759966345,1759964889.729028,False,1
fresh,628549,4183,1760018319,1760017372.973252,False,1
fresh,628549,4183,1760018319,1760017372.973252,False,1
fresh,628658,3385,1760023575,1760022732.440585,False,1
fresh,628658,3385,1760023575,1760022732.440585,False,1
fresh,627988,1967,1759963685,1759963208.994,False,1
fresh,627988,1967,1759963685,1759963208.994,False,1
fresh,616565,5328,1759101331,1759095969.525,False,1
fresh,617765,286,1759209551,1759194102.971174,False,1
fresh,619106,1338,1759325479,1759323754.626088,False,1
fresh,619106,1338,1759325479,1759323754.626088,False,1
fresh,619107,1835,1759328707,1759323750.533477,False,1
fresh,619107,1835,1759328707,1759323750.533477,False,1
fresh,620984,1290,1759528803,1759514238.225504,False,1
fresh,642541,465,1761062559,1761060629.050608,False,1
fresh,618493,3957,1759286471,1759278512.047,False,1
fresh,618493,3957,1759286471,1759278512.047,False,1
fresh,618482,661,1759303185,1759278511.747,False,1
fresh,628688,1325,1760560999,1760558410.806,False,1
fresh,677395,736,1763309371,1763075438.605869,False,1
fresh,630043,1985,1760111430,1760109926.253,False,1
fresh,631098,419,1760192612,1760131653.867182,False,1
fresh,636331,2838,1760548595,1760547691.012487,False,1
fresh,636332,638,1760549757,1760547693.004875,False,1
fresh,637902,266,1760987919,1760983263.743107,False,1
fresh,637903,429,1760984839,1760983266.567623,False,1
fresh,637903,429,1760984839,1760983266.567623,False,1
fresh,637905,1188,1761044363,1760983265.803267,False,1
fresh,637905,1188,1761044363,1760983265.803267,False,1
fresh,637906,1210,1761001671,1760983266.312697,False,1
fresh,1123209,1503,1768658922,1767726031.363889,False,1
fresh,1500225,202,1772947519,1772647227.342815,False,1
fresh,1500225,202,1772947519,1772647227.342815,False,1
fresh,1500231,337,1772701797,1772647313.424475,False,1
fresh,638648,225,1761132878,1760735498.078691,False,1
fresh,638649,858,1760770616,1760735497.339233,False,1
fresh,638649,858,1760770616,1760735497.339233,False,1
fresh,2159734,403,1778030748,1778024774.151585,False,1
fresh,2159734,403,1778030748,1778024774.151585,False,1
fresh,2298040,1070,1779154408,1779148839.892177,False,1
fresh,2298040,1070,1779154408,1779148839.892177,False,1
fresh,2159735,2239,1778030750,1778024771.897,False,1
fresh,2159735,2239,1778030750,1778024771.897,False,1
fresh,2109550,820,1777586002,1777577075.789,False,1
fresh,639897,278,1760898995,1760896571.583976,False,1
fresh,639898,1060,1760899145,1760896572.511175,False,1
fresh,639898,1060,1760899145,1760896572.511175,False,1
fresh,639899,2046,1760898465,1760896575.482519,False,1
fresh,639899,2046,1760898465,1760896575.482519,False,1
fresh,641873,580,1761010258,1761007566.403369,False,1
fresh,642064,980,1761001009,1760998704.711,False,1
fresh,645002,679,1761174254,1761163620.119,False,1
fresh,956633,633,1766045537,1766011195.05,False,1
fresh,909320,764,1765408968,1765405426.303,False,1
fresh,658129,380,1761945220,1761934908.251034,False,1
fresh,645987,719,1761198167,1761176997.302,False,1
fresh,655096,371,1762025918,1761955311.539805,False,1
fresh,655097,381,1761964572,1761955311.793449,False,1
fresh,661692,821,1762199617,1762198199.154978,False,1
fresh,661693,1860,1762202703,1762198198.644425,False,1
fresh,1092296,791,1767819651,1767819022.205064,False,1
fresh,665734,1888,1762377607,1762372576.802,False,1
fresh,675654,1099,1762821062,1762820306.302933,False,1
fresh,675655,363,1762825990,1762820305.787,False,1
fresh,681334,541,1763072002,1763070501.647481,False,1
fresh,681335,216,1763071946,1763070505.751169,False,1
fresh,687142,919,1763406051,1763402752.342137,False,1
fresh,687143,1121,1763406831,1763402754.971487,False,1
fresh,687143,1121,1763406831,1763402754.971487,False,1
fresh,687144,1209,1763406889,1763402752.087083,False,1
fresh,691978,209,1763581579,1763578336.459,False,1
fresh,691979,815,1763582717,1763578336.205,False,1
fresh,692239,642,1764038977,1764023236.420518,False,1
fresh,692240,423,1764032813,1764023231.823755,False,1
fresh,695578,509,1763766249,1763763507.31,False,1
fresh,1007516,777,1766561097,1766530925.599,False,1
fresh,1007516,777,1766561097,1766530925.599,False,1
fresh,1436052,869,1772075544,1772037252.003,False,1
fresh,701040,1451,1764011637,1764008227.768419,False,1
fresh,1029354,3660,1766779221,1766778174.210165,False,1
fresh,1029354,3660,1766779221,1766778174.210165,False,1
fresh,1029355,1242,1766779241,1766778173.441595,False,1
fresh,1029355,1242,1766779241,1766778173.441595,False,1
fresh,701041,9985,1764009663,1764008230.306,False,1
fresh,705812,511,1764262599,1764247974.62,False,1
fresh,1007585,1046,1766580349,1766530930.107,False,1
fresh,706482,395,1764192597,1764191850.801073,False,1
fresh,706487,307,1764194445,1764191853.065215,False,1
fresh,706487,307,1764194445,1764191853.065215,False,1
fresh,706490,149,1764194787,1764191853.575266,False,1
fresh,706490,149,1764194787,1764191853.575266,False,1
fresh,706493,146,1764195659,1764191852.81038,False,1
fresh,706493,146,1764195659,1764191852.81038,False,1
fresh,706497,128,1764199393,1764191853.320713,False,1
fresh,707026,387,1764198059,1764192474.670129,False,1
fresh,707028,572,1764267829,1764192473.650922,False,1
fresh,707028,572,1764267829,1764192473.650922,False,1
fresh,707031,670,1764318645,1764192474.415783,False,1
fresh,711244,3815,1764250565,1764247254.488,False,1
fresh,835892,2487,1764975741,1764965203.305045,False,1
fresh,835892,2487,1764975741,1764965203.305045,False,1
fresh,835893,1853,1764981537,1764965203.051,False,1
fresh,835893,1853,1764981537,1764965203.051,False,1
fresh,1323366,1804,1770156774,1770132588.185432,False,1
fresh,835509,2382,1764970503,1764968336.725959,False,1
fresh,822860,3663,1764908453,1764907294.351,False,1
fresh,822860,3663,1764908453,1764907294.351,False,1
fresh,835510,772,1764969033,1764968338.739251,False,1
fresh,994884,2400,1766492925,1766422164.0,False,1
fresh,1123582,1114,1767740383,1767727041.419983,False,1
fresh,1123582,1114,1767740383,1767727041.419983,False,1
fresh,1326767,87,1770167308,1770137018.112092,False,1
fresh,1326767,87,1770167308,1770137018.112092,False,1
fresh,1090474,1473,1767414293,1767391474.106,False,1
fresh,1090474,1473,1767414293,1767391474.106,False,1
fresh,1326758,145,1770149244,1770136509.407,False,1
fresh,898158,3767,1765236343,1765234138.131,False,1
fresh,1199464,642,1768615656,1768601800.574322,False,1
fresh,1199464,642,1768615656,1768601800.574322,False,1
fresh,1279226,402,1769577981,1769543552.815792,False,1
fresh,956387,648,1766004037,1766002586.305195,False,1
fresh,956388,303,1766038672,1766002584.050547,False,1
fresh,2107913,386,1777495684,1777399143.580844,False,1
fresh,3724350,508,1787171521,1787157446.644292,False,1
fresh,3724350,508,1787171521,1787157446.644292,False,1
fresh,3087157,449,1784917944,1784912358.16,False,1
fresh,3087157,449,1784917944,1784912358.16,False,1
fresh,2373921,3772,1780071130,1779918283.454,False,1
fresh,929315,1046,1765660083,1765658418.933782,False,1
fresh,929226,341,1765659265,1765658419.187244,False,1
fresh,929226,341,1765659265,1765658419.187244,False,1
fresh,929252,956,1765660111,1765658419.440448,False,1
fresh,949319,315,1765906013,1765904909.809135,False,1
fresh,948973,1522,1765902907,1765901090.928,False,1
fresh,948973,1522,1765902907,1765901090.928,False,1
fresh,954185,1023,1765980136,1765971379.775236,False,1
fresh,1111180,1605,1767579343,1767578920.560999,False,1
fresh,965771,2999,1766094513,1766090425.645,False,1
fresh,967151,668,1766105595,1766098642.674592,False,1
fresh,967152,210,1766105587,1766098647.116052,False,1
fresh,967152,210,1766105587,1766098647.116052,False,1
fresh,967153,189,1766105637,1766098646.863409,False,1
fresh,967153,189,1766105637,1766098646.863409,False,1
fresh,967154,182,1766105611,1766098642.928627,False,1
fresh,983321,1062,1766472831,1766443547.546,False,1
fresh,1461091,1226,1772605163,1772238910.022,False,1
fresh,1461091,1226,1772605163,1772238910.022,False,1
fresh,1493735,2273,1773010761,1772562636.737,False,1
fresh,994893,950,1766427911,1766424504.424467,False,1
fresh,1029718,1506,1766807467,1766778087.64874,False,1
fresh,1029718,1506,1766807467,1766778087.64874,False,1
fresh,1029717,561,1766841061,1766778087.394806,False,1
fresh,984486,8415,1766276797,1766275606.768,False,1
fresh,984487,3229,1766276801,1766275607.022,False,1
fresh,1004538,319,1766535103,1766514891.967799,False,1
fresh,1004539,539,1766540413,1766514891.71388,False,1
fresh,1029701,1178,1766781449,1766778088.723069,False,1
fresh,1029702,1444,1766781419,1766778088.416014,False,1
fresh,1029702,1444,1766781419,1766778088.416014,False,1
fresh,1272952,323,1769817450,1769464330.402475,False,1
fresh,1038580,716,1766862811,1766848579.24835,False,1
fresh,1038581,486,1766855507,1766848581.355711,False,1
fresh,1038581,486,1766855507,1766848581.355711,False,1
fresh,1038582,358,1766925971,1766848579.502049,False,1
fresh,1038582,358,1766925971,1766848579.502049,False,1
fresh,1038584,417,1766904599,1766848579.755751,False,1
fresh,1058177,3134,1767047425,1767045807.587727,False,1
fresh,1058182,2108,1767047993,1767045805.665985,False,1
fresh,1058182,2108,1767047993,1767045805.665985,False,1
fresh,1042220,8889,1766877359,1766875726.157,False,1
fresh,1068037,804,1767209781,1767202906.78617,False,1
fresh,1068038,235,1767214105,1767202906.530524,False,1
fresh,1073770,1523,1767203475,1767201063.33125,False,1
fresh,1073771,1341,1767205619,1767201065.326935,False,1
fresh,1107423,1077,1767563203,1767556598.995642,False,1
fresh,1107424,1601,1767563219,1767556617.952495,False,1
fresh,1107424,1601,1767563219,1767556617.952495,False,1
fresh,1096279,2685,1767458871,1767457523.372952,False,1
fresh,1096279,2685,1767458871,1767457523.372952,False,1
fresh,1097350,1926,1767461499,1767457523.628187,False,1
fresh,1097350,1926,1767461499,1767457523.628187,False,1
fresh,1097352,2354,1767460865,1767457523.884364,False,1
fresh,1096705,1988,1767450853,1767450201.507,False,1
fresh,1096654,2911,1767451781,1767450201.251,False,1
fresh,1106732,3029,1767554379,1767553175.860828,False,1
fresh,1116692,1514,1767652013,1767651033.609058,False,1
fresh,1113925,801,1767622325,1767621365.997418,False,1
fresh,1113927,144,1767659039,1767621367.977281,False,1
fresh,1113927,144,1767659039,1767621367.977281,False,1
fresh,1113928,186,1767628123,1767621368.230793,False,1
fresh,1117229,552,1767657671,1767654885.200709,False,1
fresh,1117230,1693,1767703819,1767654884.937775,False,1
fresh,1117833,3169,1767659305,1767658752.874,False,1
fresh,1795886,501,1774951127,1774901430.762803,False,1
fresh,1121884,7776,1767722027,1767718317.274742,False,1
fresh,1641497,2565,1773914415,1773855850.406,False,1
fresh,1641497,2565,1773914415,1773855850.406,False,1
fresh,1641496,1621,1773930983,1773855931.86,False,1
fresh,1641496,1621,1773930983,1773855931.86,False,1
fresh,1121887,9225,1767727961,1767718317.02,False,1
fresh,1122555,1422,1767725365,1767718397.363049,False,1
fresh,1122556,916,1767725777,1767718400.449047,False,1
fresh,1691769,1188,1774317331,1774278699.215923,False,1
fresh,1691780,1096,1774340155,1774278721.582097,False,1
fresh,1146192,680,1768115634,1768113059.712,False,1
fresh,1146193,2211,1768115138,1768113059.967,False,1
fresh,1146193,2211,1768115138,1768113059.967,False,1
fresh,1230789,1109,1768984310,1768966946.55286,False,1
fresh,1153988,475,1768121230,1768067853.952501,False,1
fresh,2325403,463,1779412813,1779395790.445434,False,1
fresh,1168879,1062,1768250267,1768247047.249,False,1
fresh,1279277,4699,1769639502,1769546950.087399,False,1
fresh,1279277,4699,1769639502,1769546950.087399,False,1
fresh,1394143,436,1771467252,1771450649.956964,False,1
fresh,1170220,337,1768320899,1768320217.126114,False,1
fresh,1170221,1159,1768330100,1768320217.379252,False,1
fresh,1333269,1278,1770286723,1770228777.833257,False,1
fresh,1170467,3443,1768321801,1768320156.061,False,1
fresh,1570752,2507,1773359271,1773344296.574,False,1
fresh,2060041,1590,1776954940,1776951449.600837,False,1
fresh,2060041,1590,1776954940,1776951449.600837,False,1
fresh,1797301,3032,1774916075,1774909770.728,False,1
fresh,1797301,3032,1774916075,1774909770.728,False,1
fresh,1808694,1031,1774980633,1774977206.291,False,1
fresh,1185285,639,1768603100,1768602440.821,False,1
fresh,1185286,178,1768643828,1768602441.075,False,1
fresh,1194346,3232,1768514230,1768510729.314752,False,1
fresh,1194347,2476,1768514952,1768510729.061998,False,1
fresh,1194347,2476,1768514952,1768510729.061998,False,1
fresh,1194348,845,1768528488,1768510727.718212,False,1
fresh,1194348,845,1768528488,1768510727.718212,False,1
fresh,1194349,784,1768511004,1768510728.80893,False,1
fresh,4712116,3203,1789771786,1789770785.0,False,1
fresh,4712115,697,1789773756,1789770784.0,False,1
fresh,4712115,697,1789773756,1789770784.0,False,1
fresh,1236459,2099,1769037252,1769036395.999966,False,1
fresh,1242467,4013,1769138078,1769096628.290908,False,1
fresh,1242468,477,1769101772,1769096627.361651,False,1
fresh,1249141,532,1769205778,1769205254.251,False,1
fresh,1273325,568,1769508151,1769464677.569368,False,1
fresh,1250581,957,1769201146,1769198909.825025,False,1
fresh,1720967,1306,1774477619,1774474916.722,False,1
fresh,1720967,1306,1774477619,1774474916.722,False,1
fresh,1720968,2183,1774478539,1774474918.759,False,1
fresh,1720968,2183,1774478539,1774474918.759,False,1
fresh,1720969,3691,1774506577,1774474914.799,False,1
fresh,1720969,3691,1774506577,1774474914.799,False,1
fresh,1250582,4674,1769221012,1769198980.757,False,1
fresh,1250582,4674,1769221012,1769198980.757,False,1
fresh,1971078,1139,1776103009,1776097327.392361,False,1
fresh,1971078,1139,1776103009,1776097327.392361,False,1
fresh,1250583,1652,1769234900,1769198977.847,False,1
fresh,1250583,1652,1769234900,1769198977.847,False,1
fresh,1250584,1958,1769527375,1769198979.82,False,1
fresh,1280497,2098,1769580219,1769564813.758584,False,1
fresh,1287603,2251,1769669900,1769642855.54932,False,1
fresh,1278913,376,1769540189,1769538548.350253,False,1
fresh,1278914,524,1769540465,1769538549.310279,False,1
fresh,1278914,524,1769540465,1769538549.310279,False,1
fresh,1278915,1041,1769540485,1769538550.375357,False,1
fresh,1285420,798,1770047866,1769647912.422543,False,1
fresh,1285421,276,1770511645,1769642524.036192,False,1
fresh,1299971,229,1769809936,1769808266.002763,False,1
fresh,1299972,350,1769913206,1769808266.257253,False,1
fresh,1299972,350,1769913206,1769808266.257253,False,1
fresh,1345914,720,1770423511,1770416994.787402,False,1
fresh,1345914,720,1770423511,1770416994.787402,False,1
fresh,1299973,2568,1769816768,1769808264.072,False,1
fresh,1299973,2568,1769816768,1769808264.072,False,1
fresh,1389074,962,1771347229,1771344953.143797,False,1
fresh,1320806,2224,1770055424,1770054971.549859,False,1
fresh,1300296,5062,1769810382,1769808284.039,False,1
fresh,1300296,5062,1769810382,1769808284.039,False,1
fresh,1992898,273,1776523104,1776350765.915668,False,1
fresh,1301522,6810,1769829184,1769819007.83,False,1
fresh,1367007,2488,1771172077,1770925220.398481,False,1
fresh,1316496,2243,1770000440,1769997064.100048,False,1
fresh,1316497,480,1770008312,1769997063.844945,False,1
fresh,1316498,467,1770000178,1769997203.773157,False,1
fresh,1316499,1223,1770003026,1769997201.786282,False,1
fresh,1323425,719,1770141160,1770132707.442441,False,1
fresh,1323426,2198,1770144198,1770132707.699208,False,1
fresh,1326324,2105,1770138362,1770132187.446111,False,1
fresh,1326325,285,1770135590,1770132189.544591,False,1
fresh,1326325,285,1770135590,1770132189.544591,False,1
fresh,1326326,308,1770134232,1770132189.798977,False,1
fresh,1327918,126,1770172430,1770166436.731168,False,1
fresh,1327920,1003,1770179380,1770166436.983784,False,1
fresh,1328039,9593,1770166422,1770160594.260675,False,1
fresh,1328040,2582,1770164522,1770160594.514142,False,1
fresh,1335789,2591,1770240195,1770238950.238689,False,1
fresh,1360927,1046,1770720417,1770666001.051764,False,1
fresh,1360927,1046,1770720417,1770666001.051764,False,1
fresh,1360928,3062,1770827657,1770666019.298344,False,1
fresh,1360928,3062,1770827657,1770666019.298344,False,1
fresh,1334671,2595,1770237829,1770236768.837,False,1
fresh,1336363,3080,1770346803,1770337279.137,False,1
fresh,1418674,1883,1771855214,1771852467.72,False,1
fresh,1418674,1883,1771855214,1771852467.72,False,1
fresh,1567769,2686,1773433283,1773323344.347763,False,1
fresh,1567769,2686,1773433283,1773323344.347763,False,1
fresh,2232280,1595,1778519508,1778517555.903538,False,1
fresh,2232280,1595,1778519508,1778517555.903538,False,1
fresh,2677043,1711,1782383204,1782352782.432423,False,1
fresh,1336381,884,1770326249,1770325732.874591,False,1
fresh,1336382,1334,1770336733,1770325733.128036,False,1
fresh,1336382,1334,1770336733,1770325733.128036,False,1
fresh,1336383,1282,1770363523,1770325730.777352,False,1
fresh,1336383,1282,1770363523,1770325730.777352,False,1
fresh,1342508,651,1770397061,1770325733.380415,False,1
fresh,1342508,651,1770397061,1770325733.380415,False,1
fresh,1342509,831,1770358303,1770325731.031951,False,1
fresh,1353228,1872,1770503063,1770501286.105017,False,1
fresh,1353229,1618,1770505873,1770501285.851164,False,1
fresh,1366956,550,1770845543,1770837653.123648,False,1
fresh,1361691,3148,1770770013,1770768441.017,False,1
fresh,1361691,3148,1770770013,1770768441.017,False,1
fresh,1370552,1555,1770960247,1770925078.521,False,1
fresh,1367015,490,1770866873,1770851472.82358,False,1
fresh,1367016,311,1770921709,1770851471.483969,False,1
fresh,1367016,311,1770921709,1770851471.483969,False,1
fresh,1367017,351,1770893641,1770851424.297633,False,1
fresh,4186291,2076,1788446301,1788432917.0,False,1
fresh,4118888,1126,1788388894,1788343704.322732,False,1
fresh,4118888,1126,1788388894,1788343704.322732,False,1
fresh,3758835,1614,1787373975,1787297707.303,False,1
fresh,3758835,1614,1787373975,1787297707.303,False,1
fresh,3758836,529,1787298621,1787297749.522,False,1
fresh,1386213,1050,1771281179,1771273440.824293,False,1
fresh,1386214,3020,1771281089,1771273438.976039,False,1
fresh,1386214,3020,1771281089,1771273438.976039,False,1
fresh,2046120,336,1776799050,1776797159.485314,False,1
fresh,2046120,336,1776799050,1776797159.485314,False,1
fresh,2047777,636,1776817402,1776812390.104287,False,1
fresh,2047777,636,1776817402,1776812390.104287,False,1
fresh,1909608,1196,1775728153,1775679151.558,False,1
fresh,1909608,1196,1775728153,1775679151.558,False,1
fresh,1909609,853,1775711633,1775679191.524,False,1
fresh,1388695,1366,1771346965,1771345034.405171,False,1
fresh,1389075,481,1771347255,1771345034.66108,False,1
fresh,1654508,1627,1773974231,1773951725.203543,False,1
fresh,1654509,944,1773968653,1773951724.949,False,1
fresh,1403296,1141,1771637034,1771634063.836,False,1
fresh,2118015,1446,1777490946,1777486518.411819,False,1
fresh,1428638,1129,1771967506,1771964393.887347,False,1
fresh,1428639,1606,1771967588,1771964393.633545,False,1
fresh,1428639,1606,1771967588,1771964393.633545,False,1
fresh,1707608,1916,1774409687,1774380028.437839,False,1
fresh,1455406,942,1772245393,1772231620.358069,False,1
fresh,1455407,5574,1772256855,1772226682.763562,False,1
fresh,1455407,5574,1772256855,1772226682.763562,False,1
fresh,1749121,13894,1774654385,1774651157.326596,False,2
fresh,1749121,13894,1774654385,1774651157.326596,False,2
fresh,1937462,1676,1775832411,1775831803.645098,False,1
fresh,1937462,1676,1775832411,1775831803.645098,False,1
fresh,1937463,438,1775834177,1775831882.914122,False,1
fresh,1937463,438,1775834177,1775831882.914122,False,1
fresh,1911752,2930,1775600435,1775593881.953,False,1
fresh,1911752,2930,1775600435,1775593881.953,False,1
fresh,1570155,5840,1773380689,1773337496.914,False,1
fresh,1570155,5840,1773380689,1773337496.914,False,1
fresh,1911754,201,1775621973,1775593880.095,False,1
fresh,1911754,201,1775621973,1775593880.095,False,1
fresh,1570156,1614,1773716317,1773337496.659,False,1
fresh,1466746,290,1772294825,1772294206.552,False,1
fresh,1466751,135,1772296151,1772294210.517,False,1
fresh,1467207,1058,1772297623,1772297205.134403,False,1
fresh,1466786,946,1772297879,1772297209.17129,False,1
fresh,1466786,946,1772297879,1772297209.17129,False,1
fresh,1466787,394,1772298885,1772297206.757413,False,1
fresh,1466787,394,1772298885,1772297206.757413,False,1
fresh,1466788,397,1772300081,1772297208.918578,False,1
fresh,1466788,397,1772300081,1772297208.918578,False,1
fresh,1466789,262,1772299137,1772297210.95393,False,1
fresh,1466789,262,1772299137,1772297210.95393,False,1
fresh,1466790,396,1772299431,1772297204.88074,False,1
fresh,1466790,396,1772299431,1772297204.88074,False,1
fresh,1466791,537,1772298159,1772297207.011431,False,1
fresh,1797341,4293,1774916243,1774910052.758805,False,1
fresh,1708576,4329,1774402289,1774385931.079,False,1
fresh,1470007,2451,1772317519,1772316968.674,False,1
fresh,1469316,2892,1772313519,1772312596.574,False,1
fresh,1469316,2892,1772313519,1772312596.574,False,1
fresh,1485770,2837,1772480985,1772479144.920161,False,1
fresh,1485770,2837,1772480985,1772479144.920161,False,1
fresh,1485771,3339,1772480965,1772479145.173216,False,1
fresh,1485771,3339,1772480965,1772479145.173216,False,1
fresh,1516739,618,1772837953,1772824240.905588,False,1
fresh,1468837,2313,1772396697,1772395667.15,False,1
fresh,1707519,541,1774422265,1774379095.362636,False,1
fresh,1487672,1522,1772501557,1772498526.719728,False,1
fresh,1938984,17000,1775844665,1775843326.887179,False,2
fresh,1938984,17000,1775844665,1775843326.887179,False,2
fresh,1994007,9767,1776351606,1776351221.942744,False,1
fresh,1994007,9767,1776351606,1776351221.942744,False,1
fresh,1994008,837,1776352016,1776351215.731607,False,1
fresh,1994008,837,1776352016,1776351215.731607,False,1
fresh,1707841,18898,1774387229,1774380749.166,False,2
fresh,1707841,18898,1774387229,1774380749.166,False,2
fresh,1487673,4135,1772518439,1772498526.973,False,1
fresh,1493939,4028,1772577027,1772576159.09,False,1
fresh,1763610,1088,1774884745,1774718701.835523,False,1
fresh,1494684,1304,1772578429,1772577257.724,False,1
fresh,1707593,2140,1774515425,1774379811.345,False,1
fresh,1559658,372,1773278353,1773268250.956746,False,1
fresh,1559713,1352,1773305955,1773268248.015521,False,1
fresh,1559713,1352,1773305955,1773268248.015521,False,1
fresh,1831356,6233,1775223365,1775157375.670172,False,1
fresh,1831356,6233,1775223365,1775157375.670172,False,1
fresh,1831357,3284,1775252889,1775157377.497111,False,1
fresh,1831357,3284,1775252889,1775157377.497111,False,1
fresh,2242020,982,1778682755,1778600947.790843,False,1
fresh,2242020,982,1778682755,1778600947.790843,False,1
fresh,2242023,879,1778689615,1778600949.871515,False,1
fresh,1986556,488,1776216524,1776207781.815,False,1
fresh,1538011,623,1773262843,1773255130.891,False,1
fresh,1538011,623,1773262843,1773255130.891,False,1
fresh,1538012,463,1773269363,1773255128.601,False,1
fresh,1551573,1329,1773439217,1773431821.636499,False,1
fresh,1718663,1151,1774495413,1774461950.951473,False,1
fresh,1718663,1151,1774495413,1774461950.951473,False,1
fresh,1718696,1506,1774603687,1774461927.771602,False,1
fresh,1718696,1506,1774603687,1774461927.771602,False,1
fresh,1718698,527,1774494147,1774461931.634444,False,1
fresh,1718698,527,1774494147,1774461931.634444,False,1
fresh,1718699,648,1774600531,1774461931.888537,False,1
fresh,1552200,2353,1773193055,1773186935.907,False,1
fresh,1552201,1303,1773215343,1773186933.863882,False,1
fresh,1552201,1303,1773215343,1773186933.863882,False,1
fresh,1708361,1190,1774408649,1774384010.154322,False,1
fresh,1708361,1190,1774408649,1774384010.154322,False,1
fresh,1708362,846,1774468575,1774384052.438638,False,1
fresh,1641019,2632,1774042703,1774016861.276956,False,1
fresh,1641020,640,1774032591,1774016857.22487,False,1
fresh,1641031,5613,1773948591,1773943931.117097,False,1
fresh,1641032,3859,1773948969,1773943930.862965,False,1
fresh,1706350,1803,1774768068,1774634830.637054,False,1
fresh,1706353,418,1775329463,1774634916.956644,False,1
fresh,1706353,418,1775329463,1774634916.956644,False,1
fresh,1706354,342,1775605651,1774634836.150771,False,1
fresh,1706354,342,1775605651,1774634836.150771,False,1
fresh,1706355,520,1774672191,1774635184.790722,False,1
fresh,1706355,520,1774672191,1774635184.790722,False,1
fresh,1706356,465,1775022109,1774634900.737925,False,1
fresh,1706356,465,1775022109,1774634900.737925,False,1
fresh,1706357,397,1775428199,1774635198.801206,False,1
fresh,1706357,397,1775428199,1774635198.801206,False,1
fresh,1706358,2713,1775428173,1774635201.236537,False,1
fresh,1706358,2713,1775428173,1774635201.236537,False,1
fresh,1706359,344,1775324479,1774634914.723749,False,1
fresh,1706359,344,1775324479,1774634914.723749,False,1
fresh,1706360,276,1775325515,1774634939.182079,False,1
fresh,1706360,276,1775325515,1774634939.182079,False,1
fresh,1706361,247,1775443297,1774635223.338147,False,1
fresh,1706361,247,1775443297,1774635223.338147,False,1
fresh,1706362,261,1775440393,1774634916.702628,False,1
fresh,1706362,261,1775440393,1774634916.702628,False,1
fresh,1706363,332,1775440403,1774635200.982953,False,1
fresh,1706363,332,1775440403,1774635200.982953,False,1
fresh,1706364,224,1775437537,1774634834.168913,False,1
fresh,1706364,224,1775437537,1774634834.168913,False,1
fresh,1706365,287,1775427911,1774634851.275877,False,1
fresh,1706365,287,1775427911,1774634851.275877,False,1
fresh,1706366,312,1774764576,1774635120.970712,False,1
fresh,1706366,312,1774764576,1774635120.970712,False,1
fresh,1706367,325,1775440463,1774635057.35703,False,1
fresh,1706367,325,1775440463,1774635057.35703,False,1
fresh,1706368,244,1774981177,1774634829.430779,False,1
fresh,1706368,244,1774981177,1774634829.430779,False,1
fresh,1706369,245,1775437965,1774634912.743154,False,1
fresh,1706369,245,1775437965,1774634912.743154,False,1
fresh,1706370,387,1775301409,1774634986.289231,False,1
fresh,1706370,387,1775301409,1774634986.289231,False,1
fresh,1706371,2045,1774745900,1774635032.611181,False,1
fresh,1707863,668,1774404639,1774385814.602425,False,1
fresh,1707878,1091,1774393361,1774385810.635287,False,1
fresh,1708520,843,1774394479,1774390004.528837,False,1
fresh,1709412,5970,1774392511,1774389929.418,False,1
fresh,1709412,5970,1774392511,1774389929.418,False,1
fresh,1937571,717,1775834653,1775832525.341252,False,1
fresh,1937571,717,1775834653,1775832525.341252,False,1
fresh,1796496,3570,1774909793,1774905552.659,False,1
fresh,1722476,3696,1774634829,1774633725.082393,False,1
fresh,1722477,2953,1774642115,1774634175.426369,False,1
fresh,2475672,2574,1780975072,1780974718.60578,False,1
fresh,2474666,1054,1780968850,1780964626.862,False,1
fresh,2473030,405,1780952391,1780950391.698,False,1
fresh,2380186,2577,1779998024,1779996321.796,False,1
fresh,2380186,2577,1779998024,1779996321.796,False,1
fresh,1744124,4923,1774631601,1774629302.68,False,1
fresh,1744124,4923,1774631601,1774629302.68,False,1
fresh,2380187,1190,1779998610,1779996324.755,False,1
fresh,1808544,310,1774998423,1774993050.398,False,1
fresh,1808546,2048,1774998445,1774993048.411,False,1
fresh,1808546,2048,1774998445,1774993048.411,False,1
fresh,1808547,5182,1775312069,1774993052.503,False,1
fresh,1808547,5182,1775312069,1774993052.503,False,1
fresh,1808548,3268,1775045165,1774993052.25,False,1
fresh,1819207,1022,1775077553,1775070148.36,False,1
fresh,2053635,2510,1776895378,1776875501.555961,False,1
fresh,1912773,1150,1775669409,1775668175.678011,False,1
fresh,1912774,2543,1775670631,1775668173.133393,False,1
fresh,1912774,2543,1775670631,1775668173.133393,False,1
fresh,1912775,4529,1775674839,1775668175.171725,False,1
fresh,1912775,4529,1775674839,1775668175.171725,False,1
fresh,1912776,4291,1775673971,1775668175.42489,False,1
fresh,1912776,4291,1775673971,1775668175.42489,False,1
fresh,1912777,5700,1775671649,1775668171.135666,False,1
fresh,1918466,3387,1775663467,1775662689.026466,False,1
fresh,1918467,7868,1775667655,1775662688.773366,False,1
fresh,1918790,1270,1775672007,1775668783.942278,False,1
fresh,1992058,726,1776293812,1776291763.538221,False,1
fresh,1921096,2041,1775689197,1775685732.994668,False,1
fresh,1921097,2938,1775686547,1775685735.019947,False,1
fresh,1931430,469,1775772801,1775771355.575536,False,1
fresh,1959310,1379,1776009489,1776007615.443142,False,1
fresh,1959310,1379,1776009489,1776007615.443142,False,1
fresh,1931431,1189,1775774327,1775771357.58,False,1
fresh,1931431,1189,1775774327,1775771357.58,False,1
fresh,1931432,613,1775783917,1775771357.833,False,1
fresh,1939299,4593,1775850347,1775846290.97131,False,1
fresh,1939131,939,1775852287,1775846534.299442,False,1
fresh,1939131,939,1775852287,1775846534.299442,False,1
fresh,1939132,322,1775854847,1775846534.810224,False,1
fresh,1939132,322,1775854847,1775846534.810224,False,1
fresh,1939133,254,1775855183,1775846534.555832,False,1
fresh,2008302,1487,1776458396,1776457227.732271,False,1
fresh,1999843,2227,1776387970,1776385907.88,False,1
fresh,1999843,2227,1776387970,1776385907.88,False,1
fresh,2364880,272,1779904646,1779829863.116694,False,1
fresh,2000165,734,1776392468,1776358673.682,False,1
fresh,2000166,377,1776374256,1776358673.936,False,1
fresh,2008448,991,1776476546,1776466752.168,False,1
fresh,2110185,281,1777427656,1777407209.582515,False,1
fresh,2110185,281,1777427656,1777407209.582515,False,1
fresh,2008535,530,1776508134,1776466754.265642,False,1
fresh,2125755,700,1777614550,1777562501.291,False,1
fresh,2303132,725,1779232166,1779204456.508748,False,1
fresh,2303132,725,1779232166,1779204456.508748,False,1
fresh,2294941,959,1779130295,1779129336.959,False,1
fresh,2294941,959,1779130295,1779129336.959,False,1
fresh,2268845,2510,1778968950,1778859292.135,False,1
fresh,2268845,2510,1778968950,1778859292.135,False,1
fresh,2648248,753,1782200215,1782192110.448427,False,1
fresh,2648248,753,1782200215,1782192110.448427,False,1
fresh,2100069,5001,1777403818,1777403539.802,False,1
fresh,2100069,5001,1777403818,1777403539.802,False,1
fresh,2648798,1450,1782195014,1782192162.072326,False,1
fresh,2648798,1450,1782195014,1782192162.072326,False,1
fresh,2658038,1508,1782315985,1782249911.673519,False,1
fresh,2658038,1508,1782315985,1782249911.673519,False,1
fresh,2760614,1903,1782952538,1782936213.049083,False,1
fresh,2760614,1903,1782952538,1782936213.049083,False,1
fresh,2658039,3022,1782315908,1782247763.421,False,1
fresh,2658039,3022,1782315908,1782247763.421,False,1
fresh,2760620,2795,1782951178,1782936198.469298,False,1
fresh,2760620,2795,1782951178,1782936198.469298,False,1
fresh,2648866,2211,1782200114,1782192326.928,False,1
fresh,2648866,2211,1782200114,1782192326.928,False,1
fresh,2658110,1216,1782316030,1782248008.175,False,1
fresh,2658110,1216,1782316030,1782248008.175,False,1
fresh,2658111,1346,1782316030,1782247785.886,False,1
fresh,2658111,1346,1782316030,1782247785.886,False,1
fresh,2648984,1335,1782193276,1782191354.111,False,1
fresh,2648984,1335,1782193276,1782191354.111,False,1
fresh,2648985,1230,1782193748,1782192994.573,False,1
fresh,2648985,1230,1782193748,1782192994.573,False,1
fresh,2100070,6751,1777472850,1777403123.493,False,1
fresh,2125714,864,1777569756,1777561555.896168,False,1
fresh,2125715,1104,1777583728,1777561559.667,False,1
fresh,2125715,1104,1777583728,1777561559.667,False,1
fresh,2100162,689,1777518200,1777507869.976,False,1
fresh,2100162,689,1777518200,1777507869.976,False,1
fresh,2100163,680,1777537262,1777507867.925,False,1
fresh,2110588,185,1777413790,1777412340.082018,False,1
fresh,2110589,2261,1777413898,1777412339.826859,False,1
fresh,2110241,716,1777531180,1777507493.469,False,1
fresh,2747302,446,1782938216,1782853294.624304,False,1
fresh,2125429,767,1777583980,1777559403.874349,False,1
fresh,2110293,882,1777510894,1777507849.897,False,1
fresh,2110293,882,1777510894,1777507849.897,False,1
fresh,2110294,801,1777538430,1777507847.891,False,1
fresh,2126545,246,1777680806,1777673972.494718,False,1
fresh,2126546,1265,1777679126,1777673751.67761,False,1
fresh,2126546,1265,1777679126,1777673751.67761,False,1
fresh,2126547,4523,1777679780,1777674039.913423,False,1
fresh,2128535,8403,1777592786,1777590618.320839,False,1
fresh,2128536,3174,1777595728,1777590622.308711,False,1
fresh,2134500,45,1777701902,1777672688.467,False,1
fresh,2134501,169,1777684250,1777672690.287,False,1
fresh,2155170,646,1777925292,1777922030.052234,False,1
fresh,2155171,2213,1777955850,1777922120.11937,False,1
fresh,2155171,2213,1777955850,1777922120.11937,False,1
fresh,2155172,527,1777930552,1777922016.699886,False,1
fresh,2159621,1356,1777952216,1777938650.428804,False,1
fresh,2159622,478,1777995968,1777938652.410575,False,1
fresh,2160164,1799,1777941610,1777938589.775,False,1
fresh,2363609,4109,1779909591,1779819929.148193,False,1
fresh,2190153,2273,1778261052,1778259305.955519,False,1
fresh,2190155,611,1778270145,1778259393.478119,False,1
fresh,2244267,319,1778645538,1778643003.084319,False,1
fresh,2244268,4290,1778644995,1778642998.996145,False,1
fresh,2244268,4290,1778644995,1778642998.996145,False,1
fresh,2333713,4466,1779501223,1779482630.144681,False,1
fresh,2246398,296,1778656153,1778643021.561827,False,1
fresh,2246399,3071,1778660904,1778643024.674725,False,1
fresh,2246399,3071,1778660904,1778643024.674725,False,1
fresh,2246400,1228,1778647541,1778643026.762239,False,1
fresh,2246400,1228,1778647541,1778643026.762239,False,1
fresh,2246401,957,1778657754,1778643023.64556,False,1
fresh,2264576,424,1778879299,1778876818.706038,False,1
fresh,2382785,625,1780074965,1780016637.111681,False,1
fresh,2270614,1131,1778898295,1778885098.684135,False,1
fresh,2270615,642,1778888009,1778885094.674202,False,1
fresh,2325706,3652,1779473704,1779469608.851705,False,1
fresh,2325710,848,1779497569,1779469612.850801,False,1
fresh,3861150,711,1787614480,1787610015.0,False,1
fresh,2732505,2689,1782760936,1782754696.932855,False,1
fresh,2361490,3097,1779829004,1779815066.616348,False,1
fresh,2361491,225,1779884342,1779815067.591111,False,1
fresh,2364305,314,1779829996,1779824735.033,False,1
fresh,2746272,179,1782855212,1782845175.732759,False,1
fresh,2362803,521,1779861458,1779827166.409629,False,1
fresh,2362804,3330,1779828945,1779827167.152335,False,1
fresh,2362804,3330,1779828945,1779827167.152335,False,1
fresh,2362805,1885,1779835157,1779827169.214,False,1
fresh,2364342,15251,1779834049,1779825010.076,False,2
fresh,2382767,1507,1780085022,1780016417.497789,False,1
fresh,2371630,1043,1780058151,1779997354.178861,False,1
fresh,2746288,207,1783064927,1782845580.360646,False,1
fresh,2467323,1507,1780892100,1780885035.012,False,1
fresh,2467324,1342,1780886064,1780885038.079,False,1
fresh,2822019,815,1783376000,1783373923.270117,False,1
fresh,2824587,2587,1783409404,1783386278.78929,False,1
fresh,2824587,2587,1783409404,1783386278.78929,False,1
fresh,2824588,626,1783390304,1783386300.634037,False,1
fresh,2824588,626,1783390304,1783386300.634037,False,1
fresh,2821796,972,1783373189,1783372132.742,False,1
fresh,2821796,972,1783373189,1783372132.742,False,1
fresh,2821797,1546,1783372667,1783372151.213,False,1
fresh,2821797,1546,1783372667,1783372151.213,False,1
fresh,2821788,1032,1783372681,1783371877.468,False,1
fresh,2475211,3180,1780973482,1780970107.948084,False,1
fresh,2475213,3425,1780973394,1780970108.978,False,1
fresh,2475213,3425,1780973394,1780970108.978,False,1
fresh,2475212,5090,1780973425,1780970111.024,False,1
fresh,2487205,2990,1781111364,1781104321.686,False,1
fresh,3949885,1863,1787915764,1787908843.0,False,1
fresh,3949885,1863,1787915764,1787908843.0,False,1
fresh,3949510,1580,1787917960,1787905202.835317,False,1
fresh,3949510,1580,1787917960,1787905202.835317,False,1
fresh,3949511,707,1787915764,1787905224.833988,False,1
fresh,3949511,707,1787915764,1787905224.833988,False,1
fresh,3759614,1251,1787335942,1787304617.702,False,1
fresh,3759614,1251,1787335942,1787304617.702,False,1
fresh,3379800,587,1786115029,1786023555.879,False,1
fresh,3379800,587,1786115029,1786023555.879,False,1
fresh,2487206,1119,1781124793,1781104321.955,False,1
fresh,2510937,10414,1781222566,1781216082.211652,False,2
fresh,2510938,1428,1781220604,1781216103.026104,False,1
fresh,2510938,1428,1781220604,1781216103.026104,False,1
fresh,2510939,1698,1781239503,1781216096.777688,False,1
fresh,2510939,1698,1781239503,1781216096.777688,False,1
fresh,2510940,641,1781222017,1781216121.250309,False,1
fresh,2730727,707,1782840941,1782744808.222744,False,1
fresh,2641102,407,1782177832,1782147396.115,False,1
fresh,2534927,1328,1781380527,1781379818.063,False,1
fresh,2556154,518,1781561950,1781555930.754576,False,1
fresh,2556154,518,1781561950,1781555930.754576,False,1
fresh,2556152,937,1781558463,1781555931.0179,False,1
fresh,2556152,937,1781558463,1781555931.0179,False,1
fresh,2556153,878,1781552766,1781552049.9243,False,1
fresh,2556153,878,1781552766,1781552049.9243,False,1
fresh,2534928,3593,1781380903,1781379784.891,False,1
fresh,2534928,3593,1781380903,1781379784.891,False,1
fresh,2556162,5068,1781554710,1781552085.967523,False,1
fresh,2556162,5068,1781554710,1781552085.967523,False,1
fresh,2672713,1191,1782337193,1782332025.56383,False,1
fresh,2672713,1191,1782337193,1782332025.56383,False,1
fresh,2672752,1904,1782337201,1782332034.671854,False,1
fresh,2672752,1904,1782337201,1782332034.671854,False,1
fresh,2534929,9856,1781381080,1781379784.628,False,1
fresh,2534929,9856,1781381080,1781379784.628,False,1
fresh,2743655,412,1782829691,1782827324.617011,False,1
fresh,2743655,412,1782829691,1782827324.617011,False,1
fresh,2743689,235,1782830900,1782827339.155826,False,1
fresh,2743689,235,1782830900,1782827339.155826,False,1
fresh,2695682,543,1782510334,1782494940.883,False,1
fresh,2695682,543,1782510334,1782494940.883,False,1
fresh,2672762,1205,1782333587,1782332247.536,False,1
fresh,2672762,1205,1782333587,1782332247.536,False,1
fresh,2639340,2299,1782182977,1782179936.53,False,1
fresh,2639340,2299,1782182977,1782179936.53,False,1
fresh,2639341,1834,1782197707,1782180216.423,False,1
fresh,2639341,1834,1782197707,1782180216.423,False,1
fresh,2639342,5240,1782183734,1782180227.612,False,1
fresh,2853039,1002,1783558663,1783556481.713851,False,1
fresh,2853042,701,1783586102,1783556504.065058,False,1
fresh,2853042,701,1783586102,1783556504.065058,False,1
fresh,2643403,2759,1782185528,1782157210.399,False,1
fresh,2643404,781,1782158123,1782157227.530128,False,1
fresh,2643405,5756,1782167989,1782157231.280866,False,1
fresh,2821347,1239,1783389299,1783367643.805994,False,1
fresh,2643406,1956,1782167807,1782157230.509,False,1
fresh,2672689,1656,1782366242,1782331788.332,False,1
fresh,2685465,318,1782427282,1782424044.292526,False,1
fresh,2685465,318,1782427282,1782424044.292526,False,1
fresh,2672690,332,1782336499,1782331801.402,False,1
fresh,2672690,332,1782336499,1782331801.402,False,1
fresh,2672691,1562,1782362117,1782331808.327,False,1
fresh,2686745,1721,1782437524,1782429731.35323,False,1
fresh,2686746,677,1782438358,1782429729.300577,False,1
fresh,2686746,677,1782438358,1782429729.300577,False,1
fresh,2686747,719,1782445099,1782429737.415524,False,1
fresh,2698471,562,1782518975,1782507928.743763,False,1
fresh,2698472,693,1782520765,1782508373.378134,False,1
fresh,2698472,693,1782520765,1782508373.378134,False,1
fresh,2698473,671,1782520765,1782508780.930198,False,1
fresh,2732525,3493,1782755414,1782752857.165,False,1
fresh,3128252,445,1785180685,1785168154.726474,False,1
fresh,3128252,445,1785180685,1785168154.726474,False,1
fresh,2732526,2712,1782758159,1782753590.767,False,1
fresh,2732526,2712,1782758159,1782753590.767,False,1
fresh,3491409,201,1786381368,1786375045.472585,False,1
fresh,2734399,523,1782873613,1782761316.042373,False,1
fresh,2734400,366,1782782459,1782761454.42934,False,1
fresh,2735563,349,1782841088,1782767095.121509,False,1
fresh,2735564,308,1782837257,1782767096.914976,False,1
fresh,2821329,607,1783391050,1783367467.209432,False,1
fresh,2745577,656,1782907051,1782840336.146,False,1
fresh,2934926,758,1784134169,1784125390.770092,False,1
fresh,3044465,647,1784763343,1784754927.046171,False,1
fresh,3044465,647,1784763343,1784754927.046171,False,1
fresh,2925816,2703,1784071831,1784061137.654,False,1
fresh,2925816,2703,1784071831,1784061137.654,False,1
fresh,3044473,457,1784772840,1784772064.080106,False,1
fresh,3044473,457,1784772840,1784772064.080106,False,1
fresh,2863245,1428,1783653586,1783623228.458,False,1
fresh,2863245,1428,1783653586,1783623228.458,False,1
fresh,2761627,479,1782947258,1782946146.474,False,1
fresh,2761627,479,1782947258,1782946146.474,False,1
fresh,2761628,124,1782947261,1782946149.739,False,1
fresh,2761628,124,1782947261,1782946149.739,False,1
fresh,2761629,157,1783538087,1782946142.643,False,1
fresh,2850431,755,1783556362,1783543532.644456,False,1
fresh,2850432,1258,1783560836,1783543538.805,False,1
fresh,2850432,1258,1783560836,1783543538.805,False,1
fresh,2850433,1027,1783545529,1783543532.913,False,1
fresh,2928901,1028,1784114617,1784073223.173228,False,1
fresh,2928902,612,1784125850,1784073192.669322,False,1
fresh,2929854,301,1784082371,1784080589.444,False,1
fresh,2929856,566,1784093672,1784080591.486,False,1
fresh,3087980,273,1784916735,1784916122.836468,False,1
fresh,2948596,3312,1784235509,1784222654.56881,False,1
fresh,2948596,3312,1784235509,1784222654.56881,False,1
fresh,2948597,1110,1784226824,1784222654.281717,False,1
fresh,2950825,442,1784231072,1784229254.257,False,1
fresh,2950826,788,1784230829,1784229252.169,False,1
fresh,2950826,788,1784230829,1784229252.169,False,1
fresh,3025960,526,1784710356,1784697664.271,False,1
fresh,2951847,2012,1784240599,1784239916.580468,False,1
fresh,2951849,815,1784259142,1784239914.725639,False,1
fresh,2967835,904,1784341543,1784339993.105237,False,1
fresh,2967836,1182,1784343925,1784339996.20898,False,1
fresh,2967836,1182,1784343925,1784339996.20898,False,1
fresh,2967837,4619,1784358744,1784339988.167091,False,1
fresh,2977438,1580,1784459874,1784404305.163899,False,1
fresh,2967838,1471,1784341551,1784339994.106,False,1
fresh,3026050,372,1784699758,1784698670.806,False,1
fresh,3026051,967,1784700370,1784698664.974,False,1
fresh,3026051,967,1784700370,1784698664.974,False,1
fresh,3026052,493,1784700370,1784698669.566,False,1
fresh,3145329,1143,1785216043,1785209323.895739,False,1
fresh,3145330,646,1785220689,1785209320.978237,False,1
fresh,4592235,647,1789504861,1789495974.0,False,1
fresh,3669895,649,1786983793,1786979178.041763,False,1
fresh,3195035,555,1785296942,1785288316.493743,False,1
fresh,3388254,3177,1786047452,1786044715.997658,False,1
fresh,3240740,620,1785515801,1785508612.365,False,1
fresh,3240741,633,1785512672,1785508617.245,False,1
fresh,3275537,734,1785622080,1785621130.401253,False,1
fresh,3275538,1188,1785633396,1785621140.213,False,1
fresh,3275538,1188,1785633396,1785621140.213,False,1
fresh,4054698,1811,1788259173,1788248709.43921,False,1
fresh,4054698,1811,1788259173,1788248709.43921,False,1
fresh,4054699,1500,1788260649,1788248743.565394,False,1
fresh,4054699,1500,1788260649,1788248743.565394,False,1
fresh,4201767,401,1788485725,1788481067.0,False,1
fresh,4201767,401,1788485725,1788481067.0,False,1
fresh,4201768,288,1788491935,1788481066.0,False,1
fresh,4201768,288,1788491935,1788481066.0,False,1
fresh,4054723,479,1788258810,1788248788.231211,False,1
fresh,4054723,479,1788258810,1788248788.231211,False,1
fresh,4054724,513,1788258868,1788248808.182,False,1
fresh,4054724,513,1788258868,1788248808.182,False,1
fresh,3379789,1438,1786058283,1786023523.705,False,1
fresh,3379789,1438,1786058283,1786023523.705,False,1
fresh,3275539,923,1785625676,1785621163.973,False,1
fresh,3275539,923,1785625676,1785621163.973,False,1
fresh,3275540,669,1785624393,1785621154.873,False,1
fresh,3487547,400,1786398408,1786371829.855728,False,1
fresh,3365109,685,1785951824,1785951233.652,False,1
fresh,3365109,685,1785951824,1785951233.652,False,1
fresh,3487549,402,1786386889,1786371843.705747,False,1
fresh,3372745,2209,1785993383,1785974947.326489,False,1
fresh,3372746,451,1786001906,1785974950.297623,False,1
fresh,3409535,149,1786151584,1786139998.906988,False,1
fresh,3409536,5108,1786140808,1786140001.91215,False,1
fresh,3409536,5108,1786140808,1786140001.91215,False,1
fresh,3409537,4248,1786140714,1786140005.02472,False,1
fresh,3409537,4248,1786140714,1786140005.02472,False,1
fresh,3409538,874,1786141954,1786140010.139882,False,1
fresh,3409538,874,1786141954,1786140010.139882,False,1
fresh,3409539,688,1786141575,1786140007.074171,False,1
fresh,3409539,688,1786141575,1786140007.074171,False,1
fresh,3409540,808,1786141582,1786140003.175652,False,1
fresh,3409540,808,1786141582,1786140003.175652,False,1
fresh,3409541,5398,1786141411,1786139999.905953,False,1
fresh,3433622,277,1786237995,1786236520.439896,False,1
fresh,3433628,246,1786237159,1786236525.622325,False,1
fresh,4440616,662,1789062031,1789053505.0,False,1
fresh,3502067,1036,1786468749,1786441011.853,False,1
fresh,3502075,496,1786454590,1786441135.578911,False,1
fresh,3502076,643,1786479333,1786441146.039221,False,1
fresh,3943918,1765,1787894902,1787890458.0,False,1
fresh,3953244,1791,1787932491,1787930776.0,False,1
fresh,3953244,1791,1787932491,1787930776.0,False,1
fresh,3943917,456,1787893302,1787890458.0,False,1
fresh,3943917,456,1787893302,1787890458.0,False,1
fresh,3943916,229,1787892078,1787890458.0,False,1
fresh,4080248,297,1788300519,1788298495.0,False,1
fresh,4080249,284,1788300046,1788298496.0,False,1
fresh,4080249,284,1788300046,1788298496.0,False,1
fresh,4080250,404,1788300313,1788298496.0,False,1
fresh,4080250,404,1788300313,1788298496.0,False,1
fresh,4080252,273,1788325978,1788298495.0,False,1
fresh,4080252,273,1788325978,1788298495.0,False,1
fresh,4080253,261,1788299421,1788298497.0,False,1
fresh,4080253,261,1788299421,1788298497.0,False,1
fresh,4080254,291,1788301125,1788298497.0,False,1
fresh,4168072,3518,1788387975,1788378740.549777,False,1
fresh,4095053,3504,1788311595,1788308662.0,False,1
fresh,4095053,3504,1788311595,1788308662.0,False,1
fresh,4095054,1367,1788326407,1788308661.0,False,1
fresh,4095054,1367,1788326407,1788308661.0,False,1
fresh,4095055,1191,1788329578,1788308662.0,False,1
fresh,4769494,6756,1789933777,1789932178.0,False,1
fresh,5081312,430,1790613587,1790610048.0,False,1
fresh,5081312,430,1790613587,1790610048.0,False,1
fresh,4952765,892,1790367570,1790358868.0,False,1
fresh,678876,3520,1763201334,1762975198.313791,False,1
fresh,691547,5350,1763570659,1763567374.522,False,1
fresh,517548,1643,1736171382,1736169768.474019,False,1
fresh,517549,321,1736170832,1736169784.380161,False,1
fresh,517549,321,1736170832,1736169784.380161,False,1
fresh,517550,458,1736173164,1736169808.273,False,1
fresh,517550,458,1736173164,1736169808.273,False,1
fresh,598936,1015,1757955488,1757950700.985,False,1
fresh,734115,1691,1764627260,1764592766.304555,False,1
fresh,610380,3413,1758994035,1758669521.037,False,1
fresh,629267,3500,1761171082,1760048737.07,False,1
fresh,1807912,1544,1774973531,1774971818.314111,False,1
fresh,546612,2936,1747926863,1747925407.243348,False,1
fresh,2937573,879,1784153818,1784145566.029953,False,1
fresh,2937573,879,1784153818,1784145566.029953,False,1
fresh,676804,1044,1765331718,1762983259.494,False,1
fresh,549333,3035,1748910958,1748902501.636,False,1
fresh,677274,4160,1762934191,1762899529.299592,False,1
fresh,677274,4160,1762934191,1762899529.299592,False,1
fresh,677273,3930,1762908081,1762899529.043402,False,1
fresh,549617,404,1748998473,1748983235.808533,False,1
fresh,561699,768,1752106517,1752084556.794241,False,1
fresh,561699,768,1752106517,1752084556.794241,False,1
fresh,549618,3924,1748984982,1748983249.966,False,1
fresh,549618,3924,1748984982,1748983249.966,False,1
fresh,561700,955,1752096227,1752084602.22355,False,1
fresh,567468,596,1753421978,1753371902.248189,False,1
fresh,567469,4362,1753377490,1753371892.147999,False,1
fresh,553888,1495,1750378778,1750360668.230478,False,1
fresh,622738,1781,1759876710,1759694759.793815,False,1
fresh,642531,693,1761087362,1761074953.069,False,1
fresh,566493,3014,1753228629,1753220348.797,False,1
fresh,1249612,555,1769196546,1769181875.986,False,1
fresh,1006892,3506,1766573613,1766524557.626,False,1
fresh,2053573,381,1776887884,1776874359.886359,False,1
fresh,1397269,2200,1771596476,1771504080.68,False,1
fresh,2676277,806,1782376376,1782346600.378493,False,1
fresh,1397270,4674,1771596862,1771504098.667,False,1
fresh,569887,740,1753894531,1753893192.045,False,1
fresh,1068762,443,1767666557,1767132320.395,False,1
fresh,573652,2501,1754625845,1754584154.886878,False,1
fresh,573653,2464,1754614161,1754584182.972557,False,1
fresh,573653,2464,1754614161,1754584182.972557,False,1
fresh,573655,36092,1754670367,1754584162.979697,False,4
fresh,573655,36092,1754670367,1754584162.979697,False,4
fresh,573656,7963,1754670451,1754584172.879,False,1
fresh,623607,783,1759775860,1759774047.220362,False,1
fresh,623608,1187,1759783830,1759774050.196438,False,1
fresh,623608,1187,1759783830,1759774050.196438,False,1
fresh,623307,1102,1759767670,1759767288.013,False,1
fresh,581639,2767,1756247917,1756229404.517,False,1
fresh,644804,1078,1761316617,1761155342.278,False,1
fresh,628889,6710,1760112464,1760109263.79,False,1
fresh,654677,961,1761712385,1761704839.411904,False,1
fresh,654677,961,1761712385,1761704839.411904,False,1
fresh,654676,1376,1761712025,1761704761.933163,False,1
fresh,654676,1376,1761712025,1761704761.933163,False,1
fresh,631099,3591,1760132682,1760131652.008,False,1
fresh,631099,3591,1760132682,1760131652.008,False,1
fresh,664748,756,1762361311,1762276108.015,False,1
fresh,628926,683,1760037719,1760037336.902,False,1
fresh,657427,969,1761922426,1761864300.867458,False,1
fresh,657427,969,1761922426,1761864300.867458,False,1
fresh,629776,1556,1760076897,1760062439.225,False,1
fresh,629776,1556,1760076897,1760062439.225,False,1
fresh,957644,3008,1766037604,1766012327.437716,False,1
fresh,957644,3008,1766037604,1766012327.437716,False,1
fresh,898685,2901,1765278311,1765240751.474,False,1
fresh,898685,2901,1765278311,1765240751.474,False,1
fresh,957646,3327,1766397347,1766012327.184426,False,1
fresh,957646,3327,1766397347,1766012327.184426,False,1
fresh,2817844,325,1783386346,1783351091.718202,False,1
fresh,2817844,325,1783386346,1783351091.718202,False,1
fresh,2747468,694,1782892000,1782855265.505,False,1
fresh,631317,1172,1760151948,1760147128.24,False,1
fresh,631316,1036,1760152038,1760147130.212,False,1
fresh,635263,600,1760447527,1760446825.380125,False,1
fresh,676386,234,1762877639,1762876989.532074,False,1
fresh,676386,234,1762877639,1762876989.532074,False,1
fresh,676388,276,1762878081,1762876991.04191,False,1
fresh,676388,276,1762878081,1762876991.04191,False,1
fresh,635264,981,1760452513,1760446825.126,False,1
fresh,635264,981,1760452513,1760446825.126,False,1
fresh,677352,886,1763618923,1763050746.279319,False,1
fresh,677352,886,1763618923,1763050746.279319,False,1
fresh,677356,2179,1764505742,1763050746.534289,False,1
fresh,677398,2273,1764081521,1763075439.568662,False,1
fresh,1642009,1319,1773903075,1773860194.145428,False,1
fresh,664884,1393,1762406209,1762269206.832563,False,1
fresh,664885,1098,1762433089,1762269324.567,False,1
fresh,663595,962,1762272261,1762271427.293,False,1
fresh,663596,2524,1762275861,1762271425.302,False,1
fresh,929424,577,1765686567,1765662097.675,False,1
fresh,929425,1184,1765711241,1765662097.376,False,1
fresh,665226,494,1762321127,1762288528.718,False,1
fresh,665227,2024,1762327619,1762288526.77,False,1
fresh,2107988,504,1777502772,1777402572.166026,False,1
fresh,2107989,418,1777421456,1777400141.425259,False,1
fresh,665421,475,1762367313,1762366435.4,False,1
fresh,2610025,310,1782009496,1781899399.500269,False,1
fresh,665458,1909,1762418985,1762366638.984,False,1
fresh,2676288,373,1782552265,1782346900.094431,False,1
fresh,665736,2076,1762387761,1762372677.842,False,1
fresh,1395238,624,1771764210,1771458111.983789,False,1
fresh,1395238,624,1771764210,1771458111.983789,False,1
fresh,1395239,646,1771515730,1771458109.915,False,1
fresh,1395239,646,1771515730,1771458109.915,False,1
fresh,3128290,684,1785269450,1785168872.348729,False,1
fresh,3128290,684,1785269450,1785168872.348729,False,1
fresh,3128298,865,1785388979,1785168893.218987,False,1
fresh,3128298,865,1785388979,1785168893.218987,False,1
fresh,2749311,1340,1783024658,1782861713.738,False,1
fresh,665737,2499,1762375009,1762372715.413,False,1
fresh,1353292,1824,1771375237,1770502026.717521,False,1
fresh,1353292,1824,1771375237,1770502026.717521,False,1
fresh,1353293,1186,1771375311,1770502024.627395,False,1
fresh,666709,615,1762371113,1762366437.37944,False,1
fresh,666710,390,1762367191,1762366437.632846,False,1
fresh,666710,390,1762367191,1762366437.632846,False,1
fresh,666711,1147,1762368827,1762366439.931663,False,1
fresh,666711,1147,1762368827,1762366439.931663,False,1
fresh,1795590,279,1775158435,1774985689.821708,False,1
fresh,1795590,279,1775158435,1774985689.821708,False,1
fresh,1795596,313,1775054911,1774985691.040647,False,1
fresh,1795596,313,1775054911,1774985691.040647,False,1
fresh,1795597,279,1775054839,1774985690.787614,False,1
fresh,690611,663,1763512103,1763508850.772129,False,1
fresh,690612,174,1763530483,1763508849.429651,False,1
fresh,690612,174,1763530483,1763508849.429651,False,1
fresh,690614,820,1763543971,1763508851.279,False,1
fresh,690614,820,1763543971,1763508851.279,False,1
fresh,690615,739,1763543923,1763508851.026071,False,1
fresh,690672,254,1763545863,1763511909.014844,False,1
fresh,690673,708,1763560941,1763511911.077,False,1
fresh,690673,708,1763560941,1763511911.077,False,1
fresh,690674,1630,1763540881,1763511911.386,False,1
fresh,690674,1630,1763540881,1763511911.386,False,1
fresh,690675,1498,1763545327,1763511909.276677,False,1
fresh,690689,345,1763530823,1763512712.842028,False,1
fresh,690691,748,1763522175,1763512709.424836,False,1
fresh,705780,1438,1764178653,1764177390.922657,False,1
fresh,1069183,417,1767258131,1767139698.748,False,1
fresh,1069183,417,1767258131,1767139698.748,False,1
fresh,1069184,1114,1767259037,1767139681.378,False,1
fresh,1069184,1114,1767259037,1767139681.378,False,1
fresh,2602228,347,1781843720,1781832164.267576,False,1
fresh,2602228,347,1781843720,1781832164.267576,False,1
fresh,1301527,1199,1769967540,1769815911.755,False,1
fresh,704135,910,1764105197,1764103398.269,False,1
fresh,704136,1311,1764162231,1764103398.013,False,1
fresh,704136,1311,1764162231,1764103398.013,False,1
fresh,704137,1542,1764135227,1764103397.755875,False,1
fresh,704137,1542,1764135227,1764103397.755875,False,1
fresh,704138,1598,1764276579,1764103398.524792,False,1
fresh,706859,393,1764215691,1764192373.558272,False,1
fresh,706860,961,1764233097,1764192373.048438,False,1
fresh,743434,410,1764393905,1764382254.008794,False,1
fresh,743435,526,1764391403,1764382254.677558,False,1
fresh,743435,526,1764391403,1764382254.677558,False,1
fresh,743436,1469,1764393475,1764382253.752,False,1
fresh,743436,1469,1764393475,1764382253.752,False,1
fresh,743437,842,1764388645,1764382256.693227,False,1
fresh,743437,842,1764388645,1764382256.693227,False,1
fresh,743438,1518,1764383029,1764382254.262865,False,1
fresh,802373,2081,1764727539,1764720543.61,False,1
fresh,802374,2982,1764727543,1764720543.355,False,1
fresh,884888,1983,1765126015,1765124894.279,False,1
fresh,1046969,1609,1766948211,1766944273.544,False,1
fresh,4167002,220,1788391320,1788377888.850906,False,1
fresh,4167008,283,1788380599,1788377882.628416,False,1
fresh,4167008,283,1788380599,1788377882.628416,False,1
fresh,4117966,713,1788343378,1788342446.827,False,1
fresh,4117966,713,1788343378,1788342446.827,False,1
fresh,4117967,772,1788343377,1788342444.981,False,1
fresh,4117967,772,1788343377,1788342444.981,False,1
fresh,4254700,371,1788653145,1788634147.0,False,1
fresh,3205508,4517,1785599976,1785344230.117,False,1
fresh,3584362,702,1787409543,1786978797.148304,False,1
fresh,948955,5195,1765907573,1765900509.697,False,1
fresh,948956,8721,1766049916,1765900509.954,False,1
fresh,948956,8721,1766049916,1765900509.954,False,1
fresh,948957,2910,1765977660,1765900510.21,False,1
fresh,948957,2910,1765977660,1765900510.21,False,1
fresh,948958,3405,1765911665,1765900511.607919,False,1
fresh,951178,3636,1765941855,1765922366.485,False,1
fresh,951179,2478,1765933167,1765922367.246,False,1
fresh,951179,2478,1765933167,1765922367.246,False,1
fresh,951180,1371,1766532361,1765922366.739,False,1
fresh,951180,1371,1766532361,1765922366.739,False,1
fresh,951181,1510,1765943847,1765922366.992633,False,1
fresh,951215,679,1765930869,1765922407.91,False,1
fresh,951216,1520,1767263161,1765922409.929,False,1
fresh,955800,738,1766015845,1765993260.099,False,1
fresh,955801,450,1767212137,1765993258.136,False,1
fresh,955801,450,1767212137,1765993258.136,False,1
fresh,955802,241,1767026747,1765993257.882,False,1
fresh,1031504,549,1766794119,1766792853.983,False,1
fresh,1059337,1189,1767074697,1767033205.214,False,1
fresh,1038565,405,1766882289,1766847819.854412,False,1
fresh,1038567,917,1766890453,1766847820.915,False,1
fresh,1038567,917,1766890453,1766847820.915,False,1
fresh,2325377,600,1779574116,1779395168.73562,False,1
fresh,1038642,559,1766924001,1766848699.009,False,1
fresh,1038643,682,1766882677,1766848698.755473,False,1
fresh,1038815,490,1766915331,1766849039.261667,False,1
fresh,1038816,857,1766932395,1766849041.145204,False,1
fresh,1038874,385,1766868421,1766849218.988272,False,1
fresh,1038880,1903,1766862749,1766849220.755097,False,1
fresh,1048246,1924,1766964415,1766963251.716,False,1
fresh,1124829,364,1767780831,1767733504.027234,False,1
fresh,1060097,319,1767067647,1767045327.396,False,1
fresh,1060098,2661,1767058723,1767045323.41,False,1
fresh,1114211,945,1767685775,1767639351.531,False,1
fresh,1114178,1161,1767684035,1767639331.049414,False,1
fresh,2125379,474,1777573136,1777558419.949237,False,1
fresh,2125383,559,1777573196,1777558421.896281,False,1
fresh,1090494,611,1767648845,1767647933.47,False,1
fresh,1090495,2701,1767661371,1767647933.725,False,1
fresh,1096292,1518,1767448851,1767447938.057792,False,1
fresh,1096293,4314,1767448495,1767447940.976956,False,1
fresh,1096293,4314,1767448495,1767447940.976956,False,1
fresh,1097263,1800,1767455351,1767453940.563502,False,1
fresh,1096294,1247,1767452251,1767447958.043177,False,1
fresh,1096295,1572,1767452569,1767447960.224154,False,1
fresh,1096295,1572,1767452569,1767447960.224154,False,1
fresh,1097262,1467,1767458499,1767453881.046055,False,1
fresh,1097100,1290,1767455789,1767455042.10863,False,1
fresh,1097101,1197,1767456323,1767455043.209543,False,1
fresh,1097101,1197,1767456323,1767455043.209543,False,1
fresh,1301552,786,1770095220,1769815863.136,False,1
fresh,1115092,1169,1767635925,1767633629.395,False,1
fresh,1114326,773,1767647315,1767633635.421,False,1
fresh,1114326,773,1767647315,1767633635.421,False,1
fresh,1114327,2449,1767637443,1767633635.676,False,1
fresh,1115676,1809,1767651615,1767647591.700937,False,1
fresh,1115677,1591,1767673547,1767647591.447125,False,1
fresh,1175937,284,1768323103,1768322436.992007,False,1
fresh,1119646,7178,1767679375,1767677017.255,False,1
fresh,2108001,126,1777507144,1777415741.871017,False,1
fresh,2108002,268,1777827020,1777415719.090769,False,1
fresh,2363168,565,1779881086,1779818225.514443,False,1
fresh,1119647,5750,1767680101,1767677015.369,False,1
fresh,1117255,672,1767678525,1767653953.694,False,1
fresh,1117256,409,1767850255,1767653953.948,False,1
fresh,1192770,2633,1768501840,1768497145.691144,False,1
fresh,1117273,1876,1767723215,1767712747.592,False,1
fresh,1117273,1876,1767723215,1767712747.592,False,1
fresh,1117274,899,1767744079,1767712747.846,False,1
fresh,1117274,899,1767744079,1767712747.846,False,1
fresh,1117275,1618,1767714117,1767712749.551,False,1
fresh,1124169,1973,1767729189,1767728179.753,False,1
fresh,1795911,443,1774990827,1774901550.540622,False,1
fresh,1138907,3237,1767923042,1767916547.686,False,1
fresh,1138908,2514,1767923050,1767916549.005,False,1
fresh,1138908,2514,1767923050,1767916549.005,False,1
fresh,1138909,1673,1767923060,1767916548.75,False,1
fresh,1183734,653,1768435486,1768429713.193052,False,1
fresh,1183735,624,1768434196,1768429714.242805,False,1
fresh,1183735,624,1768434196,1768429714.242805,False,1
fresh,1183736,981,1768435704,1768429714.496654,False,1
fresh,2925991,301,1784158316,1784064680.016024,False,1
fresh,2373847,705,1779929599,1779917322.216,False,1
fresh,1296852,2630,1769732384,1769731430.887,False,1
fresh,2479348,1791,1781141620,1781019083.137238,False,1
fresh,2479348,1791,1781141620,1781019083.137238,False,1
fresh,2252540,1545,1778791045,1778707712.421,False,1
fresh,2676498,1016,1782372752,1782348522.375091,False,1
fresh,2676506,1489,1782383267,1782348550.913,False,1
fresh,3517858,340,1786470888,1786467473.0,False,1
fresh,1397281,6412,1771596828,1771533763.403,False,1
fresh,1397290,608,1771581492,1771533766.258,False,1
fresh,1397291,1462,1771548586,1771533767.243943,False,1
fresh,2158709,3007,1777921862,1777918683.326,False,1
fresh,1403679,1832,1771639850,1771622240.767,False,1
fresh,1415606,211,1771805942,1771784475.780688,False,1
fresh,1415613,552,1771843594,1771784480.247615,False,1
fresh,1838758,4315,1775187713,1775182002.731906,False,1
fresh,2099041,1572,1777314392,1777313087.77221,False,1
fresh,2099041,1572,1777314392,1777313087.77221,False,1
fresh,1420294,4631,1771871970,1771870731.421,False,1
fresh,1420294,4631,1771871970,1771870731.421,False,1
fresh,2694437,511,1782646250,1782499231.305192,False,1
fresh,2694437,511,1782646250,1782499231.305192,False,1
fresh,1795655,3669,1774972027,1774900470.881,False,1
fresh,1553247,813,1773198783,1773186974.587,False,1
fresh,1553248,1593,1773190071,1773186974.332,False,1
fresh,1554168,1267,1773190375,1773187137.029,False,1
fresh,1707860,390,1774394949,1774380928.250625,False,1
fresh,1707860,390,1774394949,1774380928.250625,False,1
fresh,1720336,584,1774553953,1774471633.029,False,1
fresh,1720336,584,1774553953,1774471633.029,False,1
fresh,2749366,429,1782873742,1782862628.570059,False,1
fresh,1571983,464,1773361231,1773353809.782094,False,1
fresh,1571984,496,1773406321,1773353858.428281,False,1
fresh,1571984,496,1773406321,1773353858.428281,False,1
fresh,1571985,649,1773355453,1773353681.197555,False,1
fresh,1576153,1046,1773428037,1773425652.452738,False,1
fresh,1576154,1931,1773448915,1773425654.461767,False,1
fresh,1576154,1931,1773448915,1773425654.461767,False,1
fresh,2487275,828,1781328442,1781185954.650364,False,1
fresh,1628448,557,1773785483,1773784218.739121,False,1
fresh,1628449,3030,1773790067,1773784218.483327,False,1
fresh,1628449,3030,1773790067,1773784218.483327,False,1
fresh,1808927,2037,1774994037,1774977980.498648,False,1
fresh,1808927,2037,1774994037,1774977980.498648,False,1
fresh,2382771,991,1780040439,1780016539.863051,False,1
fresh,2125425,409,1777635122,1777578841.834624,False,1
fresh,2125426,500,1777824698,1777578840.025232,False,1
fresh,2127392,570,1777581252,1777576901.408974,False,1
fresh,2127064,2399,1777581674,1777576899.301243,False,1
fresh,2325607,690,1779410790,1779397810.408671,False,1
fresh,2287570,2220,1779115434,1779113538.578,False,1
fresh,2318063,230,1779411486,1779388232.367634,False,1
fresh,2318064,1393,1779391081,1779385356.992443,False,1
fresh,2318106,744,1779608512,1779386446.580097,False,1
fresh,2318107,1368,1779524918,1779385738.029156,False,1
fresh,2318182,769,1779455025,1779385929.724134,False,1
fresh,2318183,767,1779551619,1779385358.781916,False,1
fresh,2365030,667,1779847325,1779835640.615898,False,1
fresh,2365031,3232,1779847347,1779835634.48033,False,1
fresh,2370272,213,1779897966,1779894643.254463,False,1
fresh,2370273,523,1779897663,1779894645.000247,False,1
fresh,2371628,1718,1780058105,1779997341.762833,False,1
fresh,2466592,1091,1780889272,1780885634.693,False,1
fresh,2466592,1091,1780889272,1780885634.693,False,1
fresh,2746286,307,1783044419,1782845418.229545,False,1
fresh,2746286,307,1783044419,1782845418.229545,False,1
fresh,3902787,83,1788098772,1787755945.789137,False,1
fresh,2414229,617,1780360841,1780354606.542,False,1
fresh,2414230,806,1780357024,1780354604.54,False,1
fresh,3206142,1659,1785357821,1785344935.03123,False,1
fresh,3206143,1572,1785358961,1785344939.238553,False,1
fresh,3206143,1572,1785358961,1785344939.238553,False,1
fresh,2926628,1874,1784153299,1784069567.022,False,1
fresh,3667936,1459,1787010184,1786972796.057912,False,1
fresh,3667937,892,1787020806,1786972814.781557,False,1
fresh,2429573,342,1780619077,1780595253.448654,False,1
fresh,2429574,518,1780619550,1780595253.710735,False,1
fresh,2429574,518,1780619550,1780595253.710735,False,1
fresh,2429575,335,1780596562,1780595241.452539,False,1
fresh,2467334,5800,1780891647,1780885437.0642,False,1
fresh,2639519,2468,1782205894,1782179424.887723,False,1
fresh,2639519,2468,1782205894,1782179424.887723,False,1
fresh,3002443,380,1784724996,1784564118.357069,False,1
fresh,2591183,4810,1781750632,1781749343.651968,False,1
fresh,4118936,772,1788351291,1788344508.282697,False,1
fresh,4118936,772,1788351291,1788344508.282697,False,1
fresh,4118937,998,1788354871,1788344508.710196,False,1
fresh,4118937,998,1788354871,1788344508.710196,False,1
fresh,2591184,9005,1781750230,1781749345.632,False,1
fresh,2602760,139,1781885768,1781833837.300219,False,1
fresh,2602761,3912,1781879510,1781833836.229601,False,1
fresh,2602761,3912,1781879510,1781833836.229601,False,1
fresh,2602762,3385,1781879269,1781833838.295254,False,1
fresh,2853113,459,1783606735,1783557360.01256,False,1
fresh,2853114,414,1783602916,1783557358.289812,False,1
fresh,2853114,414,1783602916,1783557358.289812,False,1
fresh,2749365,342,1783035589,1782862493.829,False,1
fresh,2696759,456,1782558284,1782505832.319,False,1
fresh,2696760,1625,1782520282,1782501887.702311,False,1
fresh,2846148,489,1783534430,1783524969.313558,False,1
fresh,2846149,430,1783528330,1783524971.077566,False,1
fresh,2849355,616,1783540060,1783536274.741,False,1
fresh,2849356,1551,1783540078,1783537296.08,False,1
fresh,2849356,1551,1783540078,1783537296.08,False,1
fresh,3903056,290,1787837377,1787756488.815652,False,1
fresh,2851405,435,1783550831,1783549470.078,False,1
fresh,2851406,1492,1783553738,1783549302.861,False,1
fresh,2851406,1492,1783553738,1783549302.861,False,1
fresh,3902514,186,1787992618,1787754363.908408,False,1
fresh,2907300,710,1783963156,1783958556.652995,False,1
fresh,2907307,710,1783963154,1783958547.503472,False,1
fresh,2907307,710,1783963154,1783958547.503472,False,1
fresh,2907312,565,1783966264,1783960610.614465,False,1
fresh,2907312,565,1783966264,1783960610.614465,False,1
fresh,2907324,400,1783972925,1783958546.322632,False,1
fresh,2915513,581,1783997420,1783989134.876318,False,1
fresh,3701663,576,1787075473,1787070144.618025,False,1
fresh,2979836,566,1784436211,1784429640.376746,False,1
fresh,3190237,247,1785349494,1785272978.080999,False,1
fresh,3190237,247,1785349494,1785272978.080999,False,1
fresh,2979837,632,1784451739,1784429641.39991,False,1
fresh,2995849,419,1784519260,1784514434.564296,False,1
fresh,2995850,659,1784520820,1784514433.523853,False,1
fresh,2995865,759,1784517315,1784514991.14,False,1
fresh,2995866,1482,1784517283,1784514993.154,False,1
fresh,3005946,239,1784583000,1784580832.225367,False,1
fresh,3005947,630,1784696611,1784580835.089858,False,1
fresh,3089430,409,1784923867,1784919945.286833,False,1
fresh,3089431,721,1784922043,1784919943.511792,False,1
fresh,3324624,2893,1785813153,1785812380.617,False,1
fresh,3324625,1384,1785816770,1785812372.087,False,1
fresh,3324625,1384,1785816770,1785812372.087,False,1
fresh,3701629,951,1787090662,1787070054.395118,False,1
fresh,3701629,951,1787090662,1787070054.395118,False,1
fresh,3701662,1242,1787084314,1787070059.133159,False,1
fresh,3348047,2035,1785902082,1785883711.927,False,1
fresh,3491476,779,1786408827,1786375664.327785,False,1
fresh,3491476,779,1786408827,1786375664.327785,False,1
fresh,3348048,2843,1785887760,1785883730.418,False,1
fresh,3348048,2843,1785887760,1785883730.418,False,1
fresh,3956904,2224,1787951704,1787943994.078784,False,1
fresh,3956904,2224,1787951704,1787943994.078784,False,1
fresh,3956905,1058,1787982021,1787943996.893109,False,1
fresh,3956905,1058,1787982021,1787943996.893109,False,1
fresh,3491474,3728,1786408836,1786375577.86,False,1
fresh,3491474,3728,1786408836,1786375577.86,False,1
fresh,3954617,1480,1788011487,1787944012.046047,False,1
fresh,3350267,161,1785895976,1785889572.631498,False,1
fresh,3350268,296,1785897867,1785889752.554813,False,1
fresh,3701623,736,1787070610,1787069748.0,False,1
fresh,3701625,652,1787070958,1787069749.0,False,1
fresh,3900265,310,1787740597,1787737795.841091,False,1
fresh,3900266,642,1787833726,1787737793.692021,False,1
fresh,3741669,474,1787225580,1787220468.410997,False,1
fresh,3733198,1427,1787203632,1787186357.0,False,1
fresh,3733198,1427,1787203632,1787186357.0,False,1
fresh,3741671,500,1787398291,1787220487.089435,False,1
fresh,3860598,518,1787617048,1787607502.0,False,1
fresh,3860599,766,1787617449,1787607502.0,False,1
fresh,3860599,766,1787617449,1787607502.0,False,1
fresh,3860600,774,1787619685,1787607502.0,False,1
fresh,4383152,900,1788897985,1788895773.0,False,1
fresh,4383153,941,1788898500,1788895773.0,False,1
fresh,4383153,941,1788898500,1788895773.0,False,1
fresh,4383154,526,1788899910,1788895773.0,False,1
fresh,4412199,1052,1788983674,1788969614.0,False,1
fresh,4412200,863,1788974826,1788969614.0,False,1
fresh,4412200,863,1788974826,1788969614.0,False,1
fresh,4412201,704,1788970876,1788969615.0,False,1
fresh,4451521,610,1789074984,1789070739.0,False,1
fresh,4451522,650,1789076820,1789070738.0,False,1
fresh,4451522,650,1789076820,1789070738.0,False,1
fresh,4451523,759,1789083448,1789070739.0,False,1
fresh,4619163,2115,1789580022,1789577127.0,False,1
fresh,4487273,6001,1789171206,1789169184.0,False,1
fresh,4885967,2211,1790193659,1790187234.0,False,1
fresh,4619164,1920,1789581958,1789577127.0,False,1
fresh,4824012,592,1790031186,1790028650.0,False,1
fresh,4824013,544,1790032420,1790028650.0,False,1
fresh,4867450,1730,1790118712,1790116873.0,False,1
fresh,4867452,742,1790126414,1790116873.0,False,1
