rank,market,cls,closures,pm_both_ends,fetch_failed,qualifies
1,fed-decreases-interest-rates-by-50-bps-after-january-2026-meeting,fed,73,73,0,True
2,will-the-fed-increase-interest-rates-by-25-bps-after-the-march-2026-meeting,fed,43,43,0,True
3,fed-decreases-interest-rates-by-50-bps-after-december-2025-meeting,fed,92,91,0,True
4,fed-increases-interest-rates-by-25-bps-after-november-2024-meeting,fed,68,67,0,True
5,fed-increases-interest-rates-by-25-bps-after-october-2025-meeting,fed,92,92,0,True
6,will-the-fed-increase-interest-rates-by-25-bps-after-the-april-2026-meeting,fed,32,32,0,True
7,fed-increases-interest-rates-by-25-bps-after-september-2025-meeting,fed,90,90,0,True
8,fed-increases-interest-rates-by-25-bps-after-january-2025-meeting,fed,53,53,0,True
9,fed-increases-interest-rates-by-25-bps-after-july-2025-meeting,fed,91,90,0,True
10,fed-decreases-interest-rates-by-50-bps-after-june-2025-meeting,fed,90,90,0,True
19,us-recession-by-end-of-2026,recession,64,64,0,True
24,will-inflation-reach-more-than-3-in-2025,inflation,225,225,0,True
26,us-recession-in-2024-1,recession,103,103,0,True
28,us-recession-announced-by-nber-before-june-2025,recession,147,147,0,True
29,negative-gdp-growth-in-q2-2025,gdp,79,79,0,True
30,negative-gdp-growth-in-q3-2025,gdp,180,180,0,True
31,negative-gdp-growth-in-q1-2025,gdp,40,40,0,True
32,will-annual-inflation-increase-by-39-or-higher-in-december,inflation,67,67,0,True
33,will-annual-inflation-increase-by-2pt3-or-less-in-april,inflation,22,22,0,True
35,will-us-gdp-growth-in-q2-2025-be-greater-than-2,gdp,61,61,0,True
39,5-gdp-contraction-in-q3-2025,gdp,181,181,0,True
41,will-inflation-reach-more-than-5-in-2026-282-763,inflation,31,31,0,True
44,will-annual-inflation-increase-by-2pt2-or-less-in-may,inflation,20,20,0,True
45,will-annual-inflation-increase-by-2pt6-or-less-in-august,inflation,21,21,0,True
46,will-monthly-inflation-increase-by-0pt5-or-more-in-march,inflation,21,21,0,True
47,will-us-annual-inflation-be-2pt6-or-less-in-december,inflation,22,22,0,True
48,will-us-gdp-growth-in-q2-2025-be-less-than-1pt0,gdp,100,100,0,True
49,negative-gdp-growth-in-2025,gdp,186,186,0,True
50,will-annual-inflation-increase-by-3pt3-or-more-in-september,inflation,30,30,0,True
53,will-us-gdp-growth-in-q4-2025-be-greater-than-3pt5,gdp,43,43,0,True
54,will-annual-inflation-increase-by-2pt6-or-more-in-june,inflation,22,22,0,True
57,will-us-gdp-growth-be-less-than-2-in-q1-2025,gdp,40,40,0,True
59,will-us-gdp-growth-in-2025-be-less-than-0pt5,gdp,95,95,0,True
60,will-the-september-2025-unemployment-rate-be-4pt5,unemployment,45,45,0,True
63,will-the-may-2025-unemployment-rate-be-4pt1,unemployment,24,24,0,True
68,will-the-november-2025-unemployment-rate-be-4pt6,unemployment,19,19,0,True
