entry_day,exit_day,segment,stock_entry_asof,stock_exit_asof,stock_closure_return,fixed_half_spy_return,gross_event_return,event_return,gross_put_minus_half_spy,net_put_minus_half_spy
2025-10-03,2025-10-06,IS,669.55,670.32,0.0011500261369576936,0.0005750130684788468,0.0008805970149253729,0.0008014925373134332,0.0003055839464465261,0.0002264794688345864
2025-10-10,2025-10-13,IS,653.67,661.09,0.011351293466122181,0.0056756467330610905,0.00680640243902439,0.006458841463414635,0.0011307557059632998,0.0007831947303535442
2025-10-17,2025-10-20,IS,664.602,668.69,0.006151049801234487,0.0030755249006172436,0.003999999999999999,0.003875187969924811,0.0009244750993827556,0.0007996630693075674
2025-10-24,2025-10-27,IS,677.67,682.75,0.007496273997668501,0.0037481369988342506,0.003458702064896756,0.003387905604719765,-0.0002894349339374945,-0.00036023139411448576
2025-10-31,2025-11-03,IS,683.06,683.17,0.0001610400257663347,8.052001288316735e-05,0.0007383040935672512,0.0004195906432748549,0.0006577840806840839,0.00033907063039168754
2025-11-07,2025-11-10,IS,669.81,678.77,0.013376927785491377,0.0066884638927456885,0.00563527653213752,0.0055261584454409565,-0.001053187360608169,-0.001162305447304732
2025-11-14,2025-11-17,IS,671.67,671.985,0.000468980302827271,0.0002344901514136355,0.0005572065378900445,0.00042644873699851257,0.00032271638647640905,0.00019195858558487708
2025-11-21,2025-11-24,IS,658.96,662.89,0.005963943183197706,0.002981971591598853,0.003984848484848485,0.0038136363636363637,0.001002876893249632,0.0008316647720375105
2025-11-26,2025-11-28,IS,680.26,681.27,0.0014847264281303563,0.0007423632140651781,0.00027165932452276076,-0.00010719530102790023,-0.00047070388954241737,-0.0008495585150930784
2025-11-28,2025-12-01,IS,682.55,679.25,-0.004834810636583309,-0.0024174053182916544,-0.0025439882697947227,-0.0027463343108504405,-0.00012658295150306826,-0.00032892899255878606
2025-12-05,2025-12-08,IS,685.1,685.92,0.0011969055612317536,0.0005984527806158768,0.0006341107871720111,0.0005349854227405247,3.565800655613426e-05,-6.346735787535207e-05
2025-12-12,2025-12-15,IS,681.361,683.62,0.0033154231017038516,0.0016577115508519258,0.0020337738619676943,0.0017283406754772387,0.0003760623111157685,7.06291246253129e-05
2025-12-19,2025-12-22,IS,680.4999,683.23,0.004011903602043176,0.002005951801021588,0.0019779411764705877,0.0019073529411764696,-2.8010624551000514e-05,-9.859885984511859e-05
2025-12-24,2025-12-26,IS,690.335,691.55,0.001760015065149334,0.000880007532574667,0.0009551374819102751,0.0008929088277858181,7.512994933560812e-05,1.2901295211151047e-05
2025-12-26,2025-12-29,IS,690.07,688.43,-0.002376570492848673,-0.0011882852464243365,-0.0012536231884057968,-0.0014536231884057975,-6.533794198146023e-05,-0.00026533794198146097
2025-12-31,2026-01-02,IS,682.5079,684.9302,0.003549116427809862,0.001774558213904931,0.001844802342606149,0.0016647144948755488,7.024412870121799e-05,-0.00010984371902938213
2026-01-02,2026-01-05,IS,682.485,687.4,0.0072016234789042954,0.0036008117394521477,0.002972181551976574,0.0028945827232796486,-0.0006286301874755735,-0.0007062290161724992
2026-01-09,2026-01-12,IS,694.55,692.7499,-0.0025917500539917038,-0.0012958750269958519,-0.0012374100719424453,-0.0013424460431654664,5.846495505340663e-05,-4.65710161696145e-05
2026-01-16,2026-01-20,IS,692.34,683.185,-0.013223271802871528,-0.006611635901435764,-0.009450867052023122,-0.009628612716763007,-0.002839231150587358,-0.0030169768153272426
2026-01-23,2026-01-26,IS,689.075,692.185,0.004513296810942036,0.002256648405471018,0.0021698113207547155,0.002100145137880987,-8.683708471630231e-05,-0.00015650326759003097
2026-01-30,2026-02-02,IS,691.31,692.59,0.0018515571885262538,0.0009257785942631269,0.001768115942028985,0.0016188405797101452,0.0008423373477658581,0.0006930619854470183
2026-02-06,2026-02-09,IS,692.0,691.195,-0.0011632947976878416,-0.0005816473988439208,7.246376811594048e-05,-6.23188405797118e-05,0.0006541111669598613,0.0005193285582642091
2026-02-13,2026-02-17,IS,681.44,680.73,-0.0010419112467715541,-0.0005209556233857771,0.0005286343612334794,0.00034801762114537315,0.0010495899846192564,0.0008689732445311502
2026-02-20,2026-02-23,IS,688.83,687.54,-0.0018727407342886693,-0.0009363703671443346,-0.0004869186046511628,-0.000614825581395349,0.00044945176249317186,0.0003215447857489856
2026-02-27,2026-03-02,IS,685.58,682.08,-0.005105166428425512,-0.002552583214212756,-0.0028717201166180754,-0.003342565597667637,-0.00031913690240531955,-0.0007899823834548814
2026-03-06,2026-03-09,IS,672.6,664.37,-0.012236098721379762,-0.006118049360689881,-0.004985119047619045,-0.005316964285714278,0.0011329303130708365,0.000801085074975603
2026-03-13,2026-03-16,IS,662.05,669.64,0.01146439090703133,0.005732195453515665,0.008043806646525679,0.007925981873111783,0.002311611193010014,0.002193786419596118
2026-03-20,2026-03-23,IS,647.81,657.995,0.015722202497646,0.007861101248823,0.007472952086553325,0.0070741885625966,-0.0003881491622696742,-0.0007869126862263993
2026-03-27,2026-03-30,IS,634.05,637.17,0.004920747575112294,0.002460373787556147,0.004519685039370078,0.00435748031496063,0.002059311251813931,0.001897106527404483
2026-04-02,2026-04-06,IS,655.4612,656.755,0.0019738773248516583,0.0009869386624258292,0.002370030581039756,0.0022431192660550465,0.001383091918613927,0.0012561806036292173
2026-04-10,2026-04-13,IS,678.85,676.97,-0.0027693894085585313,-0.0013846947042792657,-0.0006617647058823519,-0.0008279411764705879,0.0007229299983969137,0.0005567535278086777
2026-04-17,2026-04-20,IS,710.18,708.825,-0.0019079669942829725,-0.0009539834971414862,-0.0008956276445698176,-0.0009633286318758815,5.83558525716686e-05,-9.345134734395312e-06
2026-04-24,2026-04-27,IS,714.1,713.71,-0.0005461419969191583,-0.00027307099845957916,0.0005392156862745108,0.0004439775910364147,0.0008122866847340899,0.0007170485894959939
2026-05-01,2026-05-04,IS,721.29,719.95,-0.0018577825839813933,-0.0009288912919906966,-0.0003601108033240994,-0.0005166204986149577,0.0005687804886665973,0.000412270793375739
2026-05-08,2026-05-11,IS,737.46,738.39,0.0012610853470018668,0.0006305426735009334,0.0008616010854816822,0.000755766621438263,0.0002310584119807488,0.0001252239479373296
2026-05-15,2026-05-18,IS,738.94,738.04,-0.0012179608628577476,-0.0006089804314288738,0.00016216216216216232,6.351351351351298e-05,0.0007711425935910362,0.0006724939449423868
2026-05-22,2026-05-26,IS,745.42,750.63,0.0069893482868719214,0.0034946741434359607,0.003941018766756033,0.0038297587131367306,0.0004463446233200722,0.0003350845697007699
2026-05-29,2026-06-01,IS,756.565,756.24,-0.00042957313647873363,-0.00021478656823936682,7.26552179656547e-05,-9.643328929986622e-05,0.0002874417862050215,0.00011835327893950059
2026-06-05,2026-06-08,IS,739.115,742.72,0.004877454793908997,0.0024387273969544987,0.003204607046070461,0.0030040650406504073,0.0007658796491159625,0.0005653376436959086
2026-06-12,2026-06-15,IS,741.25,752.84,0.01563575042158516,0.00781787521079258,0.007017543859649123,0.006878542510121458,-0.0008003313511434568,-0.000939332700671122
2026-06-18,2026-06-22,IS,747.44,748.23,0.0010569410253664646,0.0005284705126832323,0.0011863270777479889,0.0010683646112600524,0.0006578565650647566,0.0005398940985768201
2026-06-26,2026-06-29,IS,733.15,739.24,0.008306622110072936,0.004153311055036468,0.0036816939890710384,0.0035751366120218577,-0.00047161706596542986,-0.0005781744430146105
2026-07-02,2026-07-06,IS,744.5,748.64,0.005560779046339892,0.002780389523169946,0.0022843665768194073,0.001977088948787063,-0.0004960229463505388,-0.0008033005743828831
2026-07-10,2026-07-13,IS,755.1,752.99,-0.002794331876572631,-0.0013971659382863155,-0.0012913907284768213,-0.0013814569536423846,0.00010577520980949422,1.570898464393097e-05
2026-07-17,2026-07-20,IS,743.97,748.56,0.006169603613048746,0.003084801806524373,0.0033310901749663523,0.0032530282637954233,0.00024628836844197907,0.00016822645727105007
2026-07-24,2026-07-27,OOS,738.47,743.45,0.006743672728749983,0.0033718363643749916,0.003367208672086721,0.0032073170731707315,-4.62769228827065e-06,-0.00016451929120426005
2026-07-31,2026-08-03,OOS,748.595,751.58,0.0039874698602047065,0.0019937349301023533,0.001753681392235609,0.0016425702811244981,-0.00024005353786674425,-0.0003511646489778551
2026-08-07,2026-08-10,OOS,772.85,772.66,-0.00024584330723953496,-0.00012292165361976748,0.0004398447606727036,0.00038421733505821545,0.0005627664142924711,0.0005071389886779829
2026-08-14,2026-08-17,OOS,776.2,775.565,-0.0008180881216180991,-0.00040904406080904954,0.00013530927835051545,7.345360824742304e-05,0.000544353339159565,0.0004824976690564726
2026-08-21,2026-08-24,OOS,765.9,762.19,-0.004843974409191709,-0.0024219872045958546,-0.0022127937336814613,-0.002366840731070496,0.0002091934709143933,5.514647352535852e-05
2026-08-28,2026-08-31,OOS,769.36,765.805,-0.004620723718415376,-0.002310361859207688,-0.0022272727272727283,-0.0023675324675324684,8.308913193495965e-05,-5.717060832478036e-05
2026-09-04,2026-09-08,OOS,770.395,767.29,-0.0040303999896157405,-0.0020151999948078703,-0.0018831168831168824,-0.0019389610389610392,0.0001320831116909879,7.623895584683111e-05
2026-09-11,2026-09-14,OOS,764.66,759.41,-0.006865796563178428,-0.003432898281589214,-0.004045751633986929,-0.004147712418300654,-0.0006128533523977152,-0.0007148141367114402
2026-09-18,2026-09-21,OOS,761.41,766.855,0.007151206314600644,0.003575603157300322,0.002858081471747701,0.0028081471747700396,-0.0007175216855526212,-0.0007674559825302826
2026-09-25,2026-09-28,OOS,771.8,767.63,-0.005402954133195026,-0.002701477066597513,-0.0022337662337662332,-0.002289610389610389,0.0004677108328312797,0.0004118666769871238
