quote_rule,segment,variant,theta,exit_on,cost_mult,start,end,entries,pairs_traded,exits,open_at_end,pnl_mid,pnl_liq,pnl_locked,mean_pnl_per_trade_mid,ci_lo_mid,ci_hi_mid,mean_pnl_per_trade_locked,ci_lo_locked,ci_hi_locked,sharpe_mid,ann_return,ann_vol,max_drawdown,worst_month,worst_month_label,turnover_ann,days,daily_sharpe,skew,kurtosis,mean_edge_bp,fees_bp,spread_bp,carry_bp,capital_base,max_capital_locked,verified_entries,verified_share,prints_reach_share,pnl_mid_verified,pnl_locked_verified,edge_at_entry_verified,verified_pairs,verified_contracts,sharpe_mid_verified,max_drawdown_verified,mean_pnl_per_verified_trade,ci_lo_verified,ci_hi_verified,entries_pm_market_under_48h,entries_pm_price_45_55,median_abs_gap_at_entry,deflated_sharpe_prob
registered,IS,V0,0.01,True,1.0,2025-10-03T23:22:00Z,2026-07-22T23:18:00Z,61,9,56,5,450.43528215604067,426.58434802796853,467.87388335888886,7.384184953377719,5.762190012824704,9.571789137518566,7.670063661621133,6.237564840488204,9.95639586662749,2.9875646275912398,0.17062104816648996,0.05691495495424439,0.012663617487061664,-0.0022897590055682288,2026-03,4.196286001947155,293,0.15637627963655779,5.93308591577839,65.95734741518257,738.9677648933399,211.22489573478177,291.4399061983818,343.74411782319044,3300.0,472.0687155420177,2,0.03278688524590164,0.639344262295082,1.4540494040207825,6.182613477326646,3.8632760509222597,2,200.0,0.11580494464259887,0.0023268032756084463,0.7270247020103913,nan,nan,4,13,0.09999999776482582,0.9838312489132288
registered,OOS,V0,0.01,True,1.0,2026-07-22T23:18:00Z,2026-10-03T23:18:00Z,99,20,85,14,637.2818543410759,577.4221908811162,665.6637938336966,6.437190447889658,4.920002587842524,8.834404867036552,6.723876705390877,5.234886069746906,9.124128771059521,7.163389206491692,0.9655785671834484,0.13297200259679348,0.02481209758564769,0.03542790710848609,2026-07,27.06185467894218,74,0.374948927750228,0.47848517611207525,5.791063638820223,648.4391099680587,217.66959688002626,421.70217568893463,113.67832364743323,3300.0,1317.1683457611841,15,0.15151515151515152,0.8787878787878788,65.66631396668897,71.57336319114083,47.50379394736404,5,1234.48875,4.531352924089608,0.0019360398966644446,4.377754264445931,2.0353559388614935,7.6557185802539225,18,17,0.08500000089406967,0.9405377163017259
registered,IS,V0,0.01,True,2.0,2025-10-03T23:22:00Z,2026-07-22T23:18:00Z,26,8,23,3,222.3937195694639,195.9847418169848,229.18371746318036,8.553604598825531,5.2927944814224475,17.219166129960986,8.814758363968473,5.742356434130688,17.11440982601153,2.0267175434963796,0.08424084666938093,0.04142290911422803,0.010409862891043446,-0.0016790793548690786,2026-07,1.6834207798996388,293,0.1060832446599277,3.4102482452348304,32.30732146768431,1036.8661157834058,481.96388846432603,533.7728035814997,635.7424007727433,3300.0,284.3373788327656,4,0.15384615384615385,0.6538461538461539,-7.454055621489751,5.54397102469917,5.549391697855231,2,268.99,-0.5655361745639615,0.004588835724763648,-1.8635139053724374,nan,nan,3,12,0.1850000023841858,0.9279646101489442
registered,OOS,V0,0.01,True,2.0,2026-07-22T23:18:00Z,2026-10-03T23:18:00Z,38,19,26,12,307.05606484693374,216.10966418842793,318.52976397823915,8.080422759129835,5.00866784233067,12.03550500514759,8.382362209953662,5.485275434911817,12.183245243889312,4.859113565055896,0.4652364618892935,0.09445127728133143,0.014661167836714284,0.003256389722123193,2026-08,9.148152583995707,74,0.2543376282532875,0.8521867452447647,4.530949846537746,936.3985667760877,438.5657506232454,767.0192309657681,249.56588139870223,3300.0,1078.9445115731796,9,0.23684210526315788,0.7631578947368421,40.62209412578265,44.00915888603765,32.276483915509765,6,418.360977,2.9053886945508376,0.0033620126523858885,4.513566013975851,0.17556135375016613,11.084366017730762,10,10,0.15999998152256012,0.9389637628269447
registered,IS,V1,0.02,True,1.0,2025-10-03T23:22:00Z,2026-07-22T23:18:00Z,51,9,46,5,467.10725371927435,443.25631959120216,484.54585492212254,9.158965759201461,7.374523921455443,11.793495976948044,9.500899116120053,8.115917862864132,12.083984474493532,3.2276484373776904,0.17693624898625035,0.05463131966992694,0.008445916164925918,-0.0019623084622357595,2026-03,3.455293436306387,293,0.16894284058344045,6.474529884404803,68.39093949877122,945.256240997525,215.68818869356662,334.6987796851765,338.2867697421434,3300.0,472.0687155420177,2,0.0392156862745098,0.6666666666666666,-0.6613320827219331,4.06723199058393,3.470835284928245,2,126.0,-0.11036507672099277,0.001969036802469878,-0.33066604136096656,nan,nan,4,14,0.1249999850988388,0.9965529493111889
registered,OOS,V1,0.02,True,1.0,2026-07-22T23:18:00Z,2026-10-03T23:18:00Z,84,20,71,13,654.1063070068482,598.3822443624229,677.8905805114515,7.786979845319623,6.0739089827514166,10.326524619377269,8.070125958469664,6.386396114999309,10.654421332857714,7.243885015521545,0.9910701621315882,0.13496588087854844,0.021894457678575452,0.03609001526428778,2026-07,22.626808692837816,74,0.3791622709616758,0.5852756927377122,5.875300018859719,810.1089073341618,222.27543001035352,511.6190293710292,116.35652900086978,3300.0,1209.236825105212,14,0.16666666666666666,0.8571428571428571,51.843421259753164,62.92658098431241,48.94242531382245,7,1024.43875,3.821996276558527,0.002480480736473654,3.703101518553798,0.7336051970311803,6.4661138582308,16,15,0.10250002145767212,0.9479273179518115
registered,IS,V1,0.02,True,2.0,2025-10-03T23:22:00Z,2026-07-22T23:18:00Z,21,8,18,3,219.1077926961219,192.69881494364282,226.0824551343859,10.433704414101038,6.486405949961021,19.364549226189958,10.765831196875515,7.065401528459897,19.63863845130573,2.031987349405637,0.08299616555860188,0.04070503459405756,0.010409862891043446,-0.0004950768503244052,2026-07,1.3224783456781244,293,0.10635907890795895,3.63012002602074,34.611148074646806,1301.25561505676,496.3843693587704,561.0242584896919,641.2637606001305,3300.0,278.5845336836777,2,0.09523809523809523,0.6666666666666666,-0.06153933868971628,2.956828281123184,2.972011559108832,1,120.468358,-0.012099472174511003,0.0015202564256298803,-0.03076966934485814,nan,nan,3,11,0.24500001221895218,0.9311174313199018
registered,OOS,V1,0.02,True,2.0,2026-07-22T23:18:00Z,2026-10-03T23:18:00Z,33,18,23,10,321.02485394723027,243.88372143127214,330.31278942643405,9.728025877188797,6.435002399846343,13.902848399331983,10.009478467467696,6.891569330511619,14.147747881634585,5.045400356814982,0.4864012938594398,0.09510212658421854,0.014660805460230988,0.002579336515061696,2026-08,7.936572597947303,74,0.2640883245802162,0.9242583474346368,4.8765932103387994,1124.7761452266336,464.0569427701161,864.8666205589836,259.1732126055071,3300.0,883.38228073572,7,0.21212121212121213,0.7272727272727273,38.97584597802262,44.55882873391911,33.28889115339396,5,423.836887,2.771845937467539,0.003176687084798325,5.567977996860374,-0.2910319163881822,12.99994863762532,10,9,0.1899999976158142,0.9509036124677605
registered,IS,V2,0.03,True,1.0,2025-10-03T23:22:00Z,2026-07-22T23:18:00Z,45,9,40,5,453.8635603657122,430.01262623764006,471.428995540439,10.085856897015828,8.133440165652862,12.971528000029418,10.476199900898646,9.01914068816443,13.28034990090172,3.307539160176385,0.17191965075095147,0.0518002224879112,0.008417299318272939,-0.0016400455817424386,2026-03,3.004579996666383,293,0.17312451213402646,6.199657998654117,63.34829493007244,1094.1584786724832,217.63545729348957,320.7817715263373,336.5136579147641,3300.0,464.667293766772,2,0.044444444444444446,0.6444444444444445,7.8823814494411,7.8823814494411,6.544456520098547,2,126.0,0.8030021320045202,0.001168443743081629,3.94119072472055,nan,nan,4,14,0.14499998837709427,0.9973829034179543
registered,OOS,V2,0.03,True,1.0,2026-07-22T23:18:00Z,2026-10-03T23:18:00Z,70,20,60,10,677.7451634837206,634.5037976186898,692.4095158829914,9.682073764053154,7.750455789294526,12.556170048937172,9.891564512614167,8.092431747148575,12.78404680903755,8.240691815500737,1.0268866113389705,0.12292775751355298,0.020975340315577025,0.03749932770041142,2026-07,18.832275337018782,74,0.43133752349264654,0.9177707711576275,6.925659717641336,1015.9714122088171,226.3083191434246,550.9047920771469,116.4190170417482,3300.0,901.5723241290441,10,0.14285714285714285,0.8285714285714286,49.94899590185817,54.565937764876665,41.49140459273589,6,622.13875,3.931203239212749,0.0024133777876011145,4.994899590185817,1.4830013655993335,10.593502514791247,15,15,0.12999998778104782,0.9848799415265002
registered,IS,V2,0.03,True,2.0,2025-10-03T23:22:00Z,2026-07-22T23:18:00Z,20,8,17,3,220.82135766041054,194.41237990793147,227.88372059156063,11.041067883020526,7.1259031892168245,19.488727825530272,11.394186029578028,7.784656156453366,19.83895836037373,2.056759177267952,0.08364524937128381,0.04052928443422283,0.010409862891043446,-0.00037384498292100665,2026-07,1.2489790158125187,293,0.1076556956389012,3.668865035671208,35.19536340851559,1377.0545086541056,499.17311268908816,578.7645465875064,653.0362014840183,3300.0,276.218735998436,0,0.0,0.65,0.0,0.0,0.0,0,0.0,nan,0.0,nan,nan,nan,3,11,0.2575000002980232,0.9351994124607983
registered,OOS,V2,0.03,True,2.0,2026-07-22T23:18:00Z,2026-10-03T23:18:00Z,27,17,21,6,321.9823618033355,274.9393328099897,321.39435249489077,11.925272659382793,8.407341164940169,16.218976982017196,11.903494536847804,8.416721317649106,16.177804402605492,5.02347669033748,0.4878520633383871,0.09580207046915488,0.01434872941680126,0.004387199475058501,2026-08,6.751507225356177,74,0.26294078742969484,0.9695546291245307,4.883427574386471,1354.9715827980385,478.1144187837433,951.9211632354328,273.3130695078641,3300.0,499.21054601134324,5,0.18518518518518517,0.6666666666666666,39.2095807948707,39.2095807948707,27.939643214345548,3,223.836887,3.109560464917789,0.00013466279324015685,7.841916158974141,0.14238588637596014,17.372220652975106,10,9,0.23999997973442078,0.9509648385793392
registered,IS,V3,0.01,False,1.0,2025-10-03T23:22:00Z,2026-07-22T23:18:00Z,9,9,0,9,114.52262707750101,79.96113773823201,110.69192575406313,12.72473634194456,4.439083616478798,21.01354129379164,12.299102861562572,5.069979585868468,20.547309596540394,0.9773459606779052,0.04338019565699605,0.044233803439547976,0.014519446007605174,-0.0024962569304686696,2026-01,0.29034121089045956,293,0.051156625646572994,1.2636517075935327,18.276363166711107,1700.723855407961,247.90022459008352,435.60790677160736,293.7189535768646,3300.0,766.4935050765672,0,0.0,0.2222222222222222,0.0,0.0,0.0,0,0.0,nan,0.0,nan,nan,nan,3,4,0.1600000113248825,0.3665417492316925
registered,OOS,V3,0.01,False,1.0,2026-07-22T23:18:00Z,2026-10-03T23:18:00Z,20,20,0,20,274.3228163796016,195.80886591437576,260.3076788721619,13.716140818980083,8.242779399207116,19.778783649564346,13.015383943608095,7.622817810575481,19.184584899108376,2.5485667851638563,0.4156406308781842,0.16088409689043515,0.02812660102811487,0.011691801245917396,2026-08,2.595646551899192,74,0.13339808236735962,1.136002836389326,6.490734820495756,1869.57423710084,247.10888058765227,792.7232579950326,158.87307277397258,3300.0,1713.1267242534668,1,0.05,0.55,8.381757086569024,1.3947677416915332,1.3947677416915272,1,100.0,0.6517306880354978,0.004262533511843087,8.381757086569024,nan,nan,10,7,0.2149999989196658,0.2914294101089363
registered,IS,V3,0.01,False,2.0,2025-10-03T23:22:00Z,2026-07-22T23:18:00Z,8,8,0,8,120.53836704323425,67.16432272548545,107.82008020914382,15.06729588040428,6.476221475362855,22.701049498654744,13.477510026142976,6.686541642959089,20.02204394755396,1.046018997334927,0.0456589067151917,0.043500779160886766,0.0160921726257379,-0.002355991674377094,2026-03,0.24728472805441473,293,0.05475113666889298,1.6077653815229738,14.699483649832398,1824.9522153468483,492.20988450975267,693.2875328789246,606.3912685502282,3300.0,652.8254717166033,1,0.125,0.125,-8.623216569171472,1.3564424572045481,1.356442457204543,1,100.0,-0.8584297654088058,0.0033248403539752683,-8.623216569171472,nan,nan,3,6,0.3149999901652336,0.6491313965337998
registered,OOS,V3,0.01,False,2.0,2026-07-22T23:18:00Z,2026-10-03T23:18:00Z,19,19,0,19,224.84907614604643,83.48300152292768,200.26114247040942,11.834161902423496,6.233313316954704,17.563911856539118,10.54006013002155,5.685937171673543,16.133642639475198,2.679488286353279,0.34068041840310065,0.1254256757444584,0.02187680616757462,0.006536466788870017,2026-08,2.501074249331927,74,0.1402508269377563,0.9059821739257464,4.724577185990248,1463.4498548670251,481.91495520983995,955.249626741928,302.63291456380676,3300.0,1650.709004559072,2,0.10526315789473684,0.5789473684210527,2.971345046766756,2.0804541506095666,2.080454150609566,2,15.106817,1.5179793654465177,0.0005519985953604589,1.485672523383378,nan,nan,9,8,0.25,0.6804024746502602
kalshi_carry_6h,IS,V0,0.01,True,1.0,2025-10-03T23:22:00Z,2026-07-22T23:18:00Z,65,9,61,4,485.30989310114336,466.945390033123,504.7801537931143,7.466306047709898,5.212551133709465,10.217778700851232,7.765848519894066,5.797867989054057,10.386172358802254,2.8641940863179483,0.18383125373779916,0.06396287925594868,0.012663617487061664,-0.0022897590055682426,2026-03,4.5115161888534425,293,0.14991877037202336,7.529647611559802,92.56366747033225,784.4121531484592,216.2570857487511,308.0266226263532,340.68215252897784,3300.0,381.24011860950543,3,0.046153846153846156,0.6615384615384615,4.27948453869058,9.008048611996443,6.640379576898525,2,300.0,0.25656685448833744,0.003169870702707494,1.4264948462301934,nan,nan,4,16,0.10000002384185791,0.985492674353763
kalshi_carry_6h,OOS,V0,0.01,True,1.0,2026-07-22T23:18:00Z,2026-10-03T23:18:00Z,117,21,103,14,798.9472508718526,739.3013225077802,820.6482915022605,6.828608981810706,5.429056993464225,8.91897781770739,7.014087961557781,5.604053526966365,9.138453784987496,8.341157702006521,1.210526137684625,0.14316569941811524,0.025361527115503962,0.03960139994035396,2026-07,32.33836056802261,74,0.43659614833278265,0.4232228163033523,4.999321385341463,660.5669510557793,219.19802902499057,423.38894722668493,118.74925203918353,3300.0,1308.8436422121795,16,0.13675213675213677,0.8290598290598291,58.34318820273161,64.19693482512156,48.138803389671146,6,1162.48875,4.508296455419857,0.0021615273517971,3.646449262670726,1.3419031017415157,6.308882748499609,19,19,0.08500000089406967,0.9808392349604582
kalshi_carry_6h,IS,V0,0.01,True,2.0,2025-10-03T23:22:00Z,2026-07-22T23:18:00Z,28,8,25,3,242.20253217022875,215.67063442597032,252.49252970631727,8.650090434651025,5.182384841083298,16.64587132577729,9.017590346654186,5.77056984116454,17.114460157970274,2.058463082423819,0.09174425615519745,0.04441676259778977,0.010409862891043446,-0.002739638048937218,2026-07,1.812026473504898,293,0.10774488211094178,4.36833726650286,42.50080700703957,1092.4374978480328,490.4027882647761,606.6366780690322,652.9615671885193,3300.0,284.3373788327656,4,0.14285714285714285,0.6785714285714286,2.9324547894888933,5.950822409301793,6.090103254770945,2,176.99,0.4107126870057554,0.00167909297090523,0.7331136973722234,nan,nan,3,15,0.1900000125169754,0.9429070735393354
kalshi_carry_6h,OOS,V0,0.01,True,2.0,2026-07-22T23:18:00Z,2026-10-03T23:18:00Z,43,19,31,12,391.26270942151103,300.17275893069757,398.8937115168826,9.099132777244444,6.090264935760656,12.943109501897291,9.276597942253087,6.4892813488583085,12.937617481840599,5.740016534760274,0.5928222870022894,0.1018831864811337,0.016782777643475758,0.012855473551081381,2026-08,10.604719627932113,74,0.30044619703569087,0.8495383250406568,3.7852591269548124,979.8190503350221,439.15187288774973,767.1505992318012,242.8809127110545,3300.0,1059.8744643222944,10,0.23255813953488372,0.7906976744186046,64.22174529432868,66.08019746909372,32.547426140848735,7,440.360977,3.852294360025276,0.0019763728776574247,6.422174529432868,0.4727867383676945,13.265687586735304,11,10,0.17999999970197678,0.9780757244408854
kalshi_carry_6h,IS,V1,0.02,True,1.0,2025-10-03T23:22:00Z,2026-07-22T23:18:00Z,54,9,51,3,507.4461943914719,496.80024250124495,522.8763502861776,9.397151747990224,7.146892406013562,11.934553929299978,9.682895375669956,7.750540509205979,12.089949872544306,3.1247803748002734,0.19221629611415694,0.061303010939175125,0.008142885247787168,-0.0019623084622357734,2026-03,3.7326784524827263,293,0.16355848010108773,7.949527356002717,94.94808750947774,1005.1999742997543,220.28983139596312,347.03091194496665,338.39158305851515,3300.0,283.87120784666513,3,0.05555555555555555,0.6851851851851852,2.164103051947865,6.892667125253729,6.247938810904511,2,226.0,0.15039681724766713,0.0027522668910095987,0.7213676839826216,nan,nan,4,16,0.12000001221895218,0.9972310505731158
kalshi_carry_6h,OOS,V1,0.02,True,1.0,2026-07-22T23:18:00Z,2026-10-03T23:18:00Z,99,20,87,12,829.4305594706818,780.0398330454769,852.4818685155084,8.378086459299816,6.730739541137451,10.7289769170327,8.610927964803116,7.026508053109882,10.958356854790274,8.608320153666332,1.2567129688949723,0.14401536409855695,0.02429696343167395,0.04282400457490444,2026-07,27.135379746360268,74,0.4505800701744423,0.7318822601021779,5.71608487623445,838.8244054592063,227.10693577520254,448.3454048286535,121.4376904317144,3300.0,1098.643761501226,15,0.15151515151515152,0.8181818181818182,63.235305438150526,71.45346789498669,52.28310812226149,7,1106.43875,4.6475928759090035,0.001838611337878918,4.215687029210035,1.8988574701128826,6.619098506868317,17,17,0.10500004887580872,0.9893737906461327
kalshi_carry_6h,IS,V1,0.02,True,2.0,2025-10-03T23:22:00Z,2026-07-22T23:18:00Z,23,8,20,3,238.36819709063644,211.83629934637807,248.80686651689382,10.363834656114625,6.370636770623488,18.768853514890928,10.817689848560597,7.113850105564832,19.356880130118252,2.0422074764364457,0.09029184268711803,0.044061548315054384,0.010409862891043446,-0.0021004194744742577,2026-07,1.452168882607508,293,0.10689402480594258,4.49162801026604,43.907703132082446,1337.191015175125,505.2709549684041,646.3820949552005,662.8448322414135,3300.0,280.14049672832107,3,0.13043478260869565,0.6521739130434783,1.7017545031174552,4.720122122930356,4.869165573229089,2,128.468358,0.32067949322812234,0.0015202609416392456,0.5672515010391517,nan,nan,3,14,0.26500000432133675,0.941851905787231
kalshi_carry_6h,OOS,V1,0.02,True,2.0,2026-07-22T23:18:00Z,2026-10-03T23:18:00Z,38,19,27,11,404.40293731443853,321.7247828464217,410.2201269051859,10.642182560906276,7.570371181785706,14.689514686871044,10.795266497504894,7.86509381916283,14.609079094919334,5.879914846395949,0.6127317232036947,0.10279937389782394,0.01789238081983969,0.011510923970623733,2026-08,9.234705781260928,74,0.3077688093397002,1.0580994108456852,4.193092941020307,1160.6586977545237,449.85057476091924,853.2028646049749,246.85452956020185,3300.0,958.1984034659159,8,0.21052631578947367,0.7631578947368421,61.80607402397479,67.00436079678167,34.831146713679225,5,499.374256,3.762217859478412,0.0016872223156726473,7.72575925299685,0.5377802160284996,14.090876158671652,10,9,0.19500000774860382,0.9847607139191062
kalshi_carry_6h,IS,V2,0.03,True,1.0,2025-10-03T23:22:00Z,2026-07-22T23:18:00Z,48,9,45,3,497.30295184462415,486.6569999543972,512.84276126979,10.36047816342967,8.01284923902788,13.035656755825139,10.684224193120627,8.7719033897244,13.091058756919564,3.2120444944898274,0.18837412223544517,0.058445461010667124,0.008114268401134161,-0.0016400455817424248,2026-03,3.281335684641285,293,0.16812609288401656,7.6636208301528885,89.29214655750319,1159.0485956649675,220.26815392443027,337.19661077566207,335.7754782629376,3300.0,277.9552076052902,1,0.020833333333333332,0.6666666666666666,1.433307239393999,1.433307239393999,0.8369105337383056,1,26.0,0.5005200155712403,0.0005952003181809737,1.433307239393999,nan,nan,4,16,0.13999998569488525,0.997999376369099
kalshi_carry_6h,OOS,V2,0.03,True,1.0,2026-07-22T23:18:00Z,2026-10-03T23:18:00Z,83,20,74,9,861.9974948911707,825.1770651652512,879.1241413743185,10.385511986640608,8.499446506837073,13.173980582123813,10.591857124991787,8.831009477675032,13.35156329198884,9.497223041544418,1.3060568104411676,0.13566148635742015,0.023374090391002883,0.04329875432671679,2026-10,22.704053146803737,74,0.49710737381193393,1.2738895577346427,7.366199246868956,1073.142286150285,233.74494210247886,473.59058465252775,123.33102292732572,3300.0,779.2986328645178,11,0.13253012048192772,0.7951807228915663,53.702437273539594,58.31937913655809,43.856854240801496,5,659.14875,4.227142096882564,0.0024131475378991376,4.882039752139963,1.726028287682579,8.56235317608143,17,16,0.12999999523162842,0.9985394545734056
kalshi_carry_6h,IS,V2,0.03,True,2.0,2025-10-03T23:22:00Z,2026-07-22T23:18:00Z,22,8,19,3,241.87986310119274,215.34796535693434,252.44222567471496,10.994539231872395,7.161944043331823,18.981638763520237,11.47464662157795,7.932620227458154,19.66489400154038,2.0904113179132775,0.09162203186027475,0.04367966212078587,0.010409862891043446,-0.0014343489325318592,2026-07,1.3780801671939613,293,0.10941712918491461,4.613500604524248,45.40754322909724,1416.8563701615626,508.34905568741,667.4102283892743,673.3784749896223,3300.0,276.218735998436,1,0.045454545454545456,0.6818181818181818,1.7633087446380757,1.7633087446380757,1.8971689169511592,1,8.0,1.0594579319313668,0.00023228894649709146,1.7633087446380757,nan,nan,3,14,0.27750000171363354,0.9497794741392465
kalshi_carry_6h,OOS,V2,0.03,True,2.0,2026-07-22T23:18:00Z,2026-10-03T23:18:00Z,32,19,24,8,382.92430892926876,326.57899618857743,383.984369147847,11.966384654039647,8.795564457058411,16.045431841740402,11.99951153587022,8.896585760916881,15.936157999126207,5.553614364805697,0.5801883468625284,0.10305864365086198,0.01761310882127585,0.013147540962301689,2026-08,7.861549622911739,74,0.29068946153799563,1.1512037353660824,4.457223597575873,1373.9463726941447,469.797094410344,936.3677046897028,260.11163420376715,3300.0,666.8931943739665,5,0.15625,0.71875,39.22151251378057,39.22151251378057,27.939643214345548,3,223.836887,3.109298102023343,0.00013466279324015685,7.844302502756113,0.1543176052858253,17.372220652975106,10,10,0.23249998688697815,0.9778311810553311
kalshi_carry_6h,IS,V3,0.01,False,1.0,2025-10-03T23:22:00Z,2026-07-22T23:18:00Z,9,9,0,9,119.57297075888934,84.83951643717629,105.16293588977634,13.285885639876597,5.0940284436287815,21.584010024798804,11.684770654419594,4.522431668565934,20.165214149087248,1.0395526499012373,0.045293222825726974,0.04342080129440278,0.014519446007605174,-0.0023447419234496267,2026-01,0.2923454878069814,293,0.05441267257503568,1.2932476234862018,19.200068279597335,1633.0775668114256,243.72493218035112,426.49725078980066,295.49294901065446,3300.0,771.7847458004632,0,0.0,0.2222222222222222,0.0,0.0,0.0,0,0.0,nan,0.0,nan,nan,nan,3,3,0.13499999046325684,0.38806114263940084
kalshi_carry_6h,OOS,V3,0.01,False,1.0,2026-07-22T23:18:00Z,2026-10-03T23:18:00Z,21,21,0,21,270.076769738101,190.43615430357877,255.89867800490168,12.860798558957196,7.100369859342692,19.067079469928952,12.185651333566744,6.852966365088866,18.250315045218635,2.5643226812896205,0.4092072268759106,0.15742067191118192,0.027314830542632826,0.012560282268736636,2026-10,2.7515420377966535,74,0.13422278366276677,1.2409197721665017,7.033780878903106,1755.9076529207634,236.60371029278437,746.778699718855,158.67833034355294,3300.0,1816.0177449457915,2,0.09523809523809523,0.5238095238095238,11.031473205116956,2.5974614481514027,2.597461448151406,2,200.0,0.8852783532116776,0.003962751234972693,5.515736602558478,nan,nan,10,7,0.14499999582767487,0.29269810234100246
kalshi_carry_6h,IS,V3,0.01,False,2.0,2025-10-03T23:22:00Z,2026-07-22T23:18:00Z,8,8,0,8,117.5382019152049,64.08148762704504,107.8199144552657,14.692275239400612,6.025887007265985,22.55138091548862,13.477489306908213,6.686499168527822,20.02204394755396,1.0482779049024769,0.044522469719477875,0.04232665173658193,0.015486112597661729,-0.002204476667358051,2026-03,0.24728472805441473,293,0.05486937329487055,1.7863575780593812,15.99071362430844,1824.9500335546109,492.20988450975267,693.2875328789246,606.3934503424657,3300.0,652.8254717166033,0,0.0,0.125,0.0,0.0,0.0,0,0.0,nan,0.0,nan,nan,nan,3,6,0.3149999901652336,0.6506098630084882
kalshi_carry_6h,OOS,V3,0.01,False,2.0,2026-07-22T23:18:00Z,2026-10-03T23:18:00Z,19,19,0,19,244.94379256899862,103.41496811280928,221.5374896478803,12.891778556263084,7.115217832935289,18.72749850208114,11.659867876204226,6.434859456567542,17.30647568161323,2.911709154141802,0.37112695843787663,0.12573774023721304,0.022644016271387846,0.011825654145304329,2026-09,2.468454153039746,74,0.15240582269027353,0.7378455169871255,6.567752691447306,1623.1545301946148,495.13940892121246,958.0503890495,306.75673155491467,3300.0,1629.1797410062325,3,0.15789473684210525,0.5789473684210527,3.122075626876508,2.3513963759485366,2.3513963759485375,3,37.106817,0.4559110299636383,0.0021472013024666082,1.0406918756255028,0.15073058010975215,2.5991792491504415,10,7,0.27999999187886715,0.7155771165422232
