class,direction,horizon_min,n,slope,se,t,sign_agree,n_nonzero,clusters
crude,event first,5,20560,0.07715218706534367,0.025912191394477823,2.9774474065433796,0.5098556573024988,6443,36
crude,event first,15,20484,0.20430234889996635,0.059808692124433536,3.415930722492811,0.5141821007641497,7721,36
crude,event first,30,20374,0.33898845923112486,0.10423154804357984,3.2522634998128566,0.5188145597638957,8132,36
crude,event first,60,20157,0.3035129247682425,0.10170889611141756,2.9841335062348686,0.5229456991830851,8324,36
crude,price first,5,20560,0.03342869051454204,0.014607304527103735,2.288491381316476,0.5210044954270656,6451,36
crude,price first,15,20484,0.11474854891252137,0.042594846882043576,2.6939537834304352,0.5208530805687204,8440,36
crude,price first,30,20374,0.13526158414269465,0.05336009814476002,2.5348825966501223,0.5125961842521345,9487,36
crude,price first,60,20157,0.16918721706875045,0.08926369768789814,1.895364201248946,0.5119235317303902,10148,36
crude,same bin,5,20600,0.05241068898857198,0.022105895903457917,2.3708918750663996,0.5107043127520943,6446,36
gold,event first,5,20560,0.0037548278609133823,0.0037700732762605553,0.9959562018480727,0.4906807131280389,4936,36
gold,event first,15,20484,0.015263303128352829,0.014702341531324312,1.0381545752989993,0.496826688364524,6145,36
gold,event first,30,20374,0.004262741637873353,0.010588898095312204,0.4025670659499977,0.49844743457045687,6763,36
gold,event first,60,20157,-0.008322497961870184,0.024779578254293465,-0.33586116262604976,0.48661567877629064,7322,36
gold,price first,5,20560,0.018166187644056846,0.012837874768939552,1.415046335239912,0.4977705715443859,4934,36
gold,price first,15,20484,0.02521701330527232,0.018747785815985598,1.3450662149004622,0.4995602462620932,6822,36
gold,price first,30,20374,-0.019667846348527293,0.037306347091416114,-0.5271983960352072,0.4938255887969446,7855,36
gold,price first,60,20157,-0.04964035334601719,0.03839825130236431,-1.292776406798522,0.49859187984041303,8522,36
gold,same bin,5,20600,-0.005760394656167299,0.003946382913869622,-1.4596644020331389,0.4958239967406804,4909,36
