book,segment,cost_mult,clusters,clusters_traded,trades,mean_net_points,ci_lo,ci_hi,mean_gross_points,gross_ci_lo,gross_ci_hi,mean_cost_points,cost_bp_of_capital,hit_rate,pnl,capital_base,sharpe,daily_sharpe,max_drawdown,total_return,worst_month,turnover_ann,skew,kurtosis,checkable_trades,verified_trades,verified_share_of_checkable,mean_net_points_verified,ci_lo_verified,ci_hi_verified,variant,model,deflated_sharpe_prob
B0,IS,1.0,48,48,4604,-0.46612952867072155,-1.7691402420061668,0.8309865548979136,1.6463944396177237,0.34455992983017186,2.9456179409209375,2.1125239682884454,369.6629140674261,0.6072980017376195,-2146.060350000003,6092.5,-1.8460195330276108,-0.09662507851554666,0.6956491588018057,-0.352246261797292,-0.47786737792367684,342.3865750239366,0.3253413162845523,3.42240434437479,4558,4452,0.976305397103993,-0.7604842823450143,-2.180410935184576,0.6151587870576063,B0,pre-registered (15-minute average),0.09723795071562225
B0,OOS,1.0,12,12,1152,-4.74817912326389,-7.55946036295573,-1.6684655023871575,-2.6440972222222223,-5.449793836805555,0.4348307291666623,2.1040819010416674,368.42122889268643,0.5659722222222222,-5469.902350000001,6092.5,-17.098767907798333,-0.8949904169759466,0.986774004924087,-0.8978091670086171,-0.733800615510874,343.59225824100673,0.3494681898670328,3.6344217522165323,1152,1133,0.9835069444444444,-5.267310988526037,-8.092702497619765,-2.105973633560917,B0,pre-registered (15-minute average),0.0006193415059116969
B0,ALL,1.0,60,60,5756,-1.3231345899930511,-2.671605112859873,-0.008102979997065381,0.7876997915218902,-0.5640323905440991,2.105617807330098,2.1108343815149415,369.41440445635936,0.5990271021542738,-7615.962700000005,6092.5,-4.885209075914507,-0.25570352971884847,1.2500554288059094,-1.2500554288059094,-0.6081794993844893,342.6277116673506,0.163631275131446,3.2984212555567423,5710,5585,0.9777583187390543,-1.6747608549686668,-3.051859372675672,-0.32368949793067847,B0,pre-registered (15-minute average),0.0191166289955923
B0,IS,2.0,48,48,4604,-2.5648867289313646,-3.867763168096363,-1.2701165024978294,1.6463944396177237,0.34455992983017186,2.9456179409209375,4.211281168549088,730.7739201291894,0.6072980017376195,-11808.738500000003,6140.5,-10.17606176930033,-0.532639416780749,2.032040053741552,-1.923090709225633,-1.3903372363814017,342.5608663789594,0.3247373571764273,3.423705793559581,4558,4461,0.9782799473453269,-2.818275991930061,-4.2105143868749275,-1.4412393950648072,B0,pre-registered (15-minute average),0.0002770353293939376
B0,OOS,2.0,12,12,1152,-6.838273177083334,-9.649778116319444,-3.7573417643229226,-2.6440972222222223,-5.449793836805555,0.4348307291666623,4.194175954861112,728.2993732845329,0.5659722222222222,-7877.690699999999,6140.5,-24.63860414911481,-1.2896434830877188,1.3382500366419678,-1.282907043400375,-1.0554688868984614,343.75960155253375,0.35227946142985045,3.63333989039429,1152,1136,0.9861111111111112,-7.219346038732395,-10.05277995980629,-4.096132692137811,B0,pre-registered (15-minute average),0.00017572857848840995
B0,ALL,2.0,60,60,5756,-3.420157956914525,-4.765024427647079,-2.1083073822953033,0.7876997915218902,-0.5640323905440991,2.105617807330098,4.207857748436415,730.2786668343589,0.5990271021542738,-19686.429200000002,6140.5,-12.6470536372366,-0.6619770424011211,3.2059977526260077,-3.2059977526260077,-1.588222359742692,342.8006134136743,0.16276540489858543,3.2978606939346635,5710,5597,0.9798598949211909,-3.7115430230480615,-5.08604746291591,-2.3593227783752426,B0,pre-registered (15-minute average),1.4857775098020554e-06
B1,IS,1.0,48,48,4604,-0.9500072219808865,-2.3414991756618733,0.3955463449299962,1.1744135534317985,-0.22085994795070044,2.519923797874753,2.1244207754126854,377.1041755239233,0.5938314509122502,-4373.8332500000015,6069.5,-3.643469569426881,-0.1907079133867495,0.8622772221764562,-0.7206249691078345,-0.4719456339072414,338.63880536562596,0.16384802745758423,2.700701870552229,4558,4454,0.9767441860465116,-1.309477166591828,-2.7995191356703883,0.1283974160518443,B1,pre-registered (15-minute average),0.027308003006813686
B1,OOS,1.0,12,12,1152,-4.389165581597222,-7.658451140407987,-0.8520277381727444,-2.2708333333333335,-5.5421875,1.2595703124999975,2.118332248263889,377.5772605957623,0.5590277777777778,-5056.318750000001,6069.5,-13.59691793845573,-0.7116952122483741,0.9671862138561661,-0.8330700634319137,-0.6789658373836396,338.73026333855074,0.35824915001906593,4.145134291316594,1152,1134,0.984375,-4.872073236331571,-8.15129154391784,-1.2315720013141682,B1,pre-registered (15-minute average),0.0016684046770720773
B1,ALL,1.0,60,60,5756,-1.638316886726894,-2.9979469930276563,-0.23735091924529675,0.48488533703961084,-0.880905051974751,1.8891647217707326,2.123202223766505,377.19885829021223,0.5868658790826963,-9430.152000000002,6069.5,-5.8333991152998514,-0.3053340646964531,1.6159764519317903,-1.553695032539748,-0.9276451725842328,338.65709696021094,0.04489335850325463,2.9795797810289035,5710,5588,0.9782837127845885,-2.032452102720115,-3.4855850215063873,-0.5737403154313294,B1,pre-registered (15-minute average),0.006914285708685575
B1,IS,2.0,48,48,4604,-3.061885773240661,-4.449768193918872,-1.7169768060226502,1.1744135534317985,-0.22085994795070044,2.519923797874753,4.23629932667246,745.6093423298821,0.5938314509122502,-14096.922100000003,6117.5,-11.76147728621128,-0.615623857660441,2.3798340825500626,-2.3043599673069077,-1.3935512464241933,338.8431582890615,0.16324664874020092,2.6993610504025067,4558,4464,0.9789381307591049,-3.369265176971327,-4.863804653207021,-1.9327555470554343,B1,pre-registered (15-minute average),2.3310728663128444e-05
B1,OOS,2.0,12,12,1152,-6.495004774305556,-9.762460409071181,-2.951280203993057,-2.2708333333333335,-5.5421875,1.2595703124999975,4.224171440972223,746.5486862756412,0.5590277777777778,-7482.245500000001,6117.5,-20.125518312896155,-1.0534177739497286,1.3229221659174502,-1.2230887617490807,-1.0043412995504701,338.93638468873456,0.3595820251308864,4.1403427096964425,1152,1137,0.9869791666666666,-6.841255540897098,-10.140725363534129,-3.2427543028266417,B1,pre-registered (15-minute average),0.000515312441810245
B1,ALL,2.0,60,60,5756,-3.7489867268936767,-5.102205484589451,-2.3515743699867953,0.48488533703961084,-0.880905051974751,1.8891647217707326,4.233872063933288,745.7973416741343,0.5868658790826963,-21579.167600000008,6117.5,-13.365030999739574,-0.6995576951423493,3.556765451573356,-3.5274487290559877,-1.9151500204331842,338.86180356899604,0.04402990788284408,2.978916591393084,5710,5601,0.9805604203152364,-4.074077361185503,-5.5267358423823705,-2.629948894357,B1,pre-registered (15-minute average),1.8389288097830914e-07
B2,IS,1.0,48,48,4602,-0.5407968003042161,-1.8363439983143144,0.6943682688429921,1.5322685788787485,0.23202239859634372,2.7676887195476585,2.0730653791829643,350.2119797523805,0.6292916123424598,-2488.7468750000025,6295.5,-2.249035815296417,-0.11771991484883301,0.6589733698673657,-0.39532155905011546,-0.5556894964657295,344.06211943716414,-0.5509561054682159,3.3589272455700803,4556,4460,0.9784899034240562,-0.9051863116591936,-2.2809450911984506,0.430684499738976,B2,pre-registered (15-minute average),0.06560911487126797
B2,OOS,1.0,12,12,1152,-4.120082486979167,-7.161483285590278,-1.0242562445746553,-2.0533854166666665,-5.0995442708333325,1.0498046874999982,2.066697070312501,350.8329650454683,0.5928819444444444,-4746.335025000001,6295.5,-14.449858033155104,-0.7563401372585755,0.8250688904773252,-0.7539250297831787,-0.6160881621793346,344.2028366822863,0.1130729132521944,2.818773735816248,1152,1137,0.9869791666666666,-4.469882255936676,-7.52366705592141,-1.323556263676223,B2,pre-registered (15-minute average),0.00036149048492917224
B2,ALL,1.0,60,60,5754,-1.257400399721933,-2.524710592301984,-0.01052949113152117,0.8143899895724713,-0.45288318129163047,2.0600004310093456,2.0717903892944047,350.3363063178371,0.6220020855057351,-7235.081900000003,6295.5,-4.859574379761231,-0.2543617483973528,1.149246588833294,-1.149246588833294,-0.5556894964657295,344.09026288618855,-0.46196119791002893,2.931035386449647,5708,5597,0.9802032235459005,-1.6293348356262292,-2.990154586693421,-0.2606222964269407,B2,pre-registered (15-minute average),0.012492816262448914
B2,IS,2.0,48,48,4602,-2.596856529769666,-3.889409882880436,-1.3629035388926392,1.5322685788787485,0.23202239859634372,2.7676887195476585,4.129125108648414,691.9861518105993,0.6292916123424598,-11950.733750000003,6343.5,-10.803832061885537,-0.5654984156838044,1.9451055095767322,-1.8839337510837868,-1.418222219594861,344.21695600483434,-0.5539539252478524,3.3593377310478134,4556,4466,0.9798068481123793,-2.9270332288401257,-4.2744674549653086,-1.5963545640218784,B2,pre-registered (15-minute average),3.077988389499353e-06
B2,OOS,2.0,12,12,1152,-6.169851345486112,-9.203559851345487,-3.081416105685766,-2.0533854166666665,-5.0995442708333325,1.0498046874999982,4.116465928819445,693.2209083367173,0.5928819444444444,-7107.66875,6343.5,-21.65265670055207,-1.1333518504702238,1.1596932292898243,-1.1204648459052575,-0.9221328840545442,344.3602046714485,0.11829293726325855,2.8309225155009976,1152,1138,0.9878472222222222,-6.47894521089631,-9.535037575455021,-3.36160493828131,B2,pre-registered (15-minute average),3.849067147398966e-05
B2,ALL,2.0,60,60,5754,-3.312200643030936,-4.58101012992929,-2.0592337628254667,0.8143899895724713,-0.45288318129163047,2.0600004310093456,4.126590632603407,692.2333606250046,0.6220020855057351,-19058.402500000004,6343.5,-12.807290965303824,-0.6703642474813533,3.004398596989044,-3.004398596989044,-1.418222219594861,344.2456057381572,-0.4625651853807975,2.9292672912255666,5708,5604,0.9814295725297828,-3.648317282298359,-5.010064201430256,-2.295079088104275,B2,pre-registered (15-minute average),3.528675351915922e-09
B3,IS,1.0,48,48,4039,-1.480802280824462,-2.6576577704707804,-0.19187182655516688,0.017120574399603787,-1.1664684482143926,1.302599565158593,1.4979228552240658,250.8130421383118,0.7482050012379302,-5980.96041225,7116.5,-6.303787302090913,-0.32995530768348064,0.8947429798004639,-0.8404356653200311,-0.6092012544790276,324.9919750755287,0.4913544534509756,3.939612736087616,3997,3907,0.9772329246935202,-2.3418265902226776,-3.397171622987175,-1.1999932677059095,B3,pre-registered (15-minute average),0.004386007901235944
B3,OOS,1.0,12,12,959,0.5368087734619399,-1.6020318236137299,2.6705660241855265,2.0417622523461936,-0.11662773390936708,4.158964863170397,1.504953478884255,260.2508767529364,0.7580813347236705,514.7996137499995,7116.5,2.568998029483628,0.13446750257188503,0.13004200221316659,0.07233887637883787,-0.13004200221316659,304.406657650062,-0.589384805416174,2.009565934387047,959,946,0.986444212721585,0.23354005602536965,-1.894298225898912,2.3087970492014747,B3,pre-registered (15-minute average),0.1764333603978656
B3,ALL,1.0,60,60,4998,-1.093669627551021,-2.165349450902342,-0.006136207722130987,0.4056022408963585,-0.6708017134910221,1.499892855830826,1.4992718684473794,252.6239431778126,0.7501000400160064,-5466.160798500002,7116.5,-4.699866851212546,-0.24600227429133872,0.8947429798004639,-0.768096788941193,-0.4068203758870232,320.8749115904354,0.2830724943144532,3.4322712019562243,4956,4853,0.9790153349475383,-1.83980787038945,-2.8743586178778044,-0.8223587181445355,B3,pre-registered (15-minute average),0.024075173689652618
B3,IS,2.0,48,48,4039,-2.941896645456797,-4.110816362459885,-1.6510079960466053,0.017120574399603787,-1.1664684482143926,1.302599565158593,2.9590172198564004,492.72299207728145,0.7482050012379302,-11882.320551,7162.5,-12.63487065332276,-0.6613393558782176,1.6608514249912745,-1.6589627296335083,-0.9565948434904014,325.04279813845255,0.4761703594244083,3.8871580418080987,3997,3916,0.9792344258193645,-3.7156625031920334,-4.7907008953810735,-2.5591818537524063,B3,pre-registered (15-minute average),6.485433079850278e-05
B3,OOS,2.0,12,12,959,-0.9327905552659023,-3.0880569245547185,1.2344435533094726,2.0417622523461936,-0.11662773390936708,4.158964863170397,2.9745528076120964,511.5737468494204,0.7580813347236705,-894.5461425000008,7162.5,-4.460677803004377,-0.23348254730596477,0.16142933298429324,-0.12489300418848179,-0.16142933298429324,304.48155613728915,-0.5678594079574956,1.9857899268718278,959,947,0.9874869655891554,-1.229345081837382,-3.3631211022362093,0.8356060684391484,B3,pre-registered (15-minute average),0.009438986660107784
B3,ALL,2.0,60,60,4998,-2.5563958970588243,-3.6255539695496735,-1.4712218787397726,0.4056022408963585,-0.6708017134910221,1.499892855830826,2.961998137955183,496.3400136512073,0.7501000400160064,-12776.866693500004,7162.5,-11.052683140730949,-0.5785238764668117,1.7857444291797564,-1.7838557338219903,-0.92005851469459,320.9305497382199,0.2697455693496159,3.36801613580261,4956,4863,0.9808313155770783,-3.231487590993215,-4.262155986205676,-2.218565378781409,B3,pre-registered (15-minute average),1.80550361469356e-05
B0,IS,1.0,48,48,4555,-1.2667079198682776,-2.6452121855039783,-0.00022349606511931928,0.7784851811196487,-0.5978258068157799,2.0517265472973505,2.045193100987926,406.7922627313969,0.5657519209659715,-5769.854575000003,5659.0,-5.001539468547898,-0.2617925407617114,1.0195890749248988,-1.0195890749248988,-0.9745022839724337,344.574635904459,-0.5668731385189744,3.5251612780607466,4509,4414,0.9784874695054335,-1.7114116164476674,-3.0111254586183938,-0.45070048063660645,B0,amendment 4 (end against start),0.010082378628563426
B0,OOS,1.0,12,12,1131,-2.5163061299734752,-5.091558167420682,0.20312805837492284,-0.48682581786030066,-3.058297450185748,2.233523449765286,2.0294803121131744,401.3212364095567,0.5587975243147657,-2845.9422330000007,5659.0,-9.707646554468928,-0.5081214438659499,0.6124245861459623,-0.5029055015020323,-0.48340841279377994,345.6938284149143,0.6068443749570511,1.8174643087708957,1131,1107,0.9787798408488063,-2.8324761589882574,-5.454839803762037,-0.0616785711336181,B0,amendment 4 (end against start),0.017375998893452205
B0,ALL,1.0,60,60,5686,-1.515265003165671,-2.709886823058682,-0.2751627562633863,0.5268026732325009,-0.6638597394969917,1.7683512723472394,2.0420676763981715,405.7040230602746,0.5643686246922265,-8615.796808000005,5659.0,-5.975367486044861,-0.31276502884636254,1.611235467043648,-1.5224945764269313,-0.9745022839724337,344.79847440655004,-0.34288909429417497,2.9775694526185887,5640,5521,0.9785460992907802,-1.9361930778844418,-3.1057249931963025,-0.6955031237609193,B0,amendment 4 (end against start),0.0011534242860039567
B0,IS,2.0,48,48,4555,-3.3027356311745337,-4.680294184980159,-2.0422728979683082,0.7784851811196487,-0.5978258068157799,2.0517265472973505,4.081220812294182,803.9731192247996,0.5657519209659715,-15043.960800000003,5706.5,-13.021971406884452,-0.6816011353649064,2.6362850784193466,-2.6362850784193466,-1.9157113992815211,344.7413220304332,-0.5794853916747442,3.540926363665867,4509,4419,0.9795963628298958,-3.7078281511654225,-5.012167744024553,-2.4442873049585057,B0,amendment 4 (end against start),4.8584162248843654e-09
B0,OOS,2.0,12,12,1131,-4.535823232537578,-7.117568477727355,-1.8142226605876481,-0.48682581786030066,-3.058297450185748,2.233523449765286,4.048997414677278,793.2299069107875,0.5587975243147657,-5130.016076000002,5706.5,-17.451901997197098,-0.913474300003289,0.9536059889599581,-0.8989776703758873,-0.8136422546219225,345.83054411635857,0.6072570693726351,1.8258065581989165,1131,1108,0.9796640141467727,-4.809687478339351,-7.418598916650913,-2.0689897129728365,B0,amendment 4 (end against start),0.003044644084886916
B0,ALL,2.0,60,60,5686,-3.5480085958494554,-4.747404370529095,-2.30963796696887,0.5268026732325009,-0.6638597394969917,1.7683512723472394,4.074811269081956,801.8361911334969,0.5643686246922265,-20173.976876000004,5706.5,-13.971716387516876,-0.7313130596872054,3.5898910673793045,-3.5352627487952337,-1.9157113992815211,344.9591664476182,-0.35270773514308745,2.9920831372653374,5640,5527,0.9796099290780141,-3.928718351004162,-5.101725759139982,-2.696008081766536,B0,amendment 4 (end against start),6.127442997438948e-11
B1,IS,1.0,48,48,4600,-1.00925983152174,-2.3796633680310624,0.3385697754874266,1.0831521739130434,-0.2864561204426407,2.432581308888636,2.092412005434783,401.736055511635,0.5691304347826087,-4642.595225000003,5737.0,-3.940954466149676,-0.2062789845421485,0.8092374455290223,-0.8092374455290223,-0.49811081575736466,343.4500010894196,-0.033020020631480566,2.5072818419248883,4554,4451,0.9769433465085638,-1.3612098573354308,-2.756272191450727,-0.0005813431576606391,B1,amendment 4 (end against start),0.035237773630505564
B1,OOS,1.0,12,12,1151,-4.960171372719374,-7.966571956380209,-1.9165109300017007,-2.8805386620330147,-5.877712673611112,0.15672344882246356,2.07963271068636,401.1227535237523,0.5308427454387489,-5709.15725,5737.0,-17.00129820696958,-0.8898886196617984,1.016011356109465,-0.9951468101795364,-0.8131331750043578,344.5720033699378,-0.0497249616903329,1.5171184649415093,1151,1131,0.9826238053866203,-5.351318523430593,-8.29767652662035,-2.3253278948729337,B1,amendment 4 (end against start),0.00014425034634402145
B1,ALL,1.0,60,60,5751,-1.7999917362197886,-3.0729760806816215,-0.4833921036205772,0.28986263258563727,-0.9887323081658166,1.605314101452567,2.0898543688054256,401.61330979992346,0.5614675708572422,-10351.752475000003,5737.0,-6.568677208638028,-0.34382027907742524,1.8252488016384876,-1.804384255708559,-1.1242598047760157,343.6744015455232,-0.14527172112665307,2.4957800997943362,5705,5582,0.9780893952673094,-2.1696679192045867,-3.5032787368570233,-0.862507068710698,B1,amendment 4 (end against start),0.0006770539676748122
B1,IS,2.0,48,48,4600,-3.092459989130435,-4.462357817001595,-1.7461667453981733,1.0831521739130434,-0.2864561204426407,2.432581308888636,4.175612163043479,794.4163800576631,0.5691304347826087,-14225.315950000004,5785.0,-12.081335419888001,-0.6323659975605864,2.4590001642178043,-2.4590001642178043,-1.46050551426102,343.62355048977247,-0.03741228040610233,2.5101641634825587,4554,4460,0.9789196310935442,-3.3930817488789247,-4.77913224749263,-2.0237606209606116,B1,amendment 4 (end against start),7.649509389251463e-07
B1,OOS,2.0,12,12,1151,-7.030403344917463,-10.048217259239022,-3.96893851324935,-2.8805386620330147,-5.877712673611112,0.15672344882246356,4.1498646828844485,793.1626767894985,0.5308427454387489,-8091.994250000001,5785.0,-24.040986997526964,-1.2583627717185888,1.398788980121003,-1.398788980121003,-1.1504893171996546,344.7388720829732,-0.04046820731401216,1.5226679901167968,1151,1131,0.9826238053866203,-7.420338505747127,-10.364694507936472,-4.392496109388844,B1,amendment 4 (end against start),5.0153673034070145e-06
B1,ALL,2.0,60,60,5751,-3.8805964527908188,-5.148063714560988,-2.561815641314291,0.28986263258563727,-0.9887323081658166,1.605314101452567,4.170459085376457,794.1654650060794,0.5614675708572422,-22317.3102,5785.0,-14.162903448237854,-0.7413202478143122,3.8577891443388066,-3.8577891443388066,-2.1489839671564397,343.8466148084126,-0.1479712634646921,2.4921312751496414,5705,5591,0.9796669588080631,-4.207753076372742,-5.548699072004251,-2.8944329787417367,B1,amendment 4 (end against start),2.0653867505160406e-10
B2,IS,1.0,48,48,3681,-0.9406283861722362,-2.4815764227995314,0.745847810120829,0.991089377886444,-0.5521380001438708,2.6846118563027,1.9317177640586805,398.3447381719395,0.5881553925563705,-3462.4530895000016,5211.5,-3.114323079208016,-0.16301112023322925,1.0430305578048547,-0.6643870458601172,-1.0430305578048547,313.26014982890405,0.16595216122712758,2.4173102769353165,3636,3545,0.9746974697469747,-1.5414096796897043,-2.970138762434741,-0.03379235449995068,B2,amendment 4 (end against start),0.06764721850482269
B2,OOS,1.0,12,12,874,-1.0909555326086966,-3.1632516183255843,0.821794013568818,0.8292906178489703,-1.2309596969915415,2.7367388126087406,1.9202461504576664,403.62789615308554,0.5823798627002288,-953.4951355000006,5211.5,-5.910028006215066,-0.309345004163111,0.24966071040007684,-0.18295982644152367,-0.20132307248392986,295.39564744635265,-0.5954125820777355,2.9338420358686284,874,858,0.9816933638443935,-1.7239529259906763,-3.7487825516430138,0.22452961360008175,B2,amendment 4 (end against start),0.0260205733918914
B2,ALL,1.0,60,60,4555,-0.9694727167947317,-2.2409690562394573,0.434531389096354,0.9600439077936334,-0.31594649732835095,2.3716608421405008,1.9295166245883653,399.3584549832505,0.5870472008781559,-4415.948225000002,5211.5,-3.427503398444189,-0.17940372735049456,1.0430305578048547,-0.8473468723016407,-1.0430305578048547,309.6872493523938,0.14802427806257415,2.6695500168830963,4510,4403,0.9760532150776053,-1.5769813593004778,-2.7710331973210196,-0.25036933492644836,B2,amendment 4 (end against start),0.029070982442585658
B2,IS,2.0,48,48,3681,-2.860252365933171,-4.399262375518468,-1.1892590349100591,0.991089377886444,-0.5521380001438708,2.6846118563027,3.851341743819615,785.8527618607258,0.5881553925563705,-10528.588959000002,5253.0,-9.467026920733533,-0.49552683661174984,2.009148079002475,-2.0043002015990865,-1.8338387005520658,313.44887445269376,0.17033180534363943,2.4009109131028783,3636,3547,0.9752475247524752,-3.4479480572314642,-4.8665071518139245,-1.9531811110092645,B2,amendment 4 (end against start),5.8859230686936215e-05
B2,OOS,2.0,12,12,874,-2.999779509153319,-5.0696324341956585,-1.0848129282387673,0.8292906178489703,-1.2309596969915415,2.7367388126087406,3.8290701270022893,796.499029701543,0.5823798627002288,-2621.8072910000005,5253.0,-16.19802778346005,-0.8478435240643923,0.4991066611460119,-0.4991066611460119,-0.46558427079763953,295.59232819341327,-0.5780764949719068,2.921524467174991,874,859,0.982837528604119,-3.580054180442375,-5.623723751026616,-1.6787129844522892,B2,amendment 4 (end against start),0.00012489295470274886
B2,ALL,2.0,60,60,4555,-2.88702442371021,-4.159561659935252,-1.4864368104988253,0.9600439077936334,-0.31594649732835095,2.3716608421405008,3.847068331503843,787.895536414595,0.5870472008781559,-13150.396250000003,5253.0,-10.201739138383841,-0.5339834317054978,2.503406862745099,-2.503406862745099,-1.8338387005520658,309.8775652008377,0.14491059404438797,2.646228198431226,4510,4406,0.9767184035476718,-3.473703654108035,-4.64914833327651,-2.1471411457164753,B2,amendment 4 (end against start),3.00101013350762e-06
B3,IS,1.0,48,48,3280,-0.5735548762195125,-1.9539441196004612,0.8351649065128814,1.0165243902439023,-0.3715179027877212,2.425602181146878,1.590079266463415,512.6673753968853,0.5423780487804878,-1881.259994000001,5419.5,-2.0980567253503373,-0.10981730809996523,0.5988912133960699,-0.34712796272718904,-0.3535158078697297,247.23496747854975,1.087759313058641,5.18868890549983,3238,3155,0.9740580605311921,-1.7777893615689386,-2.757199387798717,-0.8060137989750072,B3,amendment 4 (end against start),0.1386649589121362
B3,OOS,1.0,12,12,782,-3.1802394907289013,-5.346045573785582,-0.7791711774974007,-1.6053069053708442,-3.7830979186376528,0.811315061205364,1.574932585358057,551.4311157442785,0.5012787723785166,-2486.9472817500005,5419.5,-14.33796027257939,-0.7504831407816155,0.4588886948519237,-0.4588886948519237,-0.3231596954977397,229.24468355014304,1.0108594177455947,4.130996198098289,782,771,0.9859335038363172,-3.57986844455253,-5.691382397069643,-1.2905060341287906,B3,amendment 4 (end against start),0.01380373162350329
B3,ALL,1.0,60,60,4062,-1.0753833766001974,-2.2742733723450734,0.26040952615419616,0.5117799113737074,-0.6911752107188593,1.8509380422379818,1.5871632879739048,520.1300157099482,0.534465780403742,-4368.207275750002,5419.5,-4.010551063269537,-0.20992183692848934,0.8198965317833753,-0.8060166575791129,-0.3535158078697297,243.63691069286835,1.1181928716050524,5.20810554490115,4020,3926,0.9763681592039801,-2.1316872151044324,-3.075394503755658,-1.151883435522463,B3,amendment 4 (end against start),0.027799711397881177
B3,IS,2.0,48,48,3280,-2.1565101553353663,-3.5250701962290907,-0.7553511076032018,1.0165243902439023,-0.3715179027877212,2.425602181146878,3.1730345455792692,998.6868157303998,0.5423780487804878,-7073.353309500001,5461.0,-7.908054131887048,-0.4139264713768066,1.2952487290789236,-1.2952487290789236,-0.9005170140084237,247.6296666132577,1.0621180274136708,5.038191502412572,3238,3161,0.9756022235948116,-3.2791937592534017,-4.275351596152892,-2.3030173437679187,B3,amendment 4 (end against start),0.002254987648594331
B3,OOS,2.0,12,12,782,-4.74971593797954,-6.903646914298099,-2.3609208627104397,-1.6053069053708442,-3.7830979186376528,0.811315061205364,3.144409032608696,1066.4887339235595,0.5012787723785166,-3714.2778635000004,5461.0,-21.5793075689287,-1.129512581450935,0.6801461020875299,-0.6801461020875299,-0.5081851509796742,229.66644158579018,1.0302821508717381,4.169201546148248,782,771,0.9859335038363172,-5.1510185363164736,-7.252774922380679,-2.879424554640078,B3,amendment 4 (end against start),0.007648711061610247
B3,ALL,2.0,60,60,4062,-2.6557437648941415,-3.852012625747062,-1.3271008015270294,0.5117799113737074,-0.6911752107188593,1.8509380422379818,3.1675236762678494,1011.7397699468081,0.534465780403742,-10787.631173000003,5461.0,-9.947268619507472,-0.5206638359881142,1.9753948311664533,-1.9753948311664533,-0.9029168660501741,244.03702160776416,1.1013560812922414,5.082027225758772,4020,3932,0.9776119402985075,-3.646227559638861,-4.597398407598758,-2.6851790282051127,B3,amendment 4 (end against start),0.00018393362836344185
