sample,segment,instrument,from,to,trades,dates,mean,ci_lo,ci_hi,median,control_trades,control_mean,control_ci_lo,control_ci_hi,pairs,pair_dates,diff_mean,diff_ci_lo,diff_ci_hi
main,IS,straddle,09:31,15:55,230,87,-0.017429236514922262,-0.0314766284689897,-0.00346816765985743,-0.028299618637041973,169,-0.0007433488787152216,-0.020484741261265677,0.020136693883390365,165,72,-0.012056183944177018,-0.040953382102440386,0.01448786056901951
main,IS,straddle,09:35,15:55,233,87,-0.007949067594685002,-0.021465826164097705,0.005573052380849941,-0.018404907975460075,171,7.277344864532069e-05,-0.017504876304313532,0.01815497658671731,169,73,-0.008279975320240418,-0.03471792970760847,0.017906828174118646
main,IS,straddle,09:45,15:55,233,87,-0.0035389121472600795,-0.017011955860251383,0.00993893497876503,-0.012847965738758137,171,0.007416296121594245,-0.01001575449018092,0.024837149213304068,169,73,-0.01322410200516083,-0.040181465014006025,0.013836125420203517
main,IS,straddle,10:00,15:55,230,86,-0.001850982149467204,-0.016075153343602433,0.011176312896603018,-0.009862953138815286,169,0.01119872982782073,-0.006802512470664493,0.02912010238760049,167,71,-0.016522532193276443,-0.04226288222685327,0.009835947949207566
main,IS,straddle,10:30,15:55,229,86,0.0026347243840273136,-0.009938539946350437,0.015467435444049693,-0.005479452054794526,167,0.012603833106292393,-0.0028119589823457736,0.02883847891900533,163,71,-0.011758099638053455,-0.035201731045369104,0.011481026989396164
main,IS,straddle,prev 15:55,09:31,226,87,-0.07099891271858093,-0.0933943436631603,-0.05005471735398545,-0.05966878636843535,0,nan,nan,nan,0,0,nan,nan,nan
main,IS,straddle,prev 15:55,09:35,229,87,-0.08335499532356544,-0.10316476759648784,-0.06672394494000194,-0.05621621621621609,0,nan,nan,nan,0,0,nan,nan,nan
main,IS,directional,09:31,15:55,231,87,-0.013128476576132744,-0.06598693339090628,0.037073406406221414,-0.03999999999999991,169,-0.04287263560012649,-0.10002282997846026,0.017955265339774894,166,72,0.03666338460982351,-0.048697332157604266,0.11721131521287251
main,IS,directional,09:35,15:55,233,87,-0.008096356735399763,-0.0562822025776915,0.03940685995132495,-0.021390374331550818,171,-0.03897188208574482,-0.09215078792245364,0.019073660279957008,169,73,0.03510536998727748,-0.04792852410641329,0.11648483218591443
main,IS,directional,09:45,15:55,233,87,0.006359078858649964,-0.03889691290423719,0.05072983207519269,-0.023255813953488698,171,-0.025956756748782013,-0.07826077874248659,0.030080332904764914,169,73,0.027532265845690497,-0.046560968878238726,0.09787868091131403
main,IS,directional,10:00,15:55,231,86,0.011562344099541677,-0.032956662154180964,0.05647646994962871,-0.030030030030030033,170,-0.03216451576207863,-0.0811209526479153,0.019634865943078547,168,72,0.04384026420762771,-0.028962649451253628,0.11251656386706353
main,IS,directional,10:30,15:55,230,87,0.0005977333168145078,-0.03846154111314704,0.04504874802578016,-0.011546920821114193,168,-0.02661091389367038,-0.06960984296223192,0.016616352483603013,165,73,0.025406834326888103,-0.03475017701697867,0.08745149947293832
main,IS,directional,prev 15:55,09:31,227,87,0.34814593858394904,0.2237613859984688,0.48814940372246013,0.17004048582995948,0,nan,nan,nan,0,0,nan,nan,nan
main,IS,directional,prev 15:55,09:35,229,87,0.331079124916338,0.20776240711302238,0.4740092461082759,0.16666666666666663,0,nan,nan,nan,0,0,nan,nan,nan
main,OOS,straddle,09:31,15:55,52,22,-0.0222151699367271,-0.05137088691022849,0.007936648370544301,-0.01913349099986858,52,-0.024009129721572167,-0.04621930048108521,-0.0017431069408549587,50,22,0.004859617193613038,-0.02837919692819864,0.0421385956046238
main,OOS,straddle,09:35,15:55,52,22,-0.022367300905936822,-0.04596737564930267,0.0018300057884547882,-0.02547929703102112,53,-0.021333337016949994,-0.043822413728183816,0.001984608638014084,51,22,-0.0002591298953320522,-0.031293851323270595,0.028096691183972677
main,OOS,straddle,09:45,15:55,52,22,-0.01643113064587546,-0.040048016912678175,0.008451553644873424,-0.01976342226133612,53,-0.016954910264299034,-0.041107771923473264,0.006687325636572315,51,22,0.00241747360714155,-0.03153203444316475,0.036503339155156585
main,OOS,straddle,10:00,15:55,51,22,-0.016139163731781772,-0.03612198025770522,0.004691804297949742,-0.02137931034482762,52,-0.012438826721350051,-0.04089961394210386,0.0145998312074073,50,22,-0.0026168295275895135,-0.03816186227544178,0.035940025883123485
main,OOS,straddle,10:30,15:55,52,22,-0.017847432771716153,-0.035314620036570585,0.002187125161835777,-0.026913580246913607,52,-0.0008565247806858398,-0.026131155853435263,0.02213794603235088,50,22,-0.017259675820165403,-0.04985448609598075,0.02250971324743937
main,OOS,straddle,prev 15:55,09:31,51,22,-0.05589217611178416,-0.08394649835327139,-0.03131019687945871,-0.05161290322580636,0,nan,nan,nan,0,0,nan,nan,nan
main,OOS,straddle,prev 15:55,09:35,51,22,-0.057119147552121434,-0.08649740725611911,-0.030789844123905397,-0.059523809523809444,0,nan,nan,nan,0,0,nan,nan,nan
main,OOS,directional,09:31,15:55,52,22,-0.031030285262337816,-0.1333103085594147,0.06709628507934608,-0.04497679497679497,52,0.01621187411823149,-0.062329707659523004,0.10701451608664415,50,22,-0.04594990393859935,-0.210637248789208,0.10230159239541306
main,OOS,directional,09:35,15:55,52,22,-0.051364638354604135,-0.1438843018015243,0.03356064005811843,-0.02959564384390428,53,0.011342787627824449,-0.0764800283934394,0.10730658717180902,51,22,-0.06872958978063384,-0.22587630542840648,0.07024822853947732
main,OOS,directional,09:45,15:55,52,22,-0.05546253483870588,-0.13591349401708877,0.023359718809542542,-0.05675784624244169,53,0.021195844069637197,-0.06088331497414421,0.10894251954776875,51,22,-0.07793984530876955,-0.2159881658759563,0.045250390809643416
main,OOS,directional,10:00,15:55,51,22,-0.029539255186469215,-0.11107266234564932,0.04921741926523726,-0.01954397394136812,53,0.0007712523079242386,-0.0928748359080488,0.10661051433248642,50,22,-0.027125575111195736,-0.1835401030233452,0.12134425464023949
main,OOS,directional,10:30,15:55,52,22,-0.012009888530425497,-0.08126622202457712,0.058964959156240705,0.01948701908038776,52,-0.010122515107904637,-0.11079035740632254,0.10410147572387982,50,22,-0.00464647440583003,-0.15627557583891513,0.14405411449906375
main,OOS,directional,prev 15:55,09:31,52,22,0.2739138931092194,0.14306649682352465,0.44513189543027437,0.1300319874464361,0,nan,nan,nan,0,0,nan,nan,nan
main,OOS,directional,prev 15:55,09:35,52,22,0.2975542105031577,0.1545126594144385,0.4825138119214795,0.17109374999999993,0,nan,nan,nan,0,0,nan,nan,nan
main,ALL,straddle,09:31,15:55,282,109,-0.018311749060786985,-0.031257854988975514,-0.0053545295411559675,-0.027708755807685323,221,-0.006217650253505092,-0.021888799208678814,0.009943474347745796,215,94,-0.00812227670283049,-0.030337404376135572,0.013906963871635281
main,ALL,straddle,09:35,15:55,285,109,-0.010579762795334456,-0.022677883834038095,0.001117929591782006,-0.01980198019801982,224,-0.004992065188303574,-0.01957726192445958,0.010757145886512172,220,95,-0.006420597517193478,-0.028276278879988133,0.014085210223303628
main,ALL,straddle,09:45,15:55,285,109,-0.005891176575077622,-0.017844984882474175,0.006110055372848861,-0.014134275618374633,224,0.0016498946106462855,-0.012285446246989754,0.016681638908901106,220,95,-0.00959810038594528,-0.03222332459823169,0.01093162981056592
main,ALL,straddle,10:00,15:55,281,108,-0.0044442108352253625,-0.015583457723545104,0.006641425980769651,-0.01169590643274842,221,0.005636951816251136,-0.008958454481725261,0.019987443063432527,217,93,-0.013318453238049041,-0.03537892703499777,0.008300152694336716
main,ALL,straddle,10:30,15:55,281,108,-0.0011555680433700528,-0.011248619405277655,0.01004521243376002,-0.009416195856873822,219,0.009407766393402586,-0.003477191669565954,0.0226839117507089,213,93,-0.013049549446060953,-0.03277392884683838,0.005943240147863528
main,ALL,straddle,prev 15:55,09:31,277,109,-0.06821752800036203,-0.08667229920302598,-0.04976838981557228,-0.05806451612903217,0,nan,nan,nan,0,0,nan,nan,nan
main,ALL,straddle,prev 15:55,09:35,280,109,-0.07857632305090957,-0.09474970700800654,-0.06418344287928326,-0.05700280112044816,0,nan,nan,nan,0,0,nan,nan,nan
main,ALL,directional,09:31,15:55,283,109,-0.01641785485062978,-0.06494082963156055,0.02881780089094652,-0.04040404040404044,221,-0.02897039801933638,-0.08022262834339419,0.021528886413823587,216,94,0.017539938186577477,-0.05649394888910505,0.08924835347964406
main,ALL,directional,09:35,15:55,285,109,-0.015990920399254593,-0.05854291740253887,0.0252264490163914,-0.021390374331550818,224,-0.027067071841016376,-0.07477117781850329,0.019100819612193266,220,95,0.011034538404716215,-0.05847710646781417,0.08252036454010761
main,ALL,directional,09:45,15:55,285,109,-0.004920654166832509,-0.0447842176658262,0.0340550624056235,-0.026041666666666668,224,-0.014800114590852469,-0.062311745101969136,0.029377932620003593,220,95,0.003081912805338402,-0.05939907929987301,0.06831118345012852
main,ALL,directional,10:00,15:55,282,108,0.004129076143560982,-0.03565741159693959,0.0453255066596766,-0.028776482904923142,223,-0.024336732319432203,-0.06984904642432067,0.019471272043701002,218,94,0.027563695556521405,-0.03548747788175615,0.09055303036086497
main,ALL,directional,10:30,15:55,282,109,-0.0017270763855134332,-0.03565396921425478,0.035196031750233316,-0.009095033822801486,220,-0.02271365599885302,-0.06296687260408525,0.019134668111720828,215,95,0.018417692761139696,-0.04328006967982974,0.07777283749496545
main,ALL,directional,prev 15:55,09:31,279,109,0.3343105752696625,0.2318870890047773,0.4500467738386988,0.16842105263157894,0,nan,nan,nan,0,0,nan,nan,nan
main,ALL,directional,prev 15:55,09:35,281,109,0.324875226163721,0.22371799881583582,0.4424907957343829,0.16666666666666663,0,nan,nan,nan,0,0,nan,nan,nan
brazil,IS,straddle,09:31,15:55,8,8,-0.03460405617474559,-0.06542607994176099,-0.002510690329957761,-0.041320548319830445,8,0.02249540465864592,-0.01992422745326423,0.06731020903626948,8,8,-0.05709946083339151,-0.10374301311378029,-0.0141779050625526
brazil,IS,straddle,09:35,15:55,8,8,-0.027759969535689995,-0.05525605185256548,0.0015437921337535993,-0.03394772466937419,8,0.02897415060188293,-0.015103664305447984,0.07296442494021775,8,8,-0.056734120137572924,-0.1012523704823031,-0.016922904843391418
brazil,IS,straddle,09:45,15:55,8,8,-0.0228413964082539,-0.05088917037317753,0.007287740306650102,-0.036274575814705126,8,0.021040830238164266,-0.02404171920915285,0.06633328362265793,8,8,-0.043882226646418165,-0.09343101116643032,-0.0006200943527326016
brazil,IS,straddle,10:00,15:55,8,8,-0.017644291873140268,-0.04516378692310975,0.010462004646309636,-0.01531979555187182,8,0.030828321864935015,-0.007793727294167489,0.07391418596525212,8,8,-0.04847261373807528,-0.10517895215356252,0.002667253027759661
brazil,IS,straddle,10:30,15:55,8,8,-0.025042803994365415,-0.04136513608956472,-0.004698384474422775,-0.03194542316451693,8,0.020409714226942755,-0.013527251200711249,0.06471179826963369,8,8,-0.04545251822130818,-0.0993094277346585,-0.0003707030218453189
brazil,IS,straddle,prev 15:55,09:31,8,8,-0.0524338048613202,-0.07426798558482921,-0.035797959244125994,-0.045722996515679515,0,nan,nan,nan,0,0,nan,nan,nan
brazil,IS,straddle,prev 15:55,09:35,8,8,-0.059415119540445,-0.07796167810893706,-0.0438767864312868,-0.05541140837960627,0,nan,nan,nan,0,0,nan,nan,nan
brazil,IS,directional,09:31,15:55,8,8,0.2423850434143791,0.138066832262885,0.34938149646346367,0.19048484848484853,8,0.21739533958176488,-0.030929605251188583,0.46729978352960677,8,8,0.024989703832614223,-0.2546942600485815,0.2659680696872771
brazil,IS,directional,09:35,15:55,8,8,0.24445918819981438,0.14120068528761806,0.36270230195267744,0.19366197183098605,8,0.21968508922525126,-0.03527452793908652,0.4746285027767637,8,8,0.024774098974563084,-0.28128440592725673,0.27526982751565465
brazil,IS,directional,09:45,15:55,8,8,0.17226796236764402,0.07786813857788413,0.27028911283622636,0.1536353254663114,8,0.21901212884694937,0.0053685248881890175,0.4456899665870278,8,8,-0.04674416647930536,-0.29198966754772937,0.15481516636648862
brazil,IS,directional,10:00,15:55,8,8,0.15729525629297855,0.042155280595251136,0.26898969579118875,0.1943365124219945,8,0.1812782428468526,-0.04333132403723058,0.4337015692534719,8,8,-0.02398298655387404,-0.26434573749958185,0.19890070778363533
brazil,IS,directional,10:30,15:55,8,8,0.14642817900564092,0.0420771112515887,0.2626949466186386,0.1271446078431373,8,0.10869775103390977,-0.07292567792725207,0.3106474258744304,8,8,0.037730427971731144,-0.1603207410196665,0.18547286880943278
brazil,IS,directional,prev 15:55,09:31,8,8,-0.16090157557899548,-0.2867996163164373,0.034345118096198064,-0.2637657732818855,0,nan,nan,nan,0,0,nan,nan,nan
brazil,IS,directional,prev 15:55,09:35,8,8,-0.16441231257398028,-0.29140673933331557,0.012107743800104933,-0.23090357569629563,0,nan,nan,nan,0,0,nan,nan,nan
brazil,OOS,straddle,09:31,15:55,5,5,-0.039478694296374746,-0.05712671303068508,-0.018816274781005112,-0.04411764705882357,5,0.023449980247707464,-0.014191729323308307,0.0766477612856682,5,5,-0.0629286745440822,-0.10793261237295251,-0.03309079729452765
brazil,OOS,straddle,09:35,15:55,5,5,-0.035624744463924066,-0.05028543727391392,-0.016488740281190864,-0.04672897196261686,5,0.022850247974102924,-0.013018211054375445,0.07846795905978665,5,5,-0.058474992438026986,-0.10747629123406374,-0.031125875258165216
brazil,OOS,straddle,09:45,15:55,5,5,-0.03022294673237626,-0.04753862529432643,-0.011022031823745383,-0.0285714285714286,5,0.014716235652188426,-0.015984617698001153,0.051299778761061884,5,5,-0.044939182384564694,-0.07554427607703855,-0.022102014797455403
brazil,OOS,straddle,10:00,15:55,5,5,-0.022449246342721163,-0.04106670583101025,0.0020440973042275727,-0.03305785123966945,5,0.018234369634809795,-0.009220621178361548,0.045689360447981144,5,5,-0.040683615977530965,-0.06579003810845863,-0.02013819077243643
brazil,OOS,straddle,10:30,15:55,5,5,-0.03100635193210991,-0.06466697490847045,-0.0010837822640619153,-0.016806722689075647,5,0.010230588058941583,-0.01850724493474839,0.05680984117097475,5,5,-0.0412369399910515,-0.09013109243697477,0.008347233707900229
brazil,OOS,straddle,prev 15:55,09:31,5,5,-0.04320984701082908,-0.05957261861644329,-0.031347758507899406,-0.039840637450199064,0,nan,nan,nan,0,0,nan,nan,nan
brazil,OOS,straddle,prev 15:55,09:35,5,5,-0.047173962137734865,-0.05611672308049587,-0.039155918197741627,-0.048888888888888836,0,nan,nan,nan,0,0,nan,nan,nan
brazil,OOS,directional,09:31,15:55,5,5,-0.06917564343551189,-0.2754798655292076,0.1371285786581839,-0.02343750000000002,5,0.054659964569068076,-0.168255474181948,0.314153473644999,5,5,-0.12383560800457993,-0.521391395493184,0.2537063363986218
brazil,OOS,directional,09:35,15:55,5,5,-0.047255867612999,-0.24555912788682094,0.14549101173674037,0.06603773584905645,5,0.05535632614099513,-0.18217787633767857,0.31516414799374665,5,5,-0.10261219375399411,-0.5221497484242212,0.2702858557911258
brazil,OOS,directional,09:45,15:55,5,5,-0.004866143700646097,-0.1866081168325207,0.17352655125461966,0.16494845360824734,5,0.09649357250546747,-0.09252483402386058,0.31755835870668403,5,5,-0.10135971620611357,-0.4846716730123548,0.22514301096265968
brazil,OOS,directional,10:00,15:55,5,5,-0.03269711687663447,-0.20225035971223018,0.13685612595896124,0.06474820143884881,5,0.07451108179403695,-0.09761424134871335,0.2963900402739806,5,5,-0.10720819867067141,-0.4707300219219416,0.18480146999850322
brazil,OOS,directional,10:30,15:55,5,5,-0.06523234311671369,-0.1919179557815921,0.0897324555259841,-0.1570247933884297,5,0.0003797324832923471,-0.1444530614757152,0.10814147480814151,5,5,-0.06561207560000604,-0.29100426554972003,0.2202231027968605
brazil,OOS,directional,prev 15:55,09:31,5,5,-0.008284292714985765,-0.24265151515151512,0.17965796579657967,-0.05454545454545446,0,nan,nan,nan,0,0,nan,nan,nan
brazil,OOS,directional,prev 15:55,09:35,5,5,-0.049815563188971936,-0.18554421768707474,0.07104676717671658,-0.06802721088435365,0,nan,nan,nan,0,0,nan,nan,nan
brazil,ALL,straddle,09:31,15:55,13,13,-0.0364789169907568,-0.05654179020734411,-0.012983617799605711,-0.04411764705882357,13,0.02286254911597728,-0.00923565029042205,0.056125716961583194,13,13,-0.059341466106734075,-0.09208591843978318,-0.028711384151057704
brazil,ALL,straddle,09:35,15:55,13,13,-0.030784882969626174,-0.048713910490735174,-0.009663037236816028,-0.04040404040404044,13,0.02661880343735216,-0.005142426862016123,0.060214638211020924,13,13,-0.05740368640697834,-0.09067277293216779,-0.026141020182816912
brazil,ALL,straddle,09:45,15:55,13,13,-0.025680454225224032,-0.044753994557690684,-0.004068296396849317,-0.03457446808510636,13,0.01860829385894279,-0.011645916118237206,0.04968404690917023,13,13,-0.04428874808416682,-0.07784987978731857,-0.013286865407274681
brazil,ALL,straddle,10:00,15:55,13,13,-0.019492351284517536,-0.03845956957367372,0.0002183976196035618,-0.02362204724409451,13,0.025984494084117626,-0.0021129600801650405,0.05359816833940565,13,13,-0.04547684536863516,-0.08076155610389203,-0.012125916725840133
brazil,ALL,straddle,10:30,15:55,13,13,-0.0273364762781133,-0.04405556686244166,-0.009803073265213461,-0.028871391076115454,13,0.01649466570078846,-0.010251314395225104,0.04581740075269221,13,13,-0.04383114197890177,-0.07996479943874697,-0.008816894794554947
brazil,ALL,straddle,prev 15:55,09:31,13,13,-0.04888612876497747,-0.06584799521930555,-0.03689803455042214,-0.045714285714285756,0,nan,nan,nan,0,0,nan,nan,nan
brazil,ALL,straddle,prev 15:55,09:35,13,13,-0.05470698207786418,-0.06928285933481618,-0.043965815890363434,-0.049833887043189196,0,nan,nan,nan,0,0,nan,nan,nan
brazil,ALL,directional,09:31,15:55,13,13,0.12255401001057488,-0.014827264139441541,0.254925024782459,0.16315789473684214,13,0.15480481073072766,-0.024453276648585067,0.34125302752983283,13,13,-0.03225080072015277,-0.268946367821481,0.18627239818625513
brazil,ALL,directional,09:35,15:55,13,13,0.1322610898102708,-0.003121379895450987,0.26159593350983756,0.16535433070866137,13,0.15648171880822967,-0.025983544898352206,0.34147530863588493,13,13,-0.02422062899795892,-0.2732190487146896,0.2006802962478973
brazil,ALL,directional,09:45,15:55,13,13,0.10413946003368627,-0.006930069781429935,0.2048743789085437,0.16494845360824734,13,0.17188960717714863,0.016737558113841835,0.34288876258590173,13,13,-0.06775014714346236,-0.28395486707564804,0.11384112908648623
brazil,ALL,directional,10:00,15:55,13,13,0.08422126661235814,-0.02808856925826008,0.18958896349805301,0.10784313725490184,13,0.14021395013423119,-0.021051257371330425,0.3195586029328606,13,13,-0.05599268352187303,-0.2641822317118852,0.13371353214899417
brazil,ALL,directional,10:30,15:55,13,13,0.06502028588165837,-0.0354029848424083,0.16960585076346954,0.05333333333333338,13,0.06703697466828767,-0.05909092186315451,0.21023092008134775,13,13,-0.0020166887866293103,-0.15858130508173546,0.1629928338963384
brazil,ALL,directional,prev 15:55,09:31,13,13,-0.10220262063129944,-0.23393344803923322,0.040857582392172034,-0.24901185770751,0,nan,nan,nan,0,0,nan,nan,nan
brazil,ALL,directional,prev 15:55,09:35,13,13,-0.12033663973359245,-0.2296933310001616,0.00294973133872473,-0.20627802690582958,0,nan,nan,nan,0,0,nan,nan,nan
"main, oil only",IS,straddle,09:31,15:55,104,45,-0.015860418318680097,-0.033513231327924824,0.002858223152895016,-0.027708755807685323,46,0.005680576601726744,-0.02108275860335049,0.034527594376581955,45,24,-0.00930842444328269,-0.049628731895400194,0.029328917180404132
"main, oil only",IS,straddle,09:35,15:55,104,45,-0.0017667641253339497,-0.020461347665318517,0.017682067254071284,-0.015051997810618473,46,0.0043504111592712145,-0.02585312070709345,0.03372365406535375,45,24,-0.004312555537576578,-0.04990451017921555,0.04205181345661633
"main, oil only",IS,straddle,09:45,15:55,104,45,-0.0018307124816686103,-0.016899453462605185,0.014355628982231056,-0.01227193608575342,46,0.02052704253412579,-0.011614816207021298,0.052564109122879586,45,24,-0.026157060568832265,-0.06839174200427618,0.0172166249555245
"main, oil only",IS,straddle,10:00,15:55,104,45,0.0021002370893117807,-0.01320695474625056,0.017618783667591256,1.3091289928381013e-05,46,0.021002000621014937,-0.007301853131064708,0.05279725542038506,45,24,-0.023379421368185122,-0.06957571919039762,0.02202352214645435
"main, oil only",IS,straddle,10:30,15:55,104,45,0.0020036308140109504,-0.012719064304975753,0.017872254713317156,0.0020703933747412305,45,0.03860072330653298,0.009292715343522781,0.0699673241360787,44,24,-0.04283841104660728,-0.08857244784780004,0.001776112173092005
"main, oil only",IS,straddle,prev 15:55,09:31,103,45,-0.08889351045067564,-0.12135713320464993,-0.0599053266304849,-0.06211180124223599,0,nan,nan,nan,0,0,nan,nan,nan
"main, oil only",IS,straddle,prev 15:55,09:35,103,45,-0.1018058861595754,-0.1337537207797424,-0.07336379241891476,-0.06451612903225813,0,nan,nan,nan,0,0,nan,nan,nan
"main, oil only",IS,directional,09:31,15:55,104,45,-0.005666931015801444,-0.07673394206144558,0.059505446748019115,-0.008363636363636347,46,-0.003077817377766457,-0.11219621184156497,0.10024454824107905,45,24,0.04505220693102555,-0.0972454213319346,0.19600883829540688
"main, oil only",IS,directional,09:35,15:55,104,45,0.0013599765467959524,-0.06971008000681449,0.06996311830697866,0.0013404825737265607,46,-0.021423960047112497,-0.12080919322870749,0.07281284264161432,45,24,0.06474129425779208,-0.08240003841656299,0.20747639858132882
"main, oil only",IS,directional,09:45,15:55,104,45,0.008534378930529714,-0.058178641974892746,0.0744881345643918,0.01503952366286826,46,0.01856142837377529,-0.0747782450424374,0.11032465755675913,45,24,0.016925161765498714,-0.12938653594420352,0.15695146425863699
"main, oil only",IS,directional,10:00,15:55,104,45,0.015370101401498085,-0.05706517745085754,0.08894283760848658,-0.03100284720025285,46,0.016600828876663486,-0.07653049772723222,0.10852088232670346,45,24,0.03717209693121271,-0.1306090985808331,0.2037352970864946
"main, oil only",IS,directional,10:30,15:55,104,45,0.012753899516514412,-0.05236154750493444,0.07586913612371574,0.01754628917269315,45,0.01660265290024832,-0.06875468343176876,0.109599844670522,44,24,0.01068227781329722,-0.13446759900459163,0.14766437156020415
"main, oil only",IS,directional,prev 15:55,09:31,103,45,0.4923747220185018,0.30758358295255367,0.7068912058139124,0.27586206896551735,0,nan,nan,nan,0,0,nan,nan,nan
"main, oil only",IS,directional,prev 15:55,09:35,103,45,0.48353975001743654,0.2873544940234938,0.7173766020628944,0.2669245647969052,0,nan,nan,nan,0,0,nan,nan,nan
"main, oil only",OOS,straddle,09:31,15:55,19,9,-0.026272692393333085,-0.06790097966613257,0.01799787979203845,-0.034693877551020394,17,-0.0245616827614149,-0.061964188462733105,0.01108991242427406,17,9,0.0052735746605772705,-0.040607238626747796,0.04425619651355053
"main, oil only",OOS,straddle,09:35,15:55,19,9,-0.020215257050047567,-0.05963957459330484,0.02008138393909075,-0.031347962382445034,18,-0.015011397499662096,-0.03924954923950907,0.008150107176430778,18,9,-0.0009175726613530313,-0.027528600793066803,0.024140285144275807
"main, oil only",OOS,straddle,09:45,15:55,19,9,-0.01098522965242048,-0.048997506540453185,0.02985708306888288,-0.025210084033613408,18,-0.00973313444349979,-0.03494367525397431,0.013840372866386426,18,9,0.0031479296099766662,-0.025563509045809573,0.027550276761756053
"main, oil only",OOS,straddle,10:00,15:55,19,9,-0.013989321313486344,-0.040959746344671616,0.014571592291696831,-0.01797752808988766,18,0.00450033792413585,-0.024443976696950847,0.02998771733554548,18,9,-0.017088194517565335,-0.03879154615188517,-0.0012120382994978687
"main, oil only",OOS,straddle,10:30,15:55,19,9,-0.01958579602084765,-0.036408352840238634,-0.002319549910371462,-0.025641025641025602,18,0.00032705655730317577,-0.03131971891846921,0.02951944374977025,18,9,-0.017795824151958604,-0.042582709226268466,0.005115855857199982
"main, oil only",OOS,straddle,prev 15:55,09:31,19,9,-0.10475133171025959,-0.14559395795955177,-0.06904959869836332,-0.0999107939339876,0,nan,nan,nan,0,0,nan,nan,nan
"main, oil only",OOS,straddle,prev 15:55,09:35,19,9,-0.11159322663966054,-0.1479074569445675,-0.0812113658810645,-0.10439560439560445,0,nan,nan,nan,0,0,nan,nan,nan
"main, oil only",OOS,directional,09:31,15:55,19,9,-0.1275963656379798,-0.27217886780508505,-0.004862651737564337,-0.07947019867549664,17,0.05358271780804257,-0.1105839507236405,0.21918026378023533,17,9,-0.18736376392042833,-0.48946821518749384,0.08442284745446839
"main, oil only",OOS,directional,09:35,15:55,19,9,-0.11748299450031387,-0.2685796970089188,0.02791400977291137,-0.037914691943127785,18,0.050909187109416165,-0.12167007001761508,0.23493525235817894,18,9,-0.17281264286290704,-0.49386288649942045,0.11823672020558247
"main, oil only",OOS,directional,09:45,15:55,19,9,-0.09594307358454299,-0.25148209959353895,0.06553351213360714,-0.09944751381215478,18,0.061634803887078364,-0.08617997819136612,0.21957902725222805,18,9,-0.15473811358579534,-0.45038091128373253,0.12110675066257004
"main, oil only",OOS,directional,10:00,15:55,19,9,-0.07750851998418884,-0.21575343768391025,0.0712714137012889,-0.11627906976744186,18,0.0582171085273823,-0.11248137933693922,0.23512688388108863,18,9,-0.13287858157697785,-0.43297270472493044,0.1643986805537798
"main, oil only",OOS,directional,10:30,15:55,19,9,-0.02473316157049533,-0.14145027598063736,0.10947105068888564,0.017391304347826025,18,0.056683099797124874,-0.09528581568512448,0.21531981070750877,18,9,-0.07563725007671067,-0.34599632482824744,0.19967168385439496
"main, oil only",OOS,directional,prev 15:55,09:31,19,9,0.4354511714195991,0.18105125694286228,0.753771054287844,0.3469387755102041,0,nan,nan,nan,0,0,nan,nan,nan
"main, oil only",OOS,directional,prev 15:55,09:35,19,9,0.44004568809929845,0.1573548451337264,0.7950186038516196,0.24778761061946927,0,nan,nan,nan,0,0,nan,nan,nan
"main, oil only",ALL,straddle,09:31,15:55,123,54,-0.01746881837899235,-0.0342264020464608,0.0006321317324726801,-0.028251121076232982,63,-0.0024800330676924332,-0.024797320894629472,0.02295591314904775,62,33,-0.005310134366417859,-0.0378804054013078,0.02574720251940461
"main, oil only",ALL,straddle,09:35,15:55,123,54,-0.004616531325086461,-0.021591053427108226,0.013963596333225374,-0.016949152542372923,64,-0.0010950975260537784,-0.02364114905207749,0.023006868996031406,63,33,-0.003342560430084137,-0.03834956759526014,0.028904530237693075
"main, oil only",ALL,straddle,09:45,15:55,123,54,-0.003244824890158738,-0.017534016828347664,0.013035329858045045,-0.012847965738758137,64,0.0120163677591686,-0.01168280655255657,0.03818661190682552,63,33,-0.01778420623202971,-0.05151289639076041,0.014723269474581944
"main, oil only",ALL,straddle,10:00,15:55,123,54,-0.0003851418509578482,-0.01413943476778311,0.014096716881880328,-0.005649717514124299,64,0.0163609079875177,-0.005800117944470798,0.040629217569475996,63,33,-0.021581927982293747,-0.054625555404589354,0.010048333069477588
"main, oil only",ALL,straddle,10:30,15:55,123,54,-0.0013313212986907845,-0.013961817010043972,0.012398213284587161,-0.006666666666666672,63,0.027665389949610184,0.004773866728253675,0.053733134977863556,62,33,-0.03556798259332217,-0.07061082331594105,-0.004287931219702737
"main, oil only",ALL,straddle,prev 15:55,09:31,122,54,-0.09136317113864362,-0.11857753114850698,-0.06611336564698216,-0.06962692334715095,0,nan,nan,nan,0,0,nan,nan,nan
"main, oil only",ALL,straddle,prev 15:55,09:35,122,54,-0.10333014410319522,-0.13091119969727716,-0.07923772259702036,-0.07800414078674957,0,nan,nan,nan,0,0,nan,nan,nan
"main, oil only",ALL,directional,09:31,15:55,123,54,-0.02450155912817046,-0.09132601225054712,0.03727046583459009,-0.03636363636363624,63,0.012211533386658195,-0.07658661873913813,0.10089238019434363,62,33,-0.018674752818566644,-0.1566192811918141,0.11204238845906941
"main, oil only",ALL,directional,09:35,15:55,123,54,-0.01699788076942426,-0.08109712174253862,0.04738771038758116,-0.002331002331002281,64,-0.0010802624093388218,-0.08567619155347146,0.084926476287375,63,33,-0.003131259205264799,-0.14503141714093393,0.12931893832879904
"main, oil only",ALL,directional,09:45,15:55,123,54,-0.007604414547408349,-0.07052945527442658,0.056072521676765644,-0.025936599423631086,64,0.030675815236891783,-0.04695393229823499,0.11337604679986486,63,33,-0.03212148833487101,-0.1702295116832551,0.09319637808380683
"main, oil only",ALL,directional,10:00,15:55,123,54,0.0010229972850098648,-0.06251723488602613,0.06712303467370467,-0.03896103896103894,64,0.02830540752842815,-0.05332703260421745,0.11109028211244858,63,33,-0.011413811213984605,-0.15494485084998155,0.13607231389501995
"main, oil only",ALL,directional,10:30,15:55,123,54,0.00696321528356169,-0.05047276009108831,0.06666234418268126,0.017391304347826025,63,0.02805420915649877,-0.04483268717042027,0.10698979276679468,62,33,-0.01437823028380184,-0.13992707594125475,0.11453570654561344
"main, oil only",ALL,directional,prev 15:55,09:31,122,54,0.4835095788924431,0.31625842117379105,0.6819339027521274,0.2779310344827587,0,nan,nan,nan,0,0,nan,nan,nan
"main, oil only",ALL,directional,prev 15:55,09:35,122,54,0.47676608463674286,0.3005545085423805,0.6881006250418144,0.26354358321146076,0,nan,nan,nan,0,0,nan,nan,nan
