family,gross,premium_traded,haircut_cost_1x,haircut_cost_2x,net_haircut_1x,net_haircut_2x,spread_cost,net_spread,leg_volume
hedge,0.034521150509619083,0.019439692935877294,0.0019439692935877295,0.003887938587175459,0.032577181216031356,0.030633211922443625,,,32.0
hedge,0.03581213337979163,0.016334459174700094,0.0016334459174700095,0.003266891834940019,0.034178687462321625,0.03254524154485161,,,176.0
hedge,0.030250637049624853,0.027322593400441016,0.0027322593400441017,0.0054645186800882034,0.027518377709580752,0.02478611836953665,,,76.0
hedge,,0.014845996487311395,0.0014845996487311396,0.0029691992974622793,,,,,459.0
hedge,-0.08117645993884667,0.01626455201242803,0.001626455201242803,0.003252910402485606,-0.08280291514008947,-0.08442937034133229,0.0034241162131427414,-0.08460057615198942,64.0
hedge,-0.08979061069949264,0.026250888802663245,0.0026250888802663245,0.005250177760532649,-0.09241569957975897,-0.09504078846002528,0.013750465563299797,-0.10354107626279244,136.0
hedge,0.27022842133078134,0.03718039045162076,0.0037180390451620766,0.007436078090324153,0.26651038228561924,0.2627923432404572,,,489.0
hedge,0.18058075205241592,0.01344284763217579,0.001344284763217579,0.002688569526435158,0.17923646728919834,0.17789218252598077,,,11.0
hedge,0.0184735737380833,0.036856703512837756,0.0036856703512837758,0.0073713407025675515,0.014787903386799525,0.011102233035515748,,,56.0
hedge,0.16790899033136863,0.01247070881040923,0.001247070881040923,0.002494141762081846,0.1666619194503277,0.1654148485692868,,,29.0
hedge,,0.015061621444233115,0.0015061621444233115,0.003012324288846623,,,,,1.0
hedge,-0.034343981512379884,0.02459744367119504,0.0024597443671195043,0.004919488734239009,-0.036803725879499385,-0.039263470246618894,,,575.0
hedge,-0.033963623298138755,0.01956832677072807,0.001956832677072807,0.003913665354145614,-0.03592045597521156,-0.03787728865228437,,,6.0
hedge,,0.019692304311180683,0.0019692304311180685,0.003938460862236137,,,,,82.0
hedge,-0.028630976940326985,0.02431532657560015,0.0024315326575600153,0.0048630653151200305,-0.031062509597887,-0.03349404225544701,,,0.0
hedge,-0.11085975194171789,0.041054546558035795,0.0041054546558035795,0.008210909311607159,-0.11496520659752146,-0.11907066125332505,0.0015934413047639451,-0.11245319324648184,17.0
hedge,-0.07787979492577651,0.025193210414002985,0.0025193210414002987,0.005038642082800597,-0.08039911596717682,-0.08291843700857711,0.0037081394941524677,-0.08158793441992898,36.0
hedge,0.03326330539818192,0.022759103643131762,0.0022759103643131763,0.004551820728626353,0.030987395033868742,0.028711484669555566,,,4.0
hedge,-0.10671777663267389,0.02238466912271946,0.002238466912271946,0.004476933824543892,-0.10895624354494583,-0.11119471045721778,0.005899093714676782,-0.11261687034735067,51.0
hedge,-0.0937637996089897,0.039375776815989375,0.003937577681598937,0.007875155363197875,-0.09770137729058864,-0.10163895497218757,0.008090913044381379,-0.10185471265337108,20.0
hedge,0.13422460486113563,0.01650381382118786,0.001650381382118786,0.003300762764237572,0.13257422347901685,0.13092384209689806,,,152.0
hedge,-0.03522800373578951,0.037784804031235394,0.0037784804031235396,0.007556960806247079,-0.039006484138913056,-0.04278496454203659,,,0.0
hedge,0.3222319314860318,0.061035479219235196,0.00610354792192352,0.01220709584384704,0.3161283835641083,0.31002483564218475,,,155.0
hedge,-0.016984718767634775,0.04478863672911751,0.004478863672911751,0.008957727345823502,-0.021463582440546525,-0.02594244611345828,,,14.0
hedge,,,,,,,0.016440236288637663,,0.0
hedge,0.07105089275439774,0.06756462855424712,0.006756462855424712,0.013512925710849425,0.06429442989897304,0.05753796704354832,,,16.0
hedge,0.2923608001220713,0.030595050784791123,0.0030595050784791127,0.006119010156958225,0.28930129504359214,0.28624178996511307,,,721.0
hedge,0.3738712557971721,0.03908990326360933,0.003908990326360933,0.007817980652721867,0.3699622654708112,0.36605327514445024,,,1158.0
hedge,0.0048530793900249565,0.03114702848750143,0.003114702848750143,0.006229405697500286,0.0017383765412748134,-0.0013763263074753297,,,35.0
hedge,-0.09073649909579715,0.026623285420894677,0.0026623285420894678,0.0053246570841789355,-0.09339882763788661,-0.09606115617997608,,,2.0
hedge,0.12444147484040363,0.03645346058800923,0.003645346058800923,0.007290692117601846,0.1207961287816027,0.11715078272280179,,,8.0
hedge,0.2407480758394478,0.025698747718826652,0.002569874771882665,0.00513974954376533,0.23817820106756513,0.23560832629568246,,,48.0
hedge,,0.029004663053227537,0.002900466305322754,0.005800932610645508,,,,,15.0
hedge,,0.022847721055096522,0.0022847721055096522,0.0045695442110193045,,,,,12.0
