bucket,entry,otm,n_events,mean_events,n_placebo,mean_placebo,edge
1m,post,0.03,8,0.018976491931555796,37,0.0065367786568107916,0.012439713274745004
1m,post,0.05,8,0.012727289999325417,37,0.0069155982263685205,0.005811691772956896
1m,post,0.1,8,0.006629215719075496,26,0.005502293313096073,0.0011269224059794235
1m,pre,0.03,8,0.01806960385720954,37,0.005887653509695467,0.012181950347514073
1m,pre,0.05,8,0.012530609113524983,37,0.006152614837698889,0.006377994275826093
1m,pre,0.1,8,0.006670830905256501,26,0.004829123723380712,0.0018417071818757885
2m,post,0.03,20,0.011820547214022354,99,0.007670772499128419,0.004149774714893935
2m,post,0.05,20,0.010238138324565455,96,0.006317401541303214,0.003920736783262241
2m,post,0.1,19,0.005450417259958965,92,0.004216910929735662,0.0012335063302233032
2m,pre,0.03,20,0.011714895630880882,99,0.006011107881109933,0.0057037877497709485
2m,pre,0.05,20,0.00984499567917044,96,0.004875616586784814,0.004969379092385627
2m,pre,0.1,19,0.005687444532235437,91,0.0031198429830848746,0.0025676015491505623
3-6m,post,0.03,24,0.0089439427942995,115,0.00815028999680223,0.0007936527974972685
3-6m,post,0.05,24,0.008246041468667415,113,0.0073466257243976155,0.0008994157442697992
3-6m,post,0.1,24,0.0059128075330011146,107,0.005103470495140773,0.0008093370378603418
3-6m,pre,0.03,24,0.009231721058382387,114,0.006929899543955476,0.0023018215144269116
3-6m,pre,0.05,23,0.007670031572513738,113,0.005981061646423462,0.0016889699260902759
3-6m,pre,0.1,24,0.00587371487935575,108,0.003920218306457272,0.0019534965728984777
