segment,variant,trade,theta,outlier_filter,cost_mult,dates,sets,entries,entry_dates,pnl,mean_pnl_per_trade,ci_lo,ci_hi,wins,split_resolutions,capital_base,sharpe,max_drawdown,total_return,turnover_ann,mean_edge_bp,fees_bp,verified_entries,verified_dates,pnl_verified,mean_pnl_per_verified_trade,ci_lo_verified,ci_hi_verified
IS,V0,lock,0.02,True,1.0,26,43,0,0,0.0,nan,nan,nan,0,0,0.0,nan,nan,nan,nan,nan,nan,0,0,0.0,nan,nan,nan
OOS,V0,lock,0.02,True,1.0,7,17,0,0,0.0,nan,nan,nan,0,0,0.0,nan,nan,nan,nan,nan,nan,0,0,0.0,nan,nan,nan
ALL,V0,lock,0.02,True,1.0,33,60,0,0,0.0,nan,nan,nan,0,0,0.0,nan,nan,nan,nan,nan,nan,0,0,0.0,nan,nan,nan
IS,V0,lock,0.02,True,2.0,26,43,0,0,0.0,nan,nan,nan,0,0,0.0,nan,nan,nan,nan,nan,nan,0,0,0.0,nan,nan,nan
OOS,V0,lock,0.02,True,2.0,7,17,0,0,0.0,nan,nan,nan,0,0,0.0,nan,nan,nan,nan,nan,nan,0,0,0.0,nan,nan,nan
ALL,V0,lock,0.02,True,2.0,33,60,0,0,0.0,nan,nan,nan,0,0,0.0,nan,nan,nan,nan,nan,nan,0,0,0.0,nan,nan,nan
IS,V1,lock,0.01,True,1.0,26,43,0,0,0.0,nan,nan,nan,0,0,0.0,nan,nan,nan,nan,nan,nan,0,0,0.0,nan,nan,nan
OOS,V1,lock,0.01,True,1.0,7,17,0,0,0.0,nan,nan,nan,0,0,0.0,nan,nan,nan,nan,nan,nan,0,0,0.0,nan,nan,nan
ALL,V1,lock,0.01,True,1.0,33,60,0,0,0.0,nan,nan,nan,0,0,0.0,nan,nan,nan,nan,nan,nan,0,0,0.0,nan,nan,nan
IS,V1,lock,0.01,True,2.0,26,43,0,0,0.0,nan,nan,nan,0,0,0.0,nan,nan,nan,nan,nan,nan,0,0,0.0,nan,nan,nan
OOS,V1,lock,0.01,True,2.0,7,17,0,0,0.0,nan,nan,nan,0,0,0.0,nan,nan,nan,nan,nan,nan,0,0,0.0,nan,nan,nan
ALL,V1,lock,0.01,True,2.0,33,60,0,0,0.0,nan,nan,nan,0,0,0.0,nan,nan,nan,nan,nan,nan,0,0,0.0,nan,nan,nan
IS,V2,lock,0.02,False,1.0,26,43,1,1,3.7842679819041103,3.7842679819041103,nan,nan,1,0,100.0,3.113247129976626,0.0,0.0378426798190411,9.32534723076923,393.3182192909871,282.06943071635186,0,0,0.0,nan,nan,nan
OOS,V2,lock,0.02,False,1.0,7,17,0,0,0.0,nan,nan,nan,0,0,100.0,nan,0.0,0.0,0.0,nan,nan,0,0,0.0,nan,nan,nan
ALL,V2,lock,0.02,False,1.0,33,60,1,1,3.7842679819041103,3.7842679819041103,nan,nan,1,0,100.0,2.76339711883103,0.0,0.0378426798190411,7.3472432727272725,393.3182192909871,282.06943071635186,0,0,0.0,nan,nan,nan
IS,V2,lock,0.02,False,2.0,26,43,0,0,0.0,nan,nan,nan,0,0,0.0,nan,nan,nan,nan,nan,nan,0,0,0.0,nan,nan,nan
OOS,V2,lock,0.02,False,2.0,7,17,0,0,0.0,nan,nan,nan,0,0,0.0,nan,nan,nan,nan,nan,nan,0,0,0.0,nan,nan,nan
ALL,V2,lock,0.02,False,2.0,33,60,0,0,0.0,nan,nan,nan,0,0,0.0,nan,nan,nan,nan,nan,nan,0,0,0.0,nan,nan,nan
IS,V3,fade,0.02,True,1.0,26,43,2,2,-34.81066282054795,-17.405331410273973,nan,nan,0,0,100.0,-3.862186638024984,0.3481066282054795,-0.3481066282054795,3.373892307692308,1943.0448276798174,555.1117232185305,2,2,-34.810662820547954,-17.405331410273977,nan,nan
OOS,V3,fade,0.02,True,1.0,7,17,0,0,0.0,nan,nan,nan,0,0,100.0,nan,0.0,0.0,0.0,nan,nan,0,0,0.0,nan,nan,nan
ALL,V3,fade,0.02,True,1.0,33,60,2,2,-34.81066282054795,-17.405331410273973,nan,nan,0,0,100.0,-3.420427985973907,0.3481066282054795,-0.3481066282054795,2.658218181818182,1943.0448276798174,555.1117232185305,2,2,-34.810662820547954,-17.405331410273977,nan,nan
IS,V3,fade,0.02,True,2.0,26,43,1,1,36.63758711232876,36.63758711232876,nan,nan,1,0,100.0,3.113247129976625,0.0,0.3663758711232876,6.141046153846154,653.6036755005592,530.3030303030304,1,1,36.63758711232876,36.63758711232876,nan,nan
OOS,V3,fade,0.02,True,2.0,7,17,0,0,0.0,nan,nan,nan,0,0,100.0,nan,0.0,0.0,0.0,nan,nan,0,0,0.0,nan,nan,nan
ALL,V3,fade,0.02,True,2.0,33,60,1,1,36.63758711232876,36.63758711232876,nan,nan,1,0,100.0,2.76339711883103,0.0,0.3663758711232876,4.838399999999999,653.6036755005592,530.3030303030304,1,1,36.63758711232876,36.63758711232876,nan,nan
