key,ticker,direction,event_class,ticks_source,status,reason,n,n_train,n_purge,n_test,family,preset_index,default_preset_index,train_vs_static,test_vs_static,default_test_vs_static,default_test_note,test_avg_h,test_raw,test_n_orders,test_best_vs_static,train_avg_h,n_families,n_presets,fits_json_family,fits_json_preset_index,fits_json_vs_static,fits_json_n_ticks,fetch_timed_out
polymarket:5126779,VRT,down_on_yes,tech_regulation,live_history,tested,,96,57,5,34,tech_reg_hedge,72,37,0.0313873,-0.439606,-0.185545,,0.226212,0.138039,22,-0.0569019,0.330625,3,270,equity_delta_bridge,63,0.0207736,91,False
polymarket:4662693,AMZN,down_on_yes,company_specific,live_history,tested,,379,227,19,133,tech_reg_hedge,0,37,-9.69273e-05,-0.000410546,-0.000903831,,0.0149091,0.0291975,24,0.00187944,0.0149381,3,270,tech_reg_hedge,63,0.000595367,374,False
polymarket:562831,ICLN,down_on_yes,elections,live_history,tested,,721,432,37,252,equity_delta_bridge,87,31,0.0132321,0.00333036,0.00164368,,0.0726096,0.142811,9,0.00333036,0.114246,3,270,equity_delta_bridge,87,0.00975629,721,False
polymarket:2589813,SPY,down_on_yes,macro_fed,live_history,tested,,721,432,37,252,equity_delta_bridge,15,31,-0.00153967,0.000432254,-0.0125901,,0.137916,0.257133,14,0.00343926,0.085478,6,513,equity_delta_bridge,15,-0.00398226,721,False
polymarket:562828,ICLN,up_on_yes,elections,live_history,tested,,720,432,36,252,election_hedge,56,46,0.0577937,0.000913779,0,never hedged on test (0 by construction),0.102231,0.194747,20,0.00482159,0.335963,3,270,election_hedge,59,0.0337185,720,False
polymarket:665374,XLE,up_on_yes,geopolitics_energy,live_history,tested,,721,432,37,252,stress_lead_hedge,29,39,0.0087051,-0.244998,-0.439623,,0.620008,0.82023,30,-0.0640704,0.632958,4,351,equity_delta_bridge,0,-0.00205919,721,False
polymarket:562802,ICLN,up_on_yes,elections,live_history,tested,,721,432,37,252,equity_delta_bridge,82,31,0.00525959,0.0028658,0.00137833,,0.0629283,0.124413,9,0.0028658,0.109768,3,270,equity_delta_bridge,82,0.00464179,721,False
polymarket:5179198,VRT,down_on_yes,tech_regulation,live_history,tested,never hedged on test (0 by construction),49,29,3,17,tech_reg_hedge,69,37,0.0576769,0,0,never hedged on test (0 by construction),0,,17,0,0.378571,3,270,tech_reg_hedge,72,0.100109,44,False
polymarket:5170735,IBIT,up_on_yes,crypto,live_history,tested,never hedged on test (0 by construction),59,35,3,21,equity_delta_bridge,87,31,0.0883071,0,0,never hedged on test (0 by construction),0,0,4,0,0.172647,3,270,equity_delta_bridge,87,0.0569239,54,False
polymarket:1365861,EWZ,up_on_yes,elections,live_history,tested,,721,432,37,252,equity_delta_bridge,18,31,0.00841855,-0.00645679,-0.00582379,,0.0677689,0.125334,9,0.00237873,0.0346265,3,270,equity_delta_bridge,18,0.00447203,721,False
polymarket:4037599,EWZ,down_on_yes,elections,live_history,tested,,717,430,36,251,equity_delta_bridge,105,31,0.122482,-0.453665,-0.0704735,,0.69196,0.862064,16,-0.0105683,0.804347,3,270,election_hedge,21,-0.0018243,717,False
polymarket:562803,XLE,up_on_yes,elections,live_history,tested,,717,430,36,251,election_hedge,77,46,0.00758865,-1.45205,-0.0626084,,0.8228,0.923006,9,-0.0168812,0.745641,3,270,election_hedge,24,-0.0017865,717,False
polymarket:4985048,IBIT,up_on_yes,crypto,live_history,tested,never hedged on test (0 by construction),167,100,9,58,equity_delta_bridge,81,31,0.00520591,0,0,never hedged on test (0 by construction),0,0,0,0,0.006,3,270,equity_delta_bridge,83,0.00284485,163,False
polymarket:4985052,IBIT,up_on_yes,crypto,live_history,tested,never hedged on test (0 by construction),169,101,9,59,equity_delta_bridge,90,31,0.00976807,0,0,never hedged on test (0 by construction),0,0,0,0,0.0135,3,270,equity_delta_bridge,90,0.00926356,164,False
polymarket:2589810,IWM,up_on_yes,macro_fed,live_history,tested,,719,431,36,252,stress_lead_hedge,29,39,0.00534667,-0.690316,-0.61585,,0.720191,0.86766,11,-0.133171,0.741702,5,432,equity_delta_bridge,0,-0.0379523,719,False
polymarket:5126782,VRT,down_on_yes,tech_regulation,live_history,tested,,97,58,5,34,tech_reg_hedge,72,37,0.045529,-0.418026,-0.162466,,0.215606,0.127525,22,-0.0569019,0.367456,3,270,tech_reg_hedge,69,0.0332307,92,False
polymarket:4037600,EWZ,up_on_yes,elections,live_history,tested,,721,432,37,252,election_hedge,68,46,0.130784,-0.478802,-0.0523632,,0.638924,0.8072,17,-0.00356102,0.799629,3,270,election_hedge,23,-0.001047,721,False
polymarket:5062249,IBIT,up_on_yes,crypto,live_history,tested,never hedged on test (0 by construction),132,79,7,46,equity_delta_bridge,6,31,-0.0758522,0,-0.7151,,0,0,7,0,0.0640769,3,270,equity_delta_bridge,9,-0.0595694,127,False
polymarket:2589814,SPY,down_on_yes,macro_fed,live_history,tested,,718,430,36,252,fig_stress,6,37,0.0153538,-0.00399806,0,never hedged on test (0 by construction),0.0469004,0.0879693,4,0.00493401,0.0307692,5,432,fig_stress,6,0.00609404,718,False
polymarket:5123857,VRT,down_on_yes,tech_regulation,live_history,tested,,97,58,5,34,tech_reg_hedge,0,37,-0.0201289,-0.0917467,-0.164406,,0.0590909,0.0334658,21,-0.0535705,0.108825,3,270,equity_delta_bridge,30,0.0139799,93,False
polymarket:2176270,XLE,down_on_yes,geopolitics_energy,live_history,tested,,720,432,36,252,equity_delta_bridge,98,31,0.0146288,-0.0481888,-0.019135,,0.238984,0.392946,10,-0.00277124,0.243875,4,351,equity_delta_bridge,105,0.00492871,720,False
polymarket:5164765,XLE,up_on_yes,geopolitics_energy,live_history,tested,never hedged on test (0 by construction),67,40,4,23,equity_delta_bridge,38,31,0.0764972,0,0,never hedged on test (0 by construction),0,0,23,0,0.240333,4,351,equity_delta_bridge,18,-0.0103971,61,False
polymarket:2589811,SPY,up_on_yes,macro_fed,live_history,tested,,721,432,37,252,fig_stress,75,37,0.175438,-13.7219,-0.15664,,0.957478,0.973381,9,-0.0128199,0.94145,6,513,macro_fed_hedge,0,-0.012739,721,False
polymarket:4985072,IBIT,up_on_yes,crypto,live_history,tested,,169,101,9,59,equity_delta_bridge,81,31,0.216706,-0.20962,-0.0341479,,0.2945,0.397935,57,0.00448115,0.2956,3,270,equity_delta_bridge,52,0.0867737,164,False
polymarket:5062265,IBIT,up_on_yes,crypto,live_history,tested,,133,79,7,47,crypto_reg_hedge,2,39,-0.0206319,-0.0808361,-0.111667,,0.0653913,0.0558968,21,-0.0632936,0.122641,3,270,crypto_reg_hedge,2,-0.00921633,128,False
polymarket:5126781,VRT,down_on_yes,tech_regulation,live_history,tested,,96,57,5,34,tech_reg_hedge,63,37,0.0155657,-0.238269,-0.105502,,0.143182,0.0909403,20,0,0.234107,3,270,tech_reg_hedge,69,0.0249156,91,False
polymarket:5062275,COIN,down_on_yes,crypto,live_history,tested,,132,79,7,46,crypto_reg_hedge,20,39,0.00750781,-0.0557935,-0.080436,,0.0276,0.00168208,9,0,0.131577,3,270,crypto_reg_hedge,1,-0.00167206,127,False
polymarket:5179177,VRT,down_on_yes,tech_regulation,live_history,tested,never hedged on test (0 by construction),49,29,3,17,tech_reg_hedge,69,37,0.0576769,0,0,never hedged on test (0 by construction),0,,17,0,0.378571,3,270,tech_reg_hedge,78,0.0870596,44,False
polymarket:5180113,IBIT,up_on_yes,crypto,live_history,tested,never hedged on test (0 by construction),48,28,3,17,crypto_reg_hedge,15,39,0.00079839,0,0,never hedged on test (0 by construction),0,,17,0,0.26963,3,270,crypto_reg_hedge,7,0.134016,44,False
polymarket:5126778,VRT,down_on_yes,tech_regulation,live_history,tested,,95,57,5,33,tech_reg_hedge,63,37,0.0282763,-0.218663,-0.0977256,,0.134063,0.0861883,19,0,0.270268,3,270,tech_reg_hedge,69,0.0219631,91,False
polymarket:3215007,IWM,down_on_yes,macro_fed,live_history,tested,,721,432,37,252,macro_fed_hedge,55,39,0.161448,0.0514989,0.0300473,,0.0903984,0.215234,72,0.0549718,0.261984,5,432,macro_fed_hedge,54,0.0364912,721,False
polymarket:5062278,COIN,down_on_yes,crypto,live_history,tested,never hedged on test (0 by construction),132,79,7,46,crypto_reg_hedge,11,39,0.00485584,0,-0.0298888,,0,0,0,0,0.0608077,3,270,crypto_reg_hedge,11,0.00252851,127,False
polymarket:4662694,AMZN,down_on_yes,company_specific,live_history,tested,,379,227,19,133,tech_reg_hedge,0,37,-0.000222438,-0.00109291,-0.00253334,,0.0363409,0.0703462,17,0,0.0289425,3,270,tech_reg_hedge,3,-7.29564e-05,374,False
polymarket:4662696,SMR,down_on_yes,corporate_8k,live_history,tested,,377,226,19,132,equity_delta_bridge,0,31,-0.00631756,-0.0026052,-0.00558229,,0.0193969,0.0359125,23,0,0.0177333,2,189,equity_delta_bridge,0,-0.00393284,373,False
polymarket:4906127,XLE,down_on_yes,company_specific,live_history,tested,,220,132,11,77,tech_reg_hedge,71,37,0.00763411,0.0100471,0.00459686,,0.115526,0.225566,10,0.0229857,0.189198,3,270,equity_delta_bridge,24,0.00394707,215,False
polymarket:567621,TSM,down_on_yes,geopolitics_energy,live_history,tested,,721,432,37,252,equity_delta_bridge,6,31,0.0024219,-0.00309771,0.000487171,,0.00942231,0.0157162,3,0.00266986,0.00719258,4,351,equity_delta_bridge,0,-0.000326351,721,False
polymarket:4641065,XLE,down_on_yes,geopolitics_energy,live_history,tested,,384,230,20,134,equity_delta_bridge,101,31,0.112474,-0.933233,-0.214255,,0.526316,0.566227,17,-0.0694558,0.571354,4,351,equity_delta_bridge,101,0.0657666,379,False
polymarket:1107582,XLE,up_on_yes,geopolitics_energy,live_history,tested,,720,432,36,252,stress_lead_hedge,1,39,0.00165054,-0.0626269,-0.419453,,0.405331,0.624222,56,-0.0540569,0.426594,4,351,equity_delta_bridge,9,-0.00210216,720,False
polymarket:4985083,COIN,up_on_yes,crypto,live_history,tested,,168,100,9,59,crypto_reg_hedge,47,39,0.251975,0.0180853,-0.304079,,0.619034,0.85749,17,0.0566416,0.34897,3,270,equity_delta_bridge,45,0.13125,163,False
polymarket:666861,SPY,down_on_yes,elections,live_history,tested,,721,432,37,252,equity_delta_bridge,90,31,0.000210392,0.000556188,0.000704264,,0.053247,0.104157,9,0.00105136,0.0548724,4,351,equity_delta_bridge,0,-0.00048894,721,False
polymarket:4985077,COIN,up_on_yes,crypto,live_history,tested,,168,100,9,59,crypto_reg_hedge,47,39,0.25119,-0.110873,-0.0518331,,0.361397,0.54697,44,0.0403292,0.315929,3,270,crypto_reg_hedge,23,0.0968238,163,False
polymarket:4985067,COIN,up_on_yes,crypto,live_history,tested,,169,101,9,59,equity_delta_bridge,81,31,0.131104,-0.000323421,0,never hedged on test (0 by construction),0.0433966,0.0846139,54,0.0138276,0.14465,3,270,equity_delta_bridge,87,0.0687517,164,False
polymarket:5062327,COIN,down_on_yes,crypto,live_history,tested,,132,79,7,46,crypto_reg_hedge,11,39,-0.00380413,-0.0597248,-0.0636975,,0.0293333,0.00153388,14,0,0.0846538,3,270,crypto_reg_hedge,11,-0.00257172,127,False
polymarket:3554657,GOOGL,down_on_yes,company_specific,live_history,tested,,721,432,37,252,equity_delta_bridge,105,31,0.0516787,-6.07402,-0.233406,,0.856793,0.854924,10,-0.0386523,0.616717,3,270,equity_delta_bridge,69,0.0428032,721,False
polymarket:5170731,COIN,up_on_yes,crypto,live_history,tested,never hedged on test (0 by construction),59,35,3,21,equity_delta_bridge,93,31,0.247305,0,0,never hedged on test (0 by construction),0,0,3,0,0.656912,3,270,equity_delta_bridge,75,0.0778405,54,False
polymarket:4662584,MSFT,down_on_yes,company_specific,live_history,tested,,378,226,19,133,tech_reg_hedge,54,37,0.00574434,0.00352387,-0.000233939,,0.0652652,0.12935,26,0.00369762,0.0698889,3,270,tech_reg_hedge,54,0.00453866,373,False
polymarket:1535973,XLE,down_on_yes,geopolitics_energy,live_history,tested,,717,430,36,251,equity_delta_bridge,84,31,0.00193049,0.00963778,0.0042179,,0.10934,0.21437,16,0.00963778,0.151259,4,351,equity_delta_bridge,89,0.0100012,717,False
polymarket:5179176,EQIX,down_on_yes,tech_regulation,live_history,tested,never hedged on test (0 by construction),49,29,3,17,tech_reg_hedge,0,37,-0.0254054,0,0,never hedged on test (0 by construction),0,,17,0,0.0946429,3,270,tech_reg_hedge,9,-0.0265312,44,False
polymarket:2126461,XLE,up_on_yes,geopolitics_energy,live_history,tested,,720,432,36,252,equity_delta_bridge,68,31,0.0161343,-0.268559,-0.065159,,0.64694,0.841873,10,-0.0160211,0.654246,4,351,equity_delta_bridge,5,-0.000665254,720,False
polymarket:3399459,XLE,down_on_yes,geopolitics_energy,live_history,tested,,717,430,36,251,stress_lead_hedge,35,39,0.0312181,-0.231578,-0.380874,,0.60474,0.80759,12,-0.0577821,0.552825,4,351,equity_delta_bridge,18,-0.00165288,717,False
polymarket:5170746,COIN,down_on_yes,crypto,live_history,tested,never hedged on test (0 by construction),59,35,3,21,equity_delta_bridge,93,31,0.00760503,0,0,never hedged on test (0 by construction),0,0,1,0,0.0206471,3,270,equity_delta_bridge,93,0.00307982,54,False
polymarket:3128888,XLE,down_on_yes,company_specific,live_history,tested,,720,432,36,252,tech_reg_hedge,68,37,0.0138903,-0.0457502,-0.0111325,,0.310598,0.50298,159,-0.0038917,0.352088,3,270,tech_reg_hedge,68,0.00682244,720,False
polymarket:4824013,VLO,down_on_yes,tariffs_trade,live_history,tested,,283,169,15,99,equity_delta_bridge,90,31,0.0692443,0.0322296,0.00978334,,0.11352,0.239481,52,0.0466899,0.156607,3,270,equity_delta_bridge,90,0.0733079,278,False
polymarket:560317,SPY,up_on_yes,elections,live_history,tested,,721,432,37,252,election_hedge,78,46,0.00643356,-1.6026,-0.0299466,,0.886805,0.966652,9,0.00175813,0.868121,3,270,election_hedge,18,-0.0105494,721,False
polymarket:3491459,XLE,down_on_yes,geopolitics_energy,live_history,tested,,721,432,37,252,equity_delta_bridge,66,31,0.00616873,-0.00406461,-0.00149768,,0.0355259,0.0660088,5,0.0054787,0.0203991,4,351,equity_delta_bridge,66,0.00332515,721,False
polymarket:4620900,TLT,down_on_yes,macro_fed,live_history,tested,,406,243,21,142,equity_delta_bridge,60,31,0.272307,-0.244923,-1.49769e-05,,0.570433,0.770277,26,0.0180284,0.285591,5,432,equity_delta_bridge,75,0.256632,401,False
polymarket:3215008,TLT,down_on_yes,macro_fed,live_history,tested,,720,432,36,252,macro_fed_hedge,0,39,-0.00563648,-0.00607899,-0.0257538,,0.173869,0.313358,35,-0.00527652,0.131995,6,513,fig_stress,78,0.0325619,720,False
polymarket:3554659,GOOGL,up_on_yes,company_specific,live_history,tested,,721,432,37,252,tech_reg_hedge,27,37,0.0169875,-0.153745,-0.176474,,0.36998,0.54205,109,-0.0345325,0.428436,3,270,equity_delta_bridge,42,0.0794437,721,False
polymarket:562829,SPY,down_on_yes,elections,live_history,tested,,721,432,37,252,equity_delta_bridge,54,31,0.00352009,-0.000146736,0,never hedged on test (0 by construction),0.00948207,0.0187303,1,0.000109201,0.00617169,3,270,equity_delta_bridge,54,0.00150279,721,False
polymarket:5130978,XLE,down_on_yes,geopolitics_energy,live_history,tested,,96,57,5,34,stress_lead_hedge,30,39,0.0733639,-2.53021,-2.53021,,0.487455,0.0726038,11,-0.997084,0.424411,4,351,stress_lead_hedge,33,0.067915,91,False
polymarket:5062258,COIN,up_on_yes,crypto,live_history,tested,,133,79,7,47,crypto_reg_hedge,2,39,-0.0400425,-0.0180471,-0.226873,,0.0716087,0.122535,40,-0.0180471,0.215731,3,270,crypto_reg_hedge,2,-0.0272781,128,False
polymarket:5170771,COIN,up_on_yes,crypto,live_history,tested,never hedged on test (0 by construction),59,35,3,21,equity_delta_bridge,102,31,0.219819,0,0,never hedged on test (0 by construction),0,0,9,0,0.422794,3,270,crypto_reg_hedge,41,0.0725058,54,False
polymarket:4985100,COIN,up_on_yes,crypto,live_history,tested,,169,101,9,59,crypto_reg_hedge,73,39,0.242329,-2.56697,-0.657981,,0.875793,0.944971,8,0.0670246,0.32075,3,270,equity_delta_bridge,27,0.139071,164,False
polymarket:701494,COIN,up_on_yes,crypto,live_history,tested,,720,432,36,252,equity_delta_bridge,83,31,0.196476,-3.84759,-0.0495075,,0.858247,0.902593,97,-0.0086415,0.905847,3,270,equity_delta_bridge,0,-0.0195488,720,False
polymarket:5130977,XLE,down_on_yes,geopolitics_energy,live_history,tested,,96,57,5,34,stress_lead_hedge,27,39,0.0685396,-3.06985,-2.86759,,0.517121,0.0510255,29,-1.25583,0.4645,4,351,stress_lead_hedge,30,0.060178,91,False
polymarket:5123850,AEP,down_on_yes,tech_regulation,live_history,tested,,99,59,5,35,tech_reg_hedge,6,37,-0.0111159,-0.0301217,-0.102626,,0.0397059,0.050058,8,-0.0301217,0.0974138,3,270,tech_reg_hedge,15,0.00160387,94,False
polymarket:5170773,ETHA,up_on_yes,crypto,live_history,tested,never hedged on test (0 by construction),60,36,3,21,equity_delta_bridge,93,31,0.0762247,0,0,never hedged on test (0 by construction),0,0,14,0,0.148571,3,270,crypto_reg_hedge,41,0.0418089,55,False
polymarket:4985089,IBIT,up_on_yes,crypto,live_history,tested,,168,100,9,59,crypto_reg_hedge,47,39,0.291465,0.157397,-1.18636,,0.639259,0.890348,8,0.219068,0.298727,3,270,crypto_reg_hedge,19,0.118291,163,False
polymarket:5062280,IBIT,down_on_yes,crypto,live_history,tested,never hedged on test (0 by construction),132,79,7,46,equity_delta_bridge,102,31,0.0113241,0,0,never hedged on test (0 by construction),0,0,1,0,0.0630769,3,270,equity_delta_bridge,102,0.0042988,127,False
polymarket:5062325,ETHA,up_on_yes,crypto,live_history,tested,,132,79,7,46,crypto_reg_hedge,1,39,-0.0191158,-0.0754818,-0.110598,,0.0636222,0.057014,20,-0.0374159,0.0614872,3,270,crypto_reg_hedge,1,-0.0206982,127,False
polymarket:5170730,IBIT,up_on_yes,crypto,live_history,tested,never hedged on test (0 by construction),60,36,3,21,equity_delta_bridge,72,31,0.347589,0,0,never hedged on test (0 by construction),0,0,21,0,0.526886,3,270,equity_delta_bridge,72,0.18928,55,False
polymarket:701502,IBIT,down_on_yes,crypto,live_history,tested,,717,430,36,251,equity_delta_bridge,93,31,0.000545938,-0.00571879,-0.00275831,,0.03808,0.0694184,6,0.00114699,0.0745944,3,270,equity_delta_bridge,93,0.00532534,717,False
polymarket:701496,IBIT,up_on_yes,crypto,live_history,tested,,720,432,36,252,crypto_reg_hedge,65,39,0.0948316,-0.00499027,-0.0835526,,0.592749,0.833319,22,0.0424774,0.745128,3,270,crypto_reg_hedge,13,0.0339548,720,False
polymarket:5126792,AEE,down_on_yes,tech_regulation,live_history,tested,,97,58,5,34,tech_reg_hedge,57,37,0.0717307,-0.247525,-0.0926592,,0.143636,0.0851165,23,0,0.186491,3,270,equity_delta_bridge,84,0.0696571,92,False
polymarket:5126795,ETR,down_on_yes,tech_regulation,live_history,tested,,96,57,5,34,tech_reg_hedge,60,37,0.0266074,-0.126369,-0.0899266,,0.080303,0.0472688,16,0,0.158929,3,270,tech_reg_hedge,54,0.0340123,91,False
polymarket:5170728,IBIT,up_on_yes,crypto,live_history,tested,never hedged on test (0 by construction),59,35,3,21,crypto_reg_hedge,50,39,0.44471,0,0,never hedged on test (0 by construction),0,0,21,0,0.612882,3,270,equity_delta_bridge,63,0.204412,54,False
polymarket:4984993,ETHA,up_on_yes,crypto,live_history,tested,,168,100,9,59,crypto_reg_hedge,21,39,0.15959,0.0851923,0.0764793,,0.517224,0.786783,34,0.0962809,0.263394,3,270,crypto_reg_hedge,38,0.067165,163,False
polymarket:5170740,IBIT,down_on_yes,crypto,live_history,tested,never hedged on test (0 by construction),59,35,3,21,equity_delta_bridge,102,31,0.144263,0,0,never hedged on test (0 by construction),0,0,6,0,0.18,3,270,equity_delta_bridge,102,0.0865102,54,False
polymarket:4936105,XLE,down_on_yes,geopolitics_energy,live_history,tested,,205,123,11,71,equity_delta_bridge,25,31,-0.0135558,-0.0137184,-0.0469102,,0.0678571,0.11919,7,-0.00957325,0.0807869,4,351,equity_delta_bridge,25,-0.0052128,200,False
polymarket:3501950,XLE,down_on_yes,geopolitics_energy,live_history,tested,,717,430,36,251,equity_delta_bridge,33,31,0.000287089,-0.016626,-0.0155609,,0.038056,0.0592791,12,0.00748485,0.0367925,4,351,equity_delta_bridge,72,0.00251615,717,False
polymarket:5180122,ETHA,up_on_yes,crypto,live_history,tested,never hedged on test (0 by construction),49,29,3,17,crypto_reg_hedge,1,39,-0.0233379,0,0,never hedged on test (0 by construction),0,,17,0,0.222429,3,270,crypto_reg_hedge,56,0.152656,44,False
polymarket:701548,ETHA,up_on_yes,crypto,live_history,tested,,717,430,36,251,equity_delta_bridge,81,31,0.0181737,-0.233321,0.0109067,,0.80278,0.952029,30,0.0154725,0.847063,3,270,equity_delta_bridge,77,0.0296697,717,False
polymarket:5170744,IBIT,down_on_yes,crypto,live_history,tested,never hedged on test (0 by construction),59,35,3,21,equity_delta_bridge,81,31,0.0138004,0,0,never hedged on test (0 by construction),0,0,21,0,0.0345882,3,270,equity_delta_bridge,81,0.0116086,54,False
polymarket:5170772,ETHA,up_on_yes,crypto,live_history,tested,never hedged on test (0 by construction),59,35,3,21,equity_delta_bridge,92,31,0.102095,0,0,never hedged on test (0 by construction),0,0,21,0,0.295441,3,270,equity_delta_bridge,18,0.0105498,54,False
polymarket:5062323,ETHA,up_on_yes,crypto,live_history,tested,,133,79,7,47,crypto_reg_hedge,0,39,-0.0514557,-0.15524,-1.13528,,0.153109,0.171433,22,-0.117112,0.127154,3,270,crypto_reg_hedge,1,-0.0575903,128,False
polymarket:5036103,IBIT,up_on_yes,crypto,live_history,tested,,144,86,8,50,crypto_reg_hedge,47,39,0.0221938,0.000855846,0.0361153,,0.196265,0.354563,25,0.0864947,0.285929,3,270,crypto_reg_hedge,29,0.0144017,139,False
polymarket:5036098,IBIT,up_on_yes,crypto,live_history,tested,,144,86,8,50,crypto_reg_hedge,74,39,0.0278773,0.0452922,0.0145124,,0.055898,0.149042,17,0.0452922,0.176059,3,270,crypto_reg_hedge,74,0.0315934,139,False
polymarket:4713962,ITA,up_on_yes,geopolitics_energy,live_history,tested,,352,211,18,123,energy_geo_hedge,54,39,0.630513,-0.418305,-0.0221241,,0.879467,0.979395,39,-0.00147495,0.585262,4,351,energy_geo_hedge,54,0.50795,347,False
polymarket:4985057,IBIT,up_on_yes,crypto,live_history,tested,never hedged on test (0 by construction),169,101,9,59,equity_delta_bridge,101,31,0.0255933,0,0,never hedged on test (0 by construction),0,0,0,0.0047242,0.03025,3,270,equity_delta_bridge,72,0.0187494,164,False
polymarket:5170732,IBIT,up_on_yes,crypto,live_history,tested,never hedged on test (0 by construction),59,35,3,21,equity_delta_bridge,102,31,0.441311,0,0,never hedged on test (0 by construction),0,0,10,0,0.589118,3,270,crypto_reg_hedge,40,0.216392,54,False
polymarket:4951230,XLE,down_on_yes,geopolitics_energy,live_history,tested,,191,114,10,67,equity_delta_bridge,29,31,0.0180161,-0.00066344,-0.00108603,,0.0115909,0.0223993,16,0,0.154035,4,351,equity_delta_bridge,6,-0.0031425,186,False
polymarket:4662695,AMZN,down_on_yes,company_specific,live_history,tested,,378,226,19,133,tech_reg_hedge,0,37,-0.00039113,-0.00081531,-0.00227627,,0.0462121,0.089547,17,-0.00081531,0.0457333,3,270,tech_reg_hedge,3,-0.000175395,373,False
polymarket:2774057,XLE,down_on_yes,geopolitics_energy,live_history,tested,never hedged on test (0 by construction),720,432,36,252,equity_delta_bridge,85,31,0.00392578,0,0,never hedged on test (0 by construction),0,0,0,0,0.0230719,4,351,equity_delta_bridge,85,0.00315778,720,False
polymarket:562794,XLE,up_on_yes,elections,live_history,tested,,718,430,36,252,equity_delta_bridge,48,31,0.00124185,-0.0318114,-0.0318114,,0.316239,0.517598,10,-0.00998909,0.252643,3,270,equity_delta_bridge,18,-0.000996106,718,False
polymarket:5170734,MSTR,up_on_yes,crypto,live_history,tested,never hedged on test (0 by construction),59,35,3,21,equity_delta_bridge,15,31,0.00613024,0,0,never hedged on test (0 by construction),0,0,14,0,0.100618,3,270,equity_delta_bridge,15,0.00531556,54,False
polymarket:1090496,ITA,up_on_yes,geopolitics_energy,live_history,tested,,721,432,37,252,equity_delta_bridge,96,31,0.0140639,-0.514653,-0.0556103,,0.690418,0.854834,13,-0.0132785,0.765847,4,351,equity_delta_bridge,33,0.00312125,721,False
polymarket:5170745,MSTR,down_on_yes,crypto,live_history,tested,never hedged on test (0 by construction),60,36,3,21,equity_delta_bridge,90,31,0.00333411,0,0,never hedged on test (0 by construction),0,0,21,0,0.0254571,3,270,equity_delta_bridge,0,0.000666273,55,False
polymarket:4885967,XLE,down_on_yes,geopolitics_energy,live_history,tested,,238,142,12,84,equity_delta_bridge,9,31,-0.018615,0.0141497,0.058406,,0.0811325,0.167629,10,0.128204,0.120355,4,351,equity_delta_bridge,15,0.0047887,233,False
polymarket:5170743,MSTR,down_on_yes,crypto,live_history,tested,never hedged on test (0 by construction),59,35,3,21,equity_delta_bridge,84,31,0.010136,0,0,never hedged on test (0 by construction),0,0,5,0,0.0458824,3,270,equity_delta_bridge,84,0.00521176,54,False
polymarket:4936100,XLE,up_on_yes,geopolitics_energy,live_history,tested,,204,122,11,71,equity_delta_bridge,9,31,-0.0501483,-0.015572,-0.0646805,,0.240514,0.414199,2,-0.015572,0.206413,4,351,equity_delta_bridge,12,0.00148048,199,False
polymarket:3554662,GOOGL,down_on_yes,company_specific,live_history,tested,never hedged on test (0 by construction),720,432,36,252,equity_delta_bridge,21,31,0.000559726,0,-0.00253053,,0,0,0,0,0.0335313,3,270,tech_reg_hedge,6,-0.00236786,720,False
polymarket:2467206,MSTR,up_on_yes,crypto,live_history,tested,,719,431,36,252,crypto_reg_hedge,32,39,0.0898766,0.0190584,-0.0364474,,0.358092,0.595807,146,0.0277109,0.510447,3,270,crypto_reg_hedge,4,0.0176495,719,False
polymarket:5126794,DLR,down_on_yes,tech_regulation,live_history,tested,,96,57,5,34,equity_delta_bridge,84,31,0.00319815,-0.0679224,-0.0330246,,0.0531818,0.0426453,9,0,0.201339,3,270,tech_reg_hedge,57,0.00459833,91,False
polymarket:5062329,COIN,down_on_yes,crypto,live_history,tested,never hedged on test (0 by construction),133,79,7,47,equity_delta_bridge,9,31,4.93049e-05,0,-0.0156776,,0,0,0,0,0.0413077,3,270,equity_delta_bridge,9,5.90051e-05,128,False
polymarket:3554658,META,up_on_yes,company_specific,live_history,tested,,718,430,36,252,tech_reg_hedge,60,37,0.388789,-7.65333,-0.395045,,0.797012,0.643447,130,-0.0923578,0.752331,3,270,tech_reg_hedge,18,-0.0142882,718,False
polymarket:701488,MSTR,up_on_yes,crypto,live_history,tested,,719,431,36,252,equity_delta_bridge,0,31,0.000292118,0.000586058,-0.0148702,,0.236215,0.416975,10,0.000586058,0.247423,3,270,equity_delta_bridge,0,-0.0231758,719,False
polymarket:4412200,MSFT,up_on_yes,company_specific,live_history,tested,,577,346,29,202,tech_reg_hedge,69,37,0.0449143,-4.0674,-0.588354,,0.679453,0.479322,26,-0.167289,0.414333,3,270,tech_reg_hedge,69,0.0589388,572,False
polymarket:3399450,XLE,down_on_yes,geopolitics_energy,live_history,tested,,720,432,36,252,energy_geo_hedge,55,39,0.000113509,-0.00155424,0.000402447,,0.033745,0.0649002,10,0.000402447,0.0548724,4,351,equity_delta_bridge,84,0.0055313,720,False
polymarket:5170729,MSTR,up_on_yes,crypto,live_history,tested,never hedged on test (0 by construction),59,35,3,21,crypto_reg_hedge,74,39,0.163555,0,0,never hedged on test (0 by construction),0,0,21,0,0.303824,3,270,crypto_reg_hedge,2,-0.00602916,54,False
polymarket:1345531,MSTR,up_on_yes,crypto,live_history,tested,,719,431,36,252,crypto_reg_hedge,8,39,0.0733942,-0.00265602,-0.0417775,,0.101064,0.189767,67,0.00193463,0.25683,3,270,crypto_reg_hedge,8,0.0193925,719,False
polymarket:3399468,XLE,down_on_yes,geopolitics_energy,live_history,tested,,718,430,36,252,energy_geo_hedge,28,39,0.00443458,-0.0939424,-0.0823047,,0.493355,0.719196,74,-0.0229254,0.471741,4,351,equity_delta_bridge,15,-0.00131054,718,False
polymarket:5062285,MSTR,down_on_yes,crypto,live_history,tested,never hedged on test (0 by construction),133,79,7,47,crypto_reg_hedge,25,39,0.00419678,0,0,never hedged on test (0 by construction),0,0,0,0,0.0258077,3,270,crypto_reg_hedge,25,0.00346403,128,False
polymarket:4936101,XLE,up_on_yes,geopolitics_energy,live_history,tested,,205,123,11,71,equity_delta_bridge,15,31,-0.0152725,-0.0510529,-0.168179,,0.170714,0.277175,10,-0.039245,0.0283279,4,351,equity_delta_bridge,8,0.0284044,200,False
kalshi:KXOAIANTH-40-OAI,MSFT,up_on_yes,company_specific,live_history,tested,,435,261,22,152,tech_reg_hedge,15,37,-0.0684111,-0.0564806,-0.224946,,0.189404,0.305823,9,-0.0408278,0.195385,3,270,tech_reg_hedge,15,-0.0414272,438,False
kalshi:KXFUSION-30-JAN01,CCJ,down_on_yes,geopolitics_energy,live_history,tested,,214,128,11,75,stress_lead_hedge,54,39,0.0700795,-0.220235,-0.137718,,0.27973,0.366955,10,-0.0779253,0.245827,4,351,stress_lead_hedge,54,0.00958348,214,False
kalshi:KXGDPYEAR-36-T0.1,SPY,up_on_yes,macro_fed,live_history,tested,,148,88,8,52,macro_fed_hedge,45,39,0.130023,-0.154948,-0.154948,,0.417608,0.608264,7,-0.0386499,0.379034,5,432,macro_fed_hedge,1,0.00863255,151,False
kalshi:KXFEDFUNDSYEAR-37JAN01-T1.00,TLT,down_on_yes,macro_fed,live_history,tested,,76,45,4,27,equity_delta_bridge,0,31,-0.0123311,-0.0203288,-0.0677861,,0.169231,0.295792,2,-0.0203288,0.172,5,432,macro_fed_hedge,56,0.229532,76,False
kalshi:KXGDPYEAR-35-T0.1,SPY,up_on_yes,macro_fed,live_history,tested,,196,117,10,69,stress_lead_hedge,58,39,0.367311,-0.20857,0.0545447,,0.731618,0.912948,21,0.0986271,0.606595,5,432,macro_fed_hedge,36,0.0759552,197,False
kalshi:KXFEDFUNDSYEAR-36JAN01-T1.00,TLT,down_on_yes,macro_fed,live_history,tested,,161,96,9,56,macro_fed_hedge,54,39,0.273849,0.0965918,0.261432,,0.533636,0.803513,19,0.47085,0.450737,5,432,macro_fed_hedge,64,0.311993,162,False
kalshi:KXGDPYEAR-34-T0.1,SPY,up_on_yes,macro_fed,live_history,tested,,231,138,12,81,stress_lead_hedge,58,39,0.383553,-2.4974,-0.618582,,0.809688,0.873328,25,-0.0533535,0.677482,5,432,stress_lead_hedge,0,6.86496e-05,233,False
kalshi:KXFEDFUNDSYEAR-35JAN01-T1.00,TLT,down_on_yes,macro_fed,live_history,tested,,99,59,5,35,equity_delta_bridge,18,31,-0.000974362,-0.0265998,-0.0822661,,0.165971,0.285892,2,-0.0265998,0.19819,5,432,macro_fed_hedge,65,0.293287,99,False
kalshi:KXGDPYEAR-33-T0.1,SPY,up_on_yes,macro_fed,live_history,tested,,31,18,2,11,equity_delta_bridge,0,31,-0.105911,-0.261476,-0.84974,,0.2034,0.199503,2,-0.261476,0.119647,5,432,macro_fed_hedge,0,-0.0139757,31,False
