kind,family,ticker,event_date,atm_volume,threshold,liquid
event,opportunity,C,2022-01-11,552.0,558.6000000000001,False
event,opportunity,CVS,2022-01-11,243.0,558.6000000000001,False
event,opportunity,CL,2022-01-28,1.0,558.6000000000001,False
event,hedge,GE,2022-02-10,102.0,166.20000000000005,False
event,hedge,NEE,2022-02-18,4.0,166.20000000000005,False
event,opportunity,ACN,2022-03-03,6.0,558.6000000000001,False
event,opportunity,XOM,2022-03-03,334.0,558.6000000000001,False
event,opportunity,KO,2022-03-08,51.0,558.6000000000001,False
event,hedge,DUK,2022-03-15,16.0,166.20000000000005,False
event,opportunity,PM,2022-03-24,1.0,558.6000000000001,False
event,opportunity,T,2022-04-18,78.0,558.6000000000001,False
event,opportunity,MCD,2022-05-16,50.0,558.6000000000001,False
event,opportunity,MDT,2022-05-26,161.0,558.6000000000001,False
event,hedge,FDX,2022-06-01,14.0,166.20000000000005,False
event,hedge,WMT,2022-06-28,65.0,166.20000000000005,False
event,hedge,TMUS,2022-07-22,38.0,166.20000000000005,False
event,hedge,WMT,2022-08-17,254.0,166.20000000000005,True
event,opportunity,C,2022-08-25,32.0,558.6000000000001,False
event,hedge,SO,2022-09-30,1.0,166.20000000000005,False
event,hedge,FDX,2022-11-01,16.0,166.20000000000005,False
event,opportunity,META,2022-11-09,3512.0,558.6000000000001,True
event,opportunity,CSCO,2022-11-16,439.0,558.6000000000001,False
event,hedge,BA,2022-12-12,296.0,166.20000000000005,True
event,hedge,AIG,2022-12-14,100.0,166.20000000000005,False
event,hedge,WFC,2022-12-20,264.0,166.20000000000005,True
placebo,hedge,WFC,2022-06-10,59.0,166.20000000000005,False
placebo,hedge,SO,2022-08-10,33.0,166.20000000000005,False
placebo,hedge,SO,2022-06-13,40.0,166.20000000000005,False
placebo,hedge,AIG,2022-08-23,4.0,166.20000000000005,False
placebo,hedge,WMT,2022-12-15,175.0,166.20000000000005,True
placebo,hedge,BA,2022-02-25,559.0,166.20000000000005,True
placebo,hedge,BA,2022-07-26,99.0,166.20000000000005,False
placebo,hedge,NEE,2022-06-10,14.0,166.20000000000005,False
placebo,hedge,T,2022-05-11,4.0,166.20000000000005,False
placebo,hedge,DUK,2022-01-21,46.0,166.20000000000005,False
placebo,hedge,DUK,2022-05-27,770.0,166.20000000000005,True
placebo,hedge,AIG,2022-10-28,1.0,166.20000000000005,False
placebo,hedge,AIG,2022-02-07,5.0,166.20000000000005,False
placebo,hedge,TMUS,2022-12-19,2.0,166.20000000000005,False
placebo,hedge,BA,2022-03-21,164.0,166.20000000000005,False
placebo,hedge,GE,2022-01-04,31.0,166.20000000000005,False
placebo,hedge,BA,2022-09-02,53.0,166.20000000000005,False
placebo,hedge,GE,2022-01-06,287.0,166.20000000000005,True
placebo,hedge,TMUS,2022-04-21,37.0,166.20000000000005,False
placebo,hedge,BA,2022-07-01,121.0,166.20000000000005,False
placebo,hedge,DUK,2022-11-15,36.0,166.20000000000005,False
placebo,hedge,FDX,2022-02-04,35.0,166.20000000000005,False
placebo,hedge,DUK,2022-08-31,29.0,166.20000000000005,False
placebo,hedge,FDX,2022-07-15,52.0,166.20000000000005,False
placebo,hedge,DUK,2022-11-04,0.0,166.20000000000005,False
placebo,hedge,WFC,2022-11-04,38.0,166.20000000000005,False
placebo,hedge,WMT,2022-12-12,430.0,166.20000000000005,True
placebo,hedge,TMUS,2022-12-16,5.0,166.20000000000005,False
placebo,hedge,WMT,2022-04-13,14.0,166.20000000000005,False
placebo,hedge,WMT,2022-02-24,135.0,166.20000000000005,False
placebo,hedge,WFC,2022-10-03,5237.0,166.20000000000005,True
placebo,hedge,BA,2022-03-31,22.0,166.20000000000005,False
placebo,hedge,BA,2022-07-22,69.0,166.20000000000005,False
placebo,hedge,FDX,2022-01-20,3.0,166.20000000000005,False
placebo,hedge,SO,2022-03-09,1.0,166.20000000000005,False
placebo,hedge,FDX,2022-12-20,13.0,166.20000000000005,False
placebo,hedge,WFC,2022-08-24,157.0,166.20000000000005,False
placebo,hedge,TMUS,2022-01-25,6.0,166.20000000000005,False
placebo,hedge,NEE,2022-05-18,90.0,166.20000000000005,False
placebo,hedge,BA,2022-06-01,38.0,166.20000000000005,False
placebo,hedge,NEE,2022-03-21,75.0,166.20000000000005,False
placebo,hedge,AIG,2022-03-30,45.0,166.20000000000005,False
placebo,hedge,WMT,2022-09-20,84.0,166.20000000000005,False
placebo,hedge,T,2022-11-15,1181.0,166.20000000000005,True
placebo,hedge,WMT,2022-10-06,137.0,166.20000000000005,False
placebo,hedge,GE,2022-06-24,142.0,166.20000000000005,False
placebo,hedge,TMUS,2022-04-28,91.0,166.20000000000005,False
placebo,hedge,WFC,2022-06-14,154.0,166.20000000000005,False
placebo,hedge,TMUS,2022-10-03,36.0,166.20000000000005,False
placebo,hedge,BA,2022-01-21,35.0,166.20000000000005,False
placebo,hedge,BA,2022-09-21,43.0,166.20000000000005,False
placebo,hedge,SO,2022-05-17,0.0,166.20000000000005,False
placebo,hedge,WMT,2022-10-20,184.0,166.20000000000005,True
placebo,hedge,TMUS,2022-01-12,17.0,166.20000000000005,False
placebo,hedge,DUK,2022-11-28,18.0,166.20000000000005,False
placebo,hedge,TMUS,2022-02-15,55.0,166.20000000000005,False
placebo,hedge,FDX,2022-12-19,1.0,166.20000000000005,False
placebo,hedge,DUK,2022-02-10,29.0,166.20000000000005,False
placebo,hedge,WFC,2022-08-30,1177.0,166.20000000000005,True
placebo,hedge,T,2022-09-23,455.0,166.20000000000005,True
placebo,hedge,GE,2022-06-07,79.0,166.20000000000005,False
placebo,hedge,NEE,2022-07-13,23.0,166.20000000000005,False
placebo,hedge,WFC,2022-06-08,43.0,166.20000000000005,False
placebo,hedge,SO,2022-11-15,77.0,166.20000000000005,False
placebo,hedge,AIG,2022-09-08,0.0,166.20000000000005,False
placebo,hedge,NEE,2022-05-06,6.0,166.20000000000005,False
placebo,hedge,FDX,2022-01-24,34.0,166.20000000000005,False
placebo,hedge,FDX,2022-08-05,6.0,166.20000000000005,False
placebo,hedge,TMUS,2022-04-13,1.0,166.20000000000005,False
placebo,hedge,T,2022-09-08,912.0,166.20000000000005,True
placebo,hedge,SO,2022-11-10,1.0,166.20000000000005,False
placebo,hedge,BA,2022-05-11,123.0,166.20000000000005,False
placebo,hedge,SO,2022-11-25,1.0,166.20000000000005,False
placebo,hedge,NEE,2022-07-12,30.0,166.20000000000005,False
placebo,hedge,TMUS,2022-10-07,97.0,166.20000000000005,False
placebo,hedge,DUK,2022-10-17,14.0,166.20000000000005,False
placebo,hedge,WFC,2022-02-25,250.0,166.20000000000005,True
placebo,hedge,AIG,2022-06-01,1.0,166.20000000000005,False
placebo,hedge,NEE,2022-12-07,72.0,166.20000000000005,False
placebo,hedge,TMUS,2022-04-25,73.0,166.20000000000005,False
placebo,hedge,WFC,2022-01-04,315.0,166.20000000000005,True
placebo,hedge,FDX,2022-09-29,138.0,166.20000000000005,False
placebo,hedge,T,2022-11-04,323.0,166.20000000000005,True
placebo,hedge,FDX,2022-12-20,13.0,166.20000000000005,False
placebo,hedge,TMUS,2022-01-06,20.0,166.20000000000005,False
placebo,hedge,DUK,2022-08-18,119.0,166.20000000000005,False
placebo,hedge,WMT,2022-10-18,145.0,166.20000000000005,False
placebo,hedge,FDX,2022-12-14,9.0,166.20000000000005,False
placebo,hedge,WMT,2022-09-23,241.0,166.20000000000005,True
placebo,hedge,SO,2022-03-24,132.0,166.20000000000005,False
placebo,hedge,FDX,2022-03-14,4.0,166.20000000000005,False
placebo,hedge,SO,2022-03-15,0.0,166.20000000000005,False
placebo,hedge,WMT,2022-11-29,297.0,166.20000000000005,True
placebo,hedge,GE,2022-05-13,42.0,166.20000000000005,False
placebo,hedge,SO,2022-05-25,7.0,166.20000000000005,False
placebo,hedge,WMT,2022-05-06,288.0,166.20000000000005,True
placebo,hedge,WMT,2022-04-25,1298.0,166.20000000000005,True
placebo,hedge,FDX,2022-12-12,12.0,166.20000000000005,False
placebo,hedge,NEE,2022-11-11,34.0,166.20000000000005,False
placebo,hedge,GE,2022-07-29,119.0,166.20000000000005,False
placebo,hedge,FDX,2022-12-27,5.0,166.20000000000005,False
placebo,hedge,BA,2022-05-05,54.0,166.20000000000005,False
placebo,hedge,WMT,2022-02-22,62.0,166.20000000000005,False
placebo,hedge,FDX,2022-04-11,29.0,166.20000000000005,False
placebo,hedge,WMT,2022-02-03,265.0,166.20000000000005,True
placebo,hedge,WFC,2022-03-22,5.0,166.20000000000005,False
placebo,hedge,WMT,2022-03-16,269.0,166.20000000000005,True
placebo,hedge,WMT,2022-12-23,223.0,166.20000000000005,True
placebo,opportunity,CSCO,2022-06-10,132.0,558.6000000000001,False
placebo,opportunity,MCD,2022-08-10,145.0,558.6000000000001,False
placebo,opportunity,META,2022-07-21,83.0,558.6000000000001,False
placebo,opportunity,MCD,2022-09-06,144.0,558.6000000000001,False
placebo,opportunity,T,2022-12-15,321.0,558.6000000000001,False
placebo,opportunity,C,2022-02-25,2639.0,558.6000000000001,True
placebo,opportunity,ACN,2022-07-26,5.0,558.6000000000001,False
placebo,opportunity,C,2022-06-10,81.0,558.6000000000001,False
placebo,opportunity,XOM,2022-05-11,244.0,558.6000000000001,False
placebo,opportunity,ACN,2022-01-21,0.0,558.6000000000001,False
placebo,opportunity,C,2022-05-27,201.0,558.6000000000001,False
placebo,opportunity,PM,2022-12-19,20.0,558.6000000000001,False
placebo,opportunity,C,2022-12-13,41.0,558.6000000000001,False
placebo,opportunity,CVS,2022-03-21,578.0,558.6000000000001,True
placebo,opportunity,C,2022-04-21,49.0,558.6000000000001,False
placebo,opportunity,CVS,2022-07-01,8.0,558.6000000000001,False
placebo,opportunity,PM,2022-11-15,17.0,558.6000000000001,False
placebo,opportunity,C,2022-07-15,14.0,558.6000000000001,False
placebo,opportunity,XOM,2022-11-04,2326.0,558.6000000000001,True
placebo,opportunity,XOM,2022-11-04,2326.0,558.6000000000001,True
placebo,opportunity,ACN,2022-06-28,64.0,558.6000000000001,False
placebo,opportunity,T,2022-12-12,50.0,558.6000000000001,False
placebo,opportunity,ACN,2022-08-11,12.0,558.6000000000001,False
placebo,opportunity,CSCO,2022-07-28,73.0,558.6000000000001,False
placebo,opportunity,PM,2022-07-27,3.0,558.6000000000001,False
placebo,opportunity,T,2022-12-05,629.0,558.6000000000001,True
placebo,opportunity,MCD,2022-03-31,37.0,558.6000000000001,False
placebo,opportunity,CSCO,2022-05-18,10023.0,558.6000000000001,True
placebo,opportunity,C,2022-11-17,1131.0,558.6000000000001,True
placebo,opportunity,C,2022-12-20,472.0,558.6000000000001,False
placebo,opportunity,MDT,2022-08-24,24.0,558.6000000000001,False
placebo,opportunity,MCD,2022-08-03,22.0,558.6000000000001,False
placebo,opportunity,XOM,2022-07-28,121.0,558.6000000000001,False
placebo,opportunity,CSCO,2022-01-25,812.0,558.6000000000001,True
placebo,opportunity,PM,2022-05-18,16.0,558.6000000000001,False
placebo,opportunity,ACN,2022-12-23,15.0,558.6000000000001,False
placebo,opportunity,C,2022-06-01,77.0,558.6000000000001,False
placebo,opportunity,CL,2022-03-21,179.0,558.6000000000001,False
placebo,opportunity,MCD,2022-09-20,84.0,558.6000000000001,False
placebo,opportunity,CVS,2022-12-20,35.0,558.6000000000001,False
placebo,opportunity,C,2022-11-15,1318.0,558.6000000000001,True
placebo,opportunity,PM,2022-07-28,43.0,558.6000000000001,False
placebo,opportunity,C,2022-06-22,223.0,558.6000000000001,False
placebo,opportunity,CVS,2022-10-06,93.0,558.6000000000001,False
placebo,opportunity,CSCO,2022-10-03,2291.0,558.6000000000001,True
placebo,opportunity,PM,2022-01-21,275.0,558.6000000000001,False
placebo,opportunity,C,2022-05-17,172.0,558.6000000000001,False
placebo,opportunity,META,2022-01-12,29.0,558.6000000000001,False
placebo,opportunity,C,2022-11-28,13.0,558.6000000000001,False
placebo,opportunity,MCD,2022-02-15,99.0,558.6000000000001,False
placebo,opportunity,PM,2022-06-02,28.0,558.6000000000001,False
placebo,opportunity,T,2022-12-19,1169.0,558.6000000000001,True
placebo,opportunity,ACN,2022-08-30,5.0,558.6000000000001,False
placebo,opportunity,PM,2022-09-23,66.0,558.6000000000001,False
placebo,opportunity,KO,2022-06-07,350.0,558.6000000000001,False
placebo,opportunity,ACN,2022-01-31,1.0,558.6000000000001,False
placebo,opportunity,CSCO,2022-07-13,480.0,558.6000000000001,False
placebo,opportunity,C,2022-06-08,196.0,558.6000000000001,False
placebo,opportunity,CVS,2022-11-15,6.0,558.6000000000001,False
placebo,opportunity,CSCO,2022-05-06,139.0,558.6000000000001,False
placebo,opportunity,MDT,2022-01-24,22.0,558.6000000000001,False
placebo,opportunity,META,2022-08-05,234.0,558.6000000000001,False
placebo,opportunity,CL,2022-04-13,1.0,558.6000000000001,False
placebo,opportunity,T,2022-09-08,912.0,558.6000000000001,True
placebo,opportunity,KO,2022-11-10,581.0,558.6000000000001,True
placebo,opportunity,PM,2022-05-11,14.0,558.6000000000001,False
placebo,opportunity,C,2022-11-25,4785.0,558.6000000000001,True
placebo,opportunity,MCD,2022-07-12,71.0,558.6000000000001,False
placebo,opportunity,C,2022-07-15,14.0,558.6000000000001,False
placebo,opportunity,MDT,2022-10-07,26.0,558.6000000000001,False
placebo,opportunity,CL,2022-10-17,3.0,558.6000000000001,False
placebo,opportunity,T,2022-11-29,761.0,558.6000000000001,True
placebo,opportunity,ACN,2022-12-30,2.0,558.6000000000001,False
placebo,opportunity,CSCO,2022-02-25,416.0,558.6000000000001,False
placebo,opportunity,CL,2022-12-07,46.0,558.6000000000001,False
placebo,opportunity,T,2022-01-04,163.0,558.6000000000001,False
placebo,opportunity,CSCO,2022-08-01,191.0,558.6000000000001,False
placebo,opportunity,C,2022-10-03,352.0,558.6000000000001,False
placebo,opportunity,MDT,2022-09-29,647.0,558.6000000000001,True
placebo,opportunity,MCD,2022-10-24,52.0,558.6000000000001,False
placebo,opportunity,C,2022-02-22,591.0,558.6000000000001,True
placebo,opportunity,T,2022-11-04,323.0,558.6000000000001,False
placebo,opportunity,PM,2022-06-03,72.0,558.6000000000001,False
placebo,opportunity,CVS,2022-11-04,791.0,558.6000000000001,True
placebo,opportunity,ACN,2022-10-25,11.0,558.6000000000001,False
placebo,opportunity,T,2022-12-20,704.0,558.6000000000001,True
placebo,opportunity,T,2022-01-06,474.0,558.6000000000001,False
placebo,opportunity,T,2022-11-11,437.0,558.6000000000001,False
placebo,opportunity,MCD,2022-08-18,45.0,558.6000000000001,False
placebo,opportunity,META,2022-06-28,115.0,558.6000000000001,False
placebo,opportunity,MDT,2022-10-18,0.0,558.6000000000001,False
placebo,opportunity,KO,2022-12-14,490.0,558.6000000000001,False
placebo,opportunity,MDT,2022-07-08,50.0,558.6000000000001,False
placebo,opportunity,MCD,2022-02-02,57.0,558.6000000000001,False
placebo,opportunity,CVS,2022-09-23,12.0,558.6000000000001,False
placebo,opportunity,C,2022-03-25,120.0,558.6000000000001,False
placebo,opportunity,MDT,2022-03-24,1.0,558.6000000000001,False
placebo,opportunity,KO,2022-11-29,1334.0,558.6000000000001,True
placebo,opportunity,MCD,2022-02-09,762.0,558.6000000000001,True
placebo,opportunity,XOM,2022-05-25,159.0,558.6000000000001,False
placebo,opportunity,ACN,2022-05-06,42.0,558.6000000000001,False
placebo,opportunity,CL,2022-04-25,89.0,558.6000000000001,False
placebo,opportunity,KO,2022-12-12,308.0,558.6000000000001,False
placebo,opportunity,C,2022-11-11,938.0,558.6000000000001,True
placebo,opportunity,KO,2022-07-29,325.0,558.6000000000001,False
placebo,opportunity,KO,2022-12-27,81.0,558.6000000000001,False
placebo,opportunity,MCD,2022-02-22,50.0,558.6000000000001,False
placebo,opportunity,CSCO,2022-04-11,269.0,558.6000000000001,False
placebo,opportunity,KO,2022-02-03,563.0,558.6000000000001,True
placebo,opportunity,MCD,2022-12-13,786.0,558.6000000000001,True
