rule,window,fee_mult,month,pnl
A,W1,1.0,2025-11,230.80510073174455
A,W1,1.0,2025-12,-68.13314835576335
A,W1,1.0,2026-01,421.57587519327296
A,W1,1.0,2026-02,739.8855089234185
A,W1,1.0,2026-03,8.85574846036214
A,W1,1.0,2026-04,-222.63567656203685
A,W1,1.0,2026-05,613.5449218459985
A,W1,1.0,2026-06,-313.6964515593483
A,W1,1.0,2026-07,793.3281186672916
A,W1,1.0,2026-08,-56.45959852086316
A,W1,1.0,2026-09,-379.2547756903383
A,W1,1.0,2026-10,405.0738513220002
A,W1,2.0,2025-11,230.80510073174455
A,W1,2.0,2025-12,-68.65289935576335
A,W1,2.0,2026-01,420.58169121991295
A,W1,2.0,2026-02,739.8855089234185
A,W1,2.0,2026-03,8.539240181299267
A,W1,2.0,2026-04,-233.8287847815085
A,W1,2.0,2026-05,546.7091454585545
A,W1,2.0,2026-06,-338.68303524023906
A,W1,2.0,2026-07,763.6739689689293
A,W1,2.0,2026-08,-87.34835828981785
A,W1,2.0,2026-09,-391.2497737328591
A,W1,2.0,2026-10,398.51275645246506
A,D1,1.0,2025-11,427.7830415040366
A,D1,1.0,2025-12,-177.9650592580381
A,D1,1.0,2026-01,975.7488979317206
A,D1,1.0,2026-02,1430.4634175378776
A,D1,1.0,2026-03,-72.20738162210999
A,D1,1.0,2026-04,-6.150883820016089
A,D1,1.0,2026-05,1215.2618579041357
A,D1,1.0,2026-06,-53.27185324466663
A,D1,1.0,2026-07,1259.2841734899137
A,D1,1.0,2026-08,362.05419095286453
A,D1,1.0,2026-09,100.90109294043536
A,D1,1.0,2026-10,243.9189945693142
A,D1,2.0,2025-11,427.7830415040366
A,D1,2.0,2025-12,-177.9650592580381
A,D1,2.0,2026-01,972.7025222086769
A,D1,2.0,2026-02,1430.4634175378776
A,D1,2.0,2026-03,-72.690671318913
A,D1,2.0,2026-04,-16.395970014209162
A,D1,2.0,2026-05,1127.7093954777667
A,D1,2.0,2026-06,-102.69499717250602
A,D1,2.0,2026-07,1208.401920300578
A,D1,2.0,2026-08,336.1373037292016
A,D1,2.0,2026-09,80.74002178411311
A,D1,2.0,2026-10,237.57073748016657
A,W2,1.0,2025-11,-113.25569940408138
A,W2,1.0,2025-12,-196.24297765359003
A,W2,1.0,2026-01,579.3167393603031
A,W2,1.0,2026-02,934.263188942562
A,W2,1.0,2026-03,36.736793780729414
A,W2,1.0,2026-04,-120.17092217022527
A,W2,1.0,2026-05,672.0404143643802
A,W2,1.0,2026-06,-14.161137136542129
A,W2,1.0,2026-07,977.8169443036397
A,W2,1.0,2026-08,339.5364365045965
A,W2,1.0,2026-09,-85.49488944537266
A,W2,1.0,2026-10,199.74819735795577
A,W2,2.0,2025-11,-113.25569940408138
A,W2,2.0,2025-12,-196.24297765359003
A,W2,2.0,2026-01,575.8841885962028
A,W2,2.0,2026-02,934.263188942562
A,W2,2.0,2026-03,36.45786345492826
A,W2,2.0,2026-04,-127.943803478084
A,W2,2.0,2026-05,619.5258356585337
A,W2,2.0,2026-06,-53.2530051355938
A,W2,2.0,2026-07,928.82517471928
A,W2,2.0,2026-08,318.29350714203144
A,W2,2.0,2026-09,-98.8309099592903
A,W2,2.0,2026-10,194.0772029907934
B,W1,1.0,2025-11,230.80510073174455
B,W1,1.0,2025-12,-68.13314835576335
B,W1,1.0,2026-01,419.68463242827875
B,W1,1.0,2026-02,739.8855089234185
B,W1,1.0,2026-03,8.85574846036214
B,W1,1.0,2026-04,-222.63567656203685
B,W1,1.0,2026-05,613.5449218459985
B,W1,1.0,2026-06,-313.6964515593483
B,W1,1.0,2026-07,793.3281186672916
B,W1,1.0,2026-08,-56.45959852086316
B,W1,1.0,2026-09,-379.2547756903383
B,W1,1.0,2026-10,405.0738513220002
B,W1,2.0,2025-11,230.80510073174455
B,W1,2.0,2025-12,-68.65289935576335
B,W1,2.0,2026-01,418.69044845491874
B,W1,2.0,2026-02,739.8855089234185
B,W1,2.0,2026-03,8.539240181299267
B,W1,2.0,2026-04,-233.8287847815085
B,W1,2.0,2026-05,546.7091454585545
B,W1,2.0,2026-06,-338.68303524023906
B,W1,2.0,2026-07,763.6739689689293
B,W1,2.0,2026-08,-87.34835828981785
B,W1,2.0,2026-09,-391.2497737328591
B,W1,2.0,2026-10,398.51275645246506
B,D1,1.0,2025-11,361.26107507765767
B,D1,1.0,2025-12,-178.0690552580381
B,D1,1.0,2026-01,967.3152356240946
B,D1,1.0,2026-02,1347.9363525641952
B,D1,1.0,2026-03,-77.57085478661952
B,D1,1.0,2026-04,-108.89862711983157
B,D1,1.0,2026-05,563.3056512196976
B,D1,1.0,2026-06,-168.69810936411105
B,D1,1.0,2026-07,1137.9447633444088
B,D1,1.0,2026-08,94.62448139247915
B,D1,1.0,2026-09,-69.83555980413446
B,D1,1.0,2026-10,243.9189945693142
B,D1,2.0,2025-11,361.26107507765767
B,D1,2.0,2025-12,-178.0730512580381
B,D1,2.0,2026-01,964.2688599010509
B,D1,2.0,2026-02,1347.9363525641952
B,D1,2.0,2026-03,-78.05414448342253
B,D1,2.0,2026-04,-122.18923092152973
B,D1,2.0,2026-05,461.4077806487124
B,D1,2.0,2026-06,-221.2690931447704
B,D1,2.0,2026-07,1085.3632017244124
B,D1,2.0,2026-08,63.89097386988466
B,D1,2.0,2026-09,-92.76663154880961
B,D1,2.0,2026-10,237.57073748016657
B,W2,1.0,2025-11,-113.25569940408138
B,W2,1.0,2025-12,-196.24297765359003
B,W2,1.0,2026-01,579.3167393603031
B,W2,1.0,2026-02,934.263188942562
B,W2,1.0,2026-03,36.736793780729414
B,W2,1.0,2026-04,-119.77125459077546
B,W2,1.0,2026-05,672.2352368036377
B,W2,1.0,2026-06,-14.161137136542129
B,W2,1.0,2026-07,977.8169443036397
B,W2,1.0,2026-08,339.5364365045965
B,W2,1.0,2026-09,-85.7031694504549
B,W2,1.0,2026-10,199.74819735795577
B,W2,2.0,2025-11,-113.25569940408138
B,W2,2.0,2025-12,-196.24297765359003
B,W2,2.0,2026-01,575.8841885962028
B,W2,2.0,2026-02,934.263188942562
B,W2,2.0,2026-03,36.45786345492826
B,W2,2.0,2026-04,-127.56074766535505
B,W2,2.0,2026-05,619.7125490773576
B,W2,2.0,2026-06,-53.2530051355938
B,W2,2.0,2026-07,928.82517471928
B,W2,2.0,2026-08,318.29350714203144
B,W2,2.0,2026-09,-99.0471930201578
B,W2,2.0,2026-10,194.0772029907934
